noise_type,intensity,clean_score,corrupted_score,clean_roc_auc,clean_accuracy,clean_precision,clean_recall,clean_f1,corrupted_roc_auc,corrupted_accuracy,corrupted_precision,corrupted_recall,corrupted_f1,relative_drop,training_time,evaluation_time,total_time,session,cv_type,split_level,subject,model,dataset,mode,eval_mode,seed,tune,batch_size,optimizer__lr,optimizer__weight_decay,module__ncp_hidden_dim,module__drop_prob,module__F1,module__D,module__kernel_length,module__temporal_kernel_size,module__temporal_stride,paradigm,module__sparsity,module__use_ms_block,module__use_snr_gate,module__use_forward_model,module__use_feedback_controller,module__use_delay,module__use_uncertainty_mixer,module__lstm_hidden_size
eog,1.0,0.8508873456790124,0.8508873456790124,0.8508873456790124,0.7986111111111112,0.7311827956989247,0.9444444444444444,0.8242424242424243,0.8508873456790124,0.7986111111111112,0.7311827956989247,0.9444444444444444,0.8242424242424243,0.0,70.67967200279236,0.4279930591583252,71.10766506195068,0train,LeaveOneGroupOut,cross_session,1,branched_diva_ncp,BNCI2014_001,test_perturb,CrossSession,42,False,64.0,0.01,0.0,64.0,0.5,8.0,2.0,125.0,3.0,2.0,MotorImagery,,,,,,,,
eog,6.2105263157894735,0.8508873456790124,0.8298611111111112,0.8508873456790124,0.7986111111111112,0.7311827956989247,0.9444444444444444,0.8242424242424243,0.8298611111111112,0.7847222222222222,0.7252747252747253,0.9166666666666666,0.8098159509202454,0.0247109498979822,70.67967200279236,0.427208662033081,71.10688066482544,0train,LeaveOneGroupOut,cross_session,1,branched_diva_ncp,BNCI2014_001,test_perturb,CrossSession,42,False,64.0,0.01,0.0,64.0,0.5,8.0,2.0,125.0,3.0,2.0,MotorImagery,,,,,,,,
eog,11.421052631578949,0.8508873456790124,0.8236882716049383,0.8508873456790124,0.7986111111111112,0.7311827956989247,0.9444444444444444,0.8242424242424243,0.8236882716049383,0.7916666666666666,0.7386363636363636,0.9027777777777778,0.8125,0.0319655406937202,70.67967200279236,0.4201931953430176,71.09986519813538,0train,LeaveOneGroupOut,cross_session,1,branched_diva_ncp,BNCI2014_001,test_perturb,CrossSession,42,False,64.0,0.01,0.0,64.0,0.5,8.0,2.0,125.0,3.0,2.0,MotorImagery,,,,,,,,
eog,16.63157894736842,0.8508873456790124,0.8308256172839507,0.8508873456790124,0.7986111111111112,0.7311827956989247,0.9444444444444444,0.8242424242424243,0.8308256172839507,0.7708333333333334,0.7241379310344828,0.875,0.7924528301886793,0.0235774200861482,70.67967200279236,0.4857561588287353,71.1654281616211,0train,LeaveOneGroupOut,cross_session,1,branched_diva_ncp,BNCI2014_001,test_perturb,CrossSession,42,False,64.0,0.01,0.0,64.0,0.5,8.0,2.0,125.0,3.0,2.0,MotorImagery,,,,,,,,
eog,21.84210526315789,0.8508873456790124,0.8213734567901234,0.8508873456790124,0.7986111111111112,0.7311827956989247,0.9444444444444444,0.8242424242424243,0.8213734567901234,0.7847222222222222,0.759493670886076,0.8333333333333334,0.7947019867549668,0.034686012242122,70.67967200279236,0.4335451126098633,71.11321711540222,0train,LeaveOneGroupOut,cross_session,1,branched_diva_ncp,BNCI2014_001,test_perturb,CrossSession,42,False,64.0,0.01,0.0,64.0,0.5,8.0,2.0,125.0,3.0,2.0,MotorImagery,,,,,,,,
eog,27.052631578947366,0.8508873456790124,0.8099922839506172,0.8508873456790124,0.7986111111111112,0.7311827956989247,0.9444444444444444,0.8242424242424243,0.8099922839506172,0.7847222222222222,0.735632183908046,0.8888888888888888,0.8050314465408804,0.0480616640217639,70.67967200279236,0.389672040939331,71.06934404373169,0train,LeaveOneGroupOut,cross_session,1,branched_diva_ncp,BNCI2014_001,test_perturb,CrossSession,42,False,64.0,0.01,0.0,64.0,0.5,8.0,2.0,125.0,3.0,2.0,MotorImagery,,,,,,,,
eog,32.26315789473684,0.8508873456790124,0.8451003086419753,0.8508873456790124,0.7986111111111112,0.7311827956989247,0.9444444444444444,0.8242424242424243,0.8451003086419753,0.7916666666666666,0.7763157894736842,0.8194444444444444,0.7972972972972973,0.0068011788710043,70.67967200279236,0.4398715496063232,71.11954355239868,0train,LeaveOneGroupOut,cross_session,1,branched_diva_ncp,BNCI2014_001,test_perturb,CrossSession,42,False,64.0,0.01,0.0,64.0,0.5,8.0,2.0,125.0,3.0,2.0,MotorImagery,,,,,,,,
eog,37.47368421052632,0.8508873456790124,0.8765432098765432,0.8508873456790124,0.7986111111111112,0.7311827956989247,0.9444444444444444,0.8242424242424243,0.8765432098765432,0.8194444444444444,0.8108108108108109,0.8333333333333334,0.8219178082191781,-0.0301518929947857,70.67967200279236,0.446260929107666,71.12593293190002,0train,LeaveOneGroupOut,cross_session,1,branched_diva_ncp,BNCI2014_001,test_perturb,CrossSession,42,False,64.0,0.01,0.0,64.0,0.5,8.0,2.0,125.0,3.0,2.0,MotorImagery,,,,,,,,
eog,42.68421052631579,0.8508873456790124,0.7966820987654321,0.8508873456790124,0.7986111111111112,0.7311827956989247,0.9444444444444444,0.8242424242424243,0.7966820987654321,0.7430555555555556,0.7397260273972602,0.75,0.7448275862068966,0.0637043754250737,70.67967200279236,0.4127602577209472,71.0924322605133,0train,LeaveOneGroupOut,cross_session,1,branched_diva_ncp,BNCI2014_001,test_perturb,CrossSession,42,False,64.0,0.01,0.0,64.0,0.5,8.0,2.0,125.0,3.0,2.0,MotorImagery,,,,,,,,
eog,47.89473684210526,0.8508873456790124,0.8275462962962963,0.8508873456790124,0.7986111111111112,0.7311827956989247,0.9444444444444444,0.8242424242424243,0.8275462962962963,0.75,0.75,0.75,0.75,0.027431421446384,70.67967200279236,0.5080094337463379,71.1876814365387,0train,LeaveOneGroupOut,cross_session,1,branched_diva_ncp,BNCI2014_001,test_perturb,CrossSession,42,False,64.0,0.01,0.0,64.0,0.5,8.0,2.0,125.0,3.0,2.0,MotorImagery,,,,,,,,
eog,53.10526315789473,0.8508873456790124,0.8636188271604938,0.8508873456790124,0.7986111111111112,0.7311827956989247,0.9444444444444444,0.8242424242424243,0.8636188271604938,0.7847222222222222,0.8059701492537313,0.75,0.776978417266187,-0.0149625935162093,70.67967200279236,0.4140491485595703,71.09372115135193,0train,LeaveOneGroupOut,cross_session,1,branched_diva_ncp,BNCI2014_001,test_perturb,CrossSession,42,False,64.0,0.01,0.0,64.0,0.5,8.0,2.0,125.0,3.0,2.0,MotorImagery,,,,,,,,
eog,58.315789473684205,0.8508873456790124,0.8335262345679012,0.8508873456790124,0.7986111111111112,0.7311827956989247,0.9444444444444444,0.8242424242424243,0.8335262345679012,0.75,0.7903225806451613,0.6805555555555556,0.7313432835820894,0.0204035366130129,70.67967200279236,0.444413423538208,71.12408542633057,0train,LeaveOneGroupOut,cross_session,1,branched_diva_ncp,BNCI2014_001,test_perturb,CrossSession,42,False,64.0,0.01,0.0,64.0,0.5,8.0,2.0,125.0,3.0,2.0,MotorImagery,,,,,,,,
eog,63.526315789473685,0.8508873456790124,0.8402777777777778,0.8508873456790124,0.7986111111111112,0.7311827956989247,0.9444444444444444,0.8242424242424243,0.8402777777777778,0.7708333333333334,0.8,0.7222222222222222,0.759124087591241,0.0124688279301745,70.67967200279236,0.4288778305053711,71.10854983329773,0train,LeaveOneGroupOut,cross_session,1,branched_diva_ncp,BNCI2014_001,test_perturb,CrossSession,42,False,64.0,0.01,0.0,64.0,0.5,8.0,2.0,125.0,3.0,2.0,MotorImagery,,,,,,,,
eog,68.73684210526315,0.8508873456790124,0.8572530864197531,0.8508873456790124,0.7986111111111112,0.7311827956989247,0.9444444444444444,0.8242424242424243,0.8572530864197531,0.7777777777777778,0.8125,0.7222222222222222,0.7647058823529411,-0.0074812967581046,70.67967200279236,0.4245607852935791,71.10423278808594,0train,LeaveOneGroupOut,cross_session,1,branched_diva_ncp,BNCI2014_001,test_perturb,CrossSession,42,False,64.0,0.01,0.0,64.0,0.5,8.0,2.0,125.0,3.0,2.0,MotorImagery,,,,,,,,
eog,73.94736842105263,0.8508873456790124,0.8350694444444444,0.8508873456790124,0.7986111111111112,0.7311827956989247,0.9444444444444444,0.8242424242424243,0.8350694444444444,0.7708333333333334,0.7910447761194029,0.7361111111111112,0.7625899280575541,0.0185898889140784,70.67967200279236,0.4360432624816894,71.11571526527405,0train,LeaveOneGroupOut,cross_session,1,branched_diva_ncp,BNCI2014_001,test_perturb,CrossSession,42,False,64.0,0.01,0.0,64.0,0.5,8.0,2.0,125.0,3.0,2.0,MotorImagery,,,,,,,,
eog,79.1578947368421,0.8508873456790124,0.8315972222222222,0.8508873456790124,0.7986111111111112,0.7311827956989247,0.9444444444444444,0.8242424242424243,0.8315972222222222,0.7361111111111112,0.7833333333333333,0.6527777777777778,0.7121212121212122,0.022670596236681,70.67967200279236,0.4177656173706054,71.09743762016296,0train,LeaveOneGroupOut,cross_session,1,branched_diva_ncp,BNCI2014_001,test_perturb,CrossSession,42,False,64.0,0.01,0.0,64.0,0.5,8.0,2.0,125.0,3.0,2.0,MotorImagery,,,,,,,,
eog,84.36842105263158,0.8508873456790124,0.8503086419753086,0.8508873456790124,0.7986111111111112,0.7311827956989247,0.9444444444444444,0.8242424242424243,0.8503086419753086,0.75,0.8214285714285714,0.6388888888888888,0.7187499999999999,0.0006801178871004,70.67967200279236,0.4148712158203125,71.09454321861267,0train,LeaveOneGroupOut,cross_session,1,branched_diva_ncp,BNCI2014_001,test_perturb,CrossSession,42,False,64.0,0.01,0.0,64.0,0.5,8.0,2.0,125.0,3.0,2.0,MotorImagery,,,,,,,,
eog,89.57894736842105,0.8508873456790124,0.8757716049382716,0.8508873456790124,0.7986111111111112,0.7311827956989247,0.9444444444444444,0.8242424242424243,0.8757716049382716,0.75,0.7903225806451613,0.6805555555555556,0.7313432835820894,-0.0292450691453184,70.67967200279236,0.4260334968566894,71.10570549964905,0train,LeaveOneGroupOut,cross_session,1,branched_diva_ncp,BNCI2014_001,test_perturb,CrossSession,42,False,64.0,0.01,0.0,64.0,0.5,8.0,2.0,125.0,3.0,2.0,MotorImagery,,,,,,,,
eog,94.78947368421052,0.8508873456790124,0.8809799382716049,0.8508873456790124,0.7986111111111112,0.7311827956989247,0.9444444444444444,0.8242424242424243,0.8809799382716049,0.7708333333333334,0.8823529411764706,0.625,0.7317073170731708,-0.0353661301292223,70.67967200279236,0.3944485187530517,71.07412052154541,0train,LeaveOneGroupOut,cross_session,1,branched_diva_ncp,BNCI2014_001,test_perturb,CrossSession,42,False,64.0,0.01,0.0,64.0,0.5,8.0,2.0,125.0,3.0,2.0,MotorImagery,,,,,,,,
eog,100.0,0.8508873456790124,0.873070987654321,0.8508873456790124,0.7986111111111112,0.7311827956989247,0.9444444444444444,0.8242424242424243,0.873070987654321,0.6944444444444444,0.8043478260869565,0.5138888888888888,0.6271186440677965,-0.0260711856721831,70.67967200279236,0.4149272441864013,71.09459924697876,0train,LeaveOneGroupOut,cross_session,1,branched_diva_ncp,BNCI2014_001,test_perturb,CrossSession,42,False,64.0,0.01,0.0,64.0,0.5,8.0,2.0,125.0,3.0,2.0,MotorImagery,,,,,,,,
gaussian,1.0,0.8508873456790124,0.8508873456790124,0.8508873456790124,0.7986111111111112,0.7311827956989247,0.9444444444444444,0.8242424242424243,0.8508873456790124,0.7847222222222222,0.7157894736842105,0.9444444444444444,0.81437125748503,0.0,70.67967200279236,0.4138405323028564,71.09351253509521,0train,LeaveOneGroupOut,cross_session,1,branched_diva_ncp,BNCI2014_001,test_perturb,CrossSession,42,False,64.0,0.01,0.0,64.0,0.5,8.0,2.0,125.0,3.0,2.0,MotorImagery,,,,,,,,
gaussian,4.894736842105264,0.8508873456790124,0.8506944444444444,0.8508873456790124,0.7986111111111112,0.7311827956989247,0.9444444444444444,0.8242424242424243,0.8506944444444444,0.7638888888888888,0.6938775510204082,0.9444444444444444,0.7999999999999999,0.0002267059623668,70.67967200279236,0.4027304649353027,71.08240246772766,0train,LeaveOneGroupOut,cross_session,1,branched_diva_ncp,BNCI2014_001,test_perturb,CrossSession,42,False,64.0,0.01,0.0,64.0,0.5,8.0,2.0,125.0,3.0,2.0,MotorImagery,,,,,,,,
gaussian,8.789473684210527,0.8508873456790124,0.8518518518518519,0.8508873456790124,0.7986111111111112,0.7311827956989247,0.9444444444444444,0.8242424242424243,0.8518518518518519,0.7847222222222222,0.7157894736842105,0.9444444444444444,0.81437125748503,-0.001133529811834,70.67967200279236,0.4081141948699951,71.08778619766235,0train,LeaveOneGroupOut,cross_session,1,branched_diva_ncp,BNCI2014_001,test_perturb,CrossSession,42,False,64.0,0.01,0.0,64.0,0.5,8.0,2.0,125.0,3.0,2.0,MotorImagery,,,,,,,,
gaussian,12.68421052631579,0.8508873456790124,0.8557098765432098,0.8508873456790124,0.7986111111111112,0.7311827956989247,0.9444444444444444,0.8242424242424243,0.8557098765432098,0.8055555555555556,0.7444444444444445,0.9305555555555556,0.8271604938271605,-0.0056676490591701,70.67967200279236,0.4210414886474609,71.10071349143982,0train,LeaveOneGroupOut,cross_session,1,branched_diva_ncp,BNCI2014_001,test_perturb,CrossSession,42,False,64.0,0.01,0.0,64.0,0.5,8.0,2.0,125.0,3.0,2.0,MotorImagery,,,,,,,,
gaussian,16.578947368421055,0.8508873456790124,0.8499228395061729,0.8508873456790124,0.7986111111111112,0.7311827956989247,0.9444444444444444,0.8242424242424243,0.8499228395061729,0.7847222222222222,0.7252747252747253,0.9166666666666666,0.8098159509202454,0.001133529811834,70.67967200279236,0.4097230434417724,71.08939504623413,0train,LeaveOneGroupOut,cross_session,1,branched_diva_ncp,BNCI2014_001,test_perturb,CrossSession,42,False,64.0,0.01,0.0,64.0,0.5,8.0,2.0,125.0,3.0,2.0,MotorImagery,,,,,,,,
gaussian,20.473684210526315,0.8508873456790124,0.8346836419753086,0.8508873456790124,0.7986111111111112,0.7311827956989247,0.9444444444444444,0.8242424242424243,0.8346836419753086,0.7708333333333334,0.7142857142857143,0.9027777777777778,0.7975460122699387,0.019043300838812,70.67967200279236,0.4210987091064453,71.1007707118988,0train,LeaveOneGroupOut,cross_session,1,branched_diva_ncp,BNCI2014_001,test_perturb,CrossSession,42,False,64.0,0.01,0.0,64.0,0.5,8.0,2.0,125.0,3.0,2.0,MotorImagery,,,,,,,,
gaussian,24.36842105263158,0.8508873456790124,0.8273533950617284,0.8508873456790124,0.7986111111111112,0.7311827956989247,0.9444444444444444,0.8242424242424243,0.8273533950617284,0.75,0.7045454545454546,0.8611111111111112,0.775,0.0276581274087508,70.67967200279236,0.4287059307098388,71.1083779335022,0train,LeaveOneGroupOut,cross_session,1,branched_diva_ncp,BNCI2014_001,test_perturb,CrossSession,42,False,64.0,0.01,0.0,64.0,0.5,8.0,2.0,125.0,3.0,2.0,MotorImagery,,,,,,,,
gaussian,28.26315789473684,0.8508873456790124,0.8458719135802469,0.8508873456790124,0.7986111111111112,0.7311827956989247,0.9444444444444444,0.8242424242424243,0.8458719135802469,0.7847222222222222,0.759493670886076,0.8333333333333334,0.7947019867549668,0.005894355021537,70.67967200279236,0.4233942031860351,71.1030662059784,0train,LeaveOneGroupOut,cross_session,1,branched_diva_ncp,BNCI2014_001,test_perturb,CrossSession,42,False,64.0,0.01,0.0,64.0,0.5,8.0,2.0,125.0,3.0,2.0,MotorImagery,,,,,,,,
gaussian,32.15789473684211,0.8508873456790124,0.8385416666666666,0.8508873456790124,0.7986111111111112,0.7311827956989247,0.9444444444444444,0.8242424242424243,0.8385416666666666,0.7222222222222222,0.6951219512195121,0.7916666666666666,0.7402597402597403,0.0145091815914759,70.67967200279236,0.4219915866851806,71.10166358947754,0train,LeaveOneGroupOut,cross_session,1,branched_diva_ncp,BNCI2014_001,test_perturb,CrossSession,42,False,64.0,0.01,0.0,64.0,0.5,8.0,2.0,125.0,3.0,2.0,MotorImagery,,,,,,,,
gaussian,36.05263157894737,0.8508873456790124,0.8395061728395062,0.8508873456790124,0.7986111111111112,0.7311827956989247,0.9444444444444444,0.8242424242424243,0.8395061728395062,0.75,0.75,0.75,0.75,0.0133756517796417,70.67967200279236,0.400160551071167,71.07983255386353,0train,LeaveOneGroupOut,cross_session,1,branched_diva_ncp,BNCI2014_001,test_perturb,CrossSession,42,False,64.0,0.01,0.0,64.0,0.5,8.0,2.0,125.0,3.0,2.0,MotorImagery,,,,,,,,
gaussian,39.94736842105263,0.8508873456790124,0.8339120370370371,0.8508873456790124,0.7986111111111112,0.7311827956989247,0.9444444444444444,0.8242424242424243,0.8339120370370371,0.7361111111111112,0.7741935483870968,0.6666666666666666,0.7164179104477612,0.0199501246882792,70.67967200279236,0.4519364833831787,71.13160848617554,0train,LeaveOneGroupOut,cross_session,1,branched_diva_ncp,BNCI2014_001,test_perturb,CrossSession,42,False,64.0,0.01,0.0,64.0,0.5,8.0,2.0,125.0,3.0,2.0,MotorImagery,,,,,,,,
gaussian,43.8421052631579,0.8508873456790124,0.7540509259259259,0.8508873456790124,0.7986111111111112,0.7311827956989247,0.9444444444444444,0.8242424242424243,0.7540509259259259,0.6805555555555556,0.7241379310344828,0.5833333333333334,0.6461538461538462,0.1138063931081387,70.67967200279236,0.4258148670196533,71.10548686981201,0train,LeaveOneGroupOut,cross_session,1,branched_diva_ncp,BNCI2014_001,test_perturb,CrossSession,42,False,64.0,0.01,0.0,64.0,0.5,8.0,2.0,125.0,3.0,2.0,MotorImagery,,,,,,,,
gaussian,47.73684210526316,0.8508873456790124,0.7868441358024691,0.8508873456790124,0.7986111111111112,0.7311827956989247,0.9444444444444444,0.8242424242424243,0.7868441358024691,0.6944444444444444,0.8181818181818182,0.5,0.6206896551724137,0.075266379505781,70.67967200279236,0.4138591289520263,71.09353113174438,0train,LeaveOneGroupOut,cross_session,1,branched_diva_ncp,BNCI2014_001,test_perturb,CrossSession,42,False,64.0,0.01,0.0,64.0,0.5,8.0,2.0,125.0,3.0,2.0,MotorImagery,,,,,,,,
gaussian,51.631578947368425,0.8508873456790124,0.7729552469135802,0.8508873456790124,0.7986111111111112,0.7311827956989247,0.9444444444444444,0.8242424242424243,0.7729552469135802,0.6944444444444444,0.8333333333333334,0.4861111111111111,0.6140350877192983,0.0915892087961914,70.67967200279236,0.4397525787353515,71.11942458152771,0train,LeaveOneGroupOut,cross_session,1,branched_diva_ncp,BNCI2014_001,test_perturb,CrossSession,42,False,64.0,0.01,0.0,64.0,0.5,8.0,2.0,125.0,3.0,2.0,MotorImagery,,,,,,,,
gaussian,55.526315789473685,0.8508873456790124,0.771604938271605,0.8508873456790124,0.7986111111111112,0.7311827956989247,0.9444444444444444,0.8242424242424243,0.771604938271605,0.6388888888888888,0.7631578947368421,0.4027777777777778,0.5272727272727273,0.0931761505327589,70.67967200279236,0.406505823135376,71.08617782592773,0train,LeaveOneGroupOut,cross_session,1,branched_diva_ncp,BNCI2014_001,test_perturb,CrossSession,42,False,64.0,0.01,0.0,64.0,0.5,8.0,2.0,125.0,3.0,2.0,MotorImagery,,,,,,,,
gaussian,59.42105263157895,0.8508873456790124,0.7189429012345678,0.8508873456790124,0.7986111111111112,0.7311827956989247,0.9444444444444444,0.8242424242424243,0.7189429012345678,0.5972222222222222,0.8181818181818182,0.25,0.3829787234042552,0.1550668782588983,70.67967200279236,0.4089293479919433,71.0886013507843,0train,LeaveOneGroupOut,cross_session,1,branched_diva_ncp,BNCI2014_001,test_perturb,CrossSession,42,False,64.0,0.01,0.0,64.0,0.5,8.0,2.0,125.0,3.0,2.0,MotorImagery,,,,,,,,
gaussian,63.31578947368421,0.8508873456790124,0.7436342592592593,0.8508873456790124,0.7986111111111112,0.7311827956989247,0.9444444444444444,0.8242424242424243,0.7436342592592593,0.5416666666666666,0.8,0.1111111111111111,0.1951219512195121,0.1260485150759464,70.67967200279236,0.4107985496520996,71.09047055244446,0train,LeaveOneGroupOut,cross_session,1,branched_diva_ncp,BNCI2014_001,test_perturb,CrossSession,42,False,64.0,0.01,0.0,64.0,0.5,8.0,2.0,125.0,3.0,2.0,MotorImagery,,,,,,,,
gaussian,67.21052631578948,0.8508873456790124,0.6479552469135803,0.8508873456790124,0.7986111111111112,0.7311827956989247,0.9444444444444444,0.8242424242424243,0.6479552469135803,0.5277777777777778,0.7,0.0972222222222222,0.1707317073170731,0.2384946724098843,70.67967200279236,0.4424607753753662,71.12213277816772,0train,LeaveOneGroupOut,cross_session,1,branched_diva_ncp,BNCI2014_001,test_perturb,CrossSession,42,False,64.0,0.01,0.0,64.0,0.5,8.0,2.0,125.0,3.0,2.0,MotorImagery,,,,,,,,
gaussian,71.10526315789474,0.8508873456790124,0.6765046296296297,0.8508873456790124,0.7986111111111112,0.7311827956989247,0.9444444444444444,0.8242424242424243,0.6765046296296297,0.5347222222222222,0.7272727272727273,0.1111111111111111,0.1927710843373493,0.2049421899795964,70.67967200279236,0.4040095806121826,71.08368158340454,0train,LeaveOneGroupOut,cross_session,1,branched_diva_ncp,BNCI2014_001,test_perturb,CrossSession,42,False,64.0,0.01,0.0,64.0,0.5,8.0,2.0,125.0,3.0,2.0,MotorImagery,,,,,,,,
gaussian,75.0,0.8508873456790124,0.6664737654320988,0.8508873456790124,0.7986111111111112,0.7311827956989247,0.9444444444444444,0.8242424242424243,0.6664737654320988,0.5416666666666666,0.8,0.1111111111111111,0.1951219512195121,0.2167309000226705,70.67967200279236,0.3935651779174804,71.07323718070984,0train,LeaveOneGroupOut,cross_session,1,branched_diva_ncp,BNCI2014_001,test_perturb,CrossSession,42,False,64.0,0.01,0.0,64.0,0.5,8.0,2.0,125.0,3.0,2.0,MotorImagery,,,,,,,,
dropout,1.0,0.8508873456790124,0.7631172839506172,0.8508873456790124,0.7986111111111112,0.7311827956989247,0.9444444444444444,0.8242424242424243,0.7631172839506172,0.6805555555555556,0.6477272727272727,0.7916666666666666,0.7124999999999999,0.1031512128768988,70.67967200279236,0.418520450592041,71.0981924533844,0train,LeaveOneGroupOut,cross_session,1,branched_diva_ncp,BNCI2014_001,test_perturb,CrossSession,42,False,64.0,0.01,0.0,64.0,0.5,8.0,2.0,125.0,3.0,2.0,MotorImagery,,,,,,,,
dropout,4.894736842105264,0.8508873456790124,0.7631172839506172,0.8508873456790124,0.7986111111111112,0.7311827956989247,0.9444444444444444,0.8242424242424243,0.7631172839506172,0.6805555555555556,0.6477272727272727,0.7916666666666666,0.7124999999999999,0.1031512128768988,70.67967200279236,0.4126999378204345,71.0923719406128,0train,LeaveOneGroupOut,cross_session,1,branched_diva_ncp,BNCI2014_001,test_perturb,CrossSession,42,False,64.0,0.01,0.0,64.0,0.5,8.0,2.0,125.0,3.0,2.0,MotorImagery,,,,,,,,
dropout,8.789473684210527,0.8508873456790124,0.7631172839506172,0.8508873456790124,0.7986111111111112,0.7311827956989247,0.9444444444444444,0.8242424242424243,0.7631172839506172,0.6805555555555556,0.6477272727272727,0.7916666666666666,0.7124999999999999,0.1031512128768988,70.67967200279236,0.416231632232666,71.09590363502502,0train,LeaveOneGroupOut,cross_session,1,branched_diva_ncp,BNCI2014_001,test_perturb,CrossSession,42,False,64.0,0.01,0.0,64.0,0.5,8.0,2.0,125.0,3.0,2.0,MotorImagery,,,,,,,,
dropout,12.68421052631579,0.8508873456790124,0.8069058641975309,0.8508873456790124,0.7986111111111112,0.7311827956989247,0.9444444444444444,0.8242424242424243,0.8069058641975309,0.7638888888888888,0.7209302325581395,0.8611111111111112,0.7848101265822784,0.0516889594196327,70.67967200279236,0.4119362831115722,71.09160828590393,0train,LeaveOneGroupOut,cross_session,1,branched_diva_ncp,BNCI2014_001,test_perturb,CrossSession,42,False,64.0,0.01,0.0,64.0,0.5,8.0,2.0,125.0,3.0,2.0,MotorImagery,,,,,,,,
dropout,16.578947368421055,0.8508873456790124,0.7127700617283951,0.8508873456790124,0.7986111111111112,0.7311827956989247,0.9444444444444444,0.8242424242424243,0.7127700617283951,0.6319444444444444,0.6091954022988506,0.7361111111111112,0.6666666666666666,0.1623214690546361,70.67967200279236,0.4130067825317383,71.0926787853241,0train,LeaveOneGroupOut,cross_session,1,branched_diva_ncp,BNCI2014_001,test_perturb,CrossSession,42,False,64.0,0.01,0.0,64.0,0.5,8.0,2.0,125.0,3.0,2.0,MotorImagery,,,,,,,,
dropout,20.473684210526315,0.8508873456790124,0.6537422839506172,0.8508873456790124,0.7986111111111112,0.7311827956989247,0.9444444444444444,0.8242424242424243,0.6537422839506172,0.5833333333333334,0.573170731707317,0.6527777777777778,0.6103896103896104,0.2316934935388802,70.67967200279236,0.4145960807800293,71.09426808357239,0train,LeaveOneGroupOut,cross_session,1,branched_diva_ncp,BNCI2014_001,test_perturb,CrossSession,42,False,64.0,0.01,0.0,64.0,0.5,8.0,2.0,125.0,3.0,2.0,MotorImagery,,,,,,,,
dropout,24.36842105263158,0.8508873456790124,0.6672453703703705,0.8508873456790124,0.7986111111111112,0.7311827956989247,0.9444444444444444,0.8242424242424243,0.6672453703703705,0.6458333333333334,0.6206896551724138,0.75,0.679245283018868,0.2158240761732032,70.67967200279236,0.4376647472381592,71.11733675003052,0train,LeaveOneGroupOut,cross_session,1,branched_diva_ncp,BNCI2014_001,test_perturb,CrossSession,42,False,64.0,0.01,0.0,64.0,0.5,8.0,2.0,125.0,3.0,2.0,MotorImagery,,,,,,,,
dropout,28.26315789473684,0.8508873456790124,0.666087962962963,0.8508873456790124,0.7986111111111112,0.7311827956989247,0.9444444444444444,0.8242424242424243,0.666087962962963,0.6041666666666666,0.6,0.625,0.6122448979591836,0.2171843119474041,70.67967200279236,0.4063649177551269,71.08603692054749,0train,LeaveOneGroupOut,cross_session,1,branched_diva_ncp,BNCI2014_001,test_perturb,CrossSession,42,False,64.0,0.01,0.0,64.0,0.5,8.0,2.0,125.0,3.0,2.0,MotorImagery,,,,,,,,
dropout,32.15789473684211,0.8508873456790124,0.6824845679012346,0.8508873456790124,0.7986111111111112,0.7311827956989247,0.9444444444444444,0.8242424242424243,0.6824845679012346,0.6458333333333334,0.6235294117647059,0.7361111111111112,0.6751592356687899,0.1979143051462253,70.67967200279236,0.4073081016540527,71.08698010444641,0train,LeaveOneGroupOut,cross_session,1,branched_diva_ncp,BNCI2014_001,test_perturb,CrossSession,42,False,64.0,0.01,0.0,64.0,0.5,8.0,2.0,125.0,3.0,2.0,MotorImagery,,,,,,,,
dropout,36.05263157894737,0.8508873456790124,0.6824845679012346,0.8508873456790124,0.7986111111111112,0.7311827956989247,0.9444444444444444,0.8242424242424243,0.6824845679012346,0.6458333333333334,0.6235294117647059,0.7361111111111112,0.6751592356687899,0.1979143051462253,70.67967200279236,0.4028785228729248,71.08255052566528,0train,LeaveOneGroupOut,cross_session,1,branched_diva_ncp,BNCI2014_001,test_perturb,CrossSession,42,False,64.0,0.01,0.0,64.0,0.5,8.0,2.0,125.0,3.0,2.0,MotorImagery,,,,,,,,
dropout,39.94736842105263,0.8508873456790124,0.640625,0.8508873456790124,0.7986111111111112,0.7311827956989247,0.9444444444444444,0.8242424242424243,0.640625,0.6319444444444444,0.6376811594202898,0.6111111111111112,0.624113475177305,0.2471094989798231,70.67967200279236,0.4223017692565918,71.10197377204895,0train,LeaveOneGroupOut,cross_session,1,branched_diva_ncp,BNCI2014_001,test_perturb,CrossSession,42,False,64.0,0.01,0.0,64.0,0.5,8.0,2.0,125.0,3.0,2.0,MotorImagery,,,,,,,,
dropout,43.8421052631579,0.8508873456790124,0.5991512345679013,0.8508873456790124,0.7986111111111112,0.7311827956989247,0.9444444444444444,0.8242424242424243,0.5991512345679013,0.5833333333333334,0.5857142857142857,0.5694444444444444,0.5774647887323944,0.2958512808886873,70.67967200279236,0.4112932682037353,71.0909652709961,0train,LeaveOneGroupOut,cross_session,1,branched_diva_ncp,BNCI2014_001,test_perturb,CrossSession,42,False,64.0,0.01,0.0,64.0,0.5,8.0,2.0,125.0,3.0,2.0,MotorImagery,,,,,,,,
dropout,47.73684210526316,0.8508873456790124,0.6277006172839507,0.8508873456790124,0.7986111111111112,0.7311827956989247,0.9444444444444444,0.8242424242424243,0.6277006172839507,0.5972222222222222,0.5813953488372093,0.6944444444444444,0.6329113924050633,0.2622987984583994,70.67967200279236,0.3992321491241455,71.0789041519165,0train,LeaveOneGroupOut,cross_session,1,branched_diva_ncp,BNCI2014_001,test_perturb,CrossSession,42,False,64.0,0.01,0.0,64.0,0.5,8.0,2.0,125.0,3.0,2.0,MotorImagery,,,,,,,,
dropout,51.631578947368425,0.8508873456790124,0.6122685185185186,0.8508873456790124,0.7986111111111112,0.7311827956989247,0.9444444444444444,0.8242424242424243,0.6122685185185186,0.5763888888888888,0.5733333333333334,0.5972222222222222,0.5850340136054423,0.2804352754477442,70.67967200279236,0.4189584255218506,71.09863042831421,0train,LeaveOneGroupOut,cross_session,1,branched_diva_ncp,BNCI2014_001,test_perturb,CrossSession,42,False,64.0,0.01,0.0,64.0,0.5,8.0,2.0,125.0,3.0,2.0,MotorImagery,,,,,,,,
dropout,55.526315789473685,0.8508873456790124,0.5794753086419753,0.8508873456790124,0.7986111111111112,0.7311827956989247,0.9444444444444444,0.8242424242424243,0.5794753086419753,0.5694444444444444,0.5609756097560976,0.6388888888888888,0.5974025974025975,0.3189752890501021,70.67967200279236,0.4031400680541992,71.08281207084656,0train,LeaveOneGroupOut,cross_session,1,branched_diva_ncp,BNCI2014_001,test_perturb,CrossSession,42,False,64.0,0.01,0.0,64.0,0.5,8.0,2.0,125.0,3.0,2.0,MotorImagery,,,,,,,,
dropout,59.42105263157895,0.8508873456790124,0.5354938271604938,0.8508873456790124,0.7986111111111112,0.7311827956989247,0.9444444444444444,0.8242424242424243,0.5354938271604938,0.5347222222222222,0.5294117647058824,0.625,0.5732484076433121,0.3706642484697348,70.67967200279236,0.4140732288360595,71.09374523162842,0train,LeaveOneGroupOut,cross_session,1,branched_diva_ncp,BNCI2014_001,test_perturb,CrossSession,42,False,64.0,0.01,0.0,64.0,0.5,8.0,2.0,125.0,3.0,2.0,MotorImagery,,,,,,,,
dropout,63.31578947368421,0.8508873456790124,0.5354938271604938,0.8508873456790124,0.7986111111111112,0.7311827956989247,0.9444444444444444,0.8242424242424243,0.5354938271604938,0.5347222222222222,0.5294117647058824,0.625,0.5732484076433121,0.3706642484697348,70.67967200279236,0.4222874641418457,71.1019594669342,0train,LeaveOneGroupOut,cross_session,1,branched_diva_ncp,BNCI2014_001,test_perturb,CrossSession,42,False,64.0,0.01,0.0,64.0,0.5,8.0,2.0,125.0,3.0,2.0,MotorImagery,,,,,,,,
dropout,67.21052631578948,0.8508873456790124,0.513695987654321,0.8508873456790124,0.7986111111111112,0.7311827956989247,0.9444444444444444,0.8242424242424243,0.513695987654321,0.4722222222222222,0.4736842105263157,0.5,0.4864864864864865,0.3962820222171843,70.67967200279236,0.4035358428955078,71.08320784568787,0train,LeaveOneGroupOut,cross_session,1,branched_diva_ncp,BNCI2014_001,test_perturb,CrossSession,42,False,64.0,0.01,0.0,64.0,0.5,8.0,2.0,125.0,3.0,2.0,MotorImagery,,,,,,,,
dropout,71.10526315789474,0.8508873456790124,0.5601851851851852,0.8508873456790124,0.7986111111111112,0.7311827956989247,0.9444444444444444,0.8242424242424243,0.5601851851851852,0.5833333333333334,0.5638297872340425,0.7361111111111112,0.6385542168674699,0.341645885286783,70.67967200279236,0.4088995456695556,71.08857154846191,0train,LeaveOneGroupOut,cross_session,1,branched_diva_ncp,BNCI2014_001,test_perturb,CrossSession,42,False,64.0,0.01,0.0,64.0,0.5,8.0,2.0,125.0,3.0,2.0,MotorImagery,,,,,,,,
dropout,75.0,0.8508873456790124,0.4718364197530864,0.8508873456790124,0.7986111111111112,0.7311827956989247,0.9444444444444444,0.8242424242424243,0.4718364197530864,0.5069444444444444,0.5058823529411764,0.5972222222222222,0.5477707006369426,0.4454772160507821,70.67967200279236,0.4099342823028564,71.08960628509521,0train,LeaveOneGroupOut,cross_session,1,branched_diva_ncp,BNCI2014_001,test_perturb,CrossSession,42,False,64.0,0.01,0.0,64.0,0.5,8.0,2.0,125.0,3.0,2.0,MotorImagery,,,,,,,,
eog,1.0,0.8935185185185185,0.8937114197530864,0.8935185185185185,0.7708333333333334,0.7096774193548387,0.9166666666666666,0.7999999999999999,0.8937114197530864,0.7708333333333334,0.7096774193548387,0.9166666666666666,0.7999999999999999,-0.0002158894645941,103.33360123634338,0.4114742279052734,103.74507546424866,1test,LeaveOneGroupOut,cross_session,1,branched_diva_ncp,BNCI2014_001,test_perturb,CrossSession,42,False,64.0,0.01,0.0,64.0,0.5,8.0,2.0,125.0,3.0,2.0,MotorImagery,,,,,,,,
eog,6.2105263157894735,0.8935185185185185,0.8840663580246915,0.8935185185185185,0.7708333333333334,0.7096774193548387,0.9166666666666666,0.7999999999999999,0.8840663580246915,0.7638888888888888,0.7111111111111111,0.8888888888888888,0.7901234567901234,0.0105785837651121,103.33360123634338,0.4336669445037842,103.76726818084715,1test,LeaveOneGroupOut,cross_session,1,branched_diva_ncp,BNCI2014_001,test_perturb,CrossSession,42,False,64.0,0.01,0.0,64.0,0.5,8.0,2.0,125.0,3.0,2.0,MotorImagery,,,,,,,,
eog,11.421052631578949,0.8935185185185185,0.8786651234567902,0.8935185185185185,0.7708333333333334,0.7096774193548387,0.9166666666666666,0.7999999999999999,0.8786651234567902,0.7777777777777778,0.7272727272727273,0.8888888888888888,0.7999999999999999,0.0166234887737477,103.33360123634338,0.4286694526672363,103.76227068901062,1test,LeaveOneGroupOut,cross_session,1,branched_diva_ncp,BNCI2014_001,test_perturb,CrossSession,42,False,64.0,0.01,0.0,64.0,0.5,8.0,2.0,125.0,3.0,2.0,MotorImagery,,,,,,,,
eog,16.63157894736842,0.8935185185185185,0.8647762345679013,0.8935185185185185,0.7708333333333334,0.7096774193548387,0.9166666666666666,0.7999999999999999,0.8647762345679013,0.7430555555555556,0.7011494252873564,0.8472222222222222,0.7672955974842768,0.0321675302245249,103.33360123634338,0.4230296611785888,103.75663089752196,1test,LeaveOneGroupOut,cross_session,1,branched_diva_ncp,BNCI2014_001,test_perturb,CrossSession,42,False,64.0,0.01,0.0,64.0,0.5,8.0,2.0,125.0,3.0,2.0,MotorImagery,,,,,,,,
eog,21.84210526315789,0.8935185185185185,0.8890817901234569,0.8935185185185185,0.7708333333333334,0.7096774193548387,0.9166666666666666,0.7999999999999999,0.8890817901234569,0.7847222222222222,0.759493670886076,0.8333333333333334,0.7947019867549668,0.0049654576856647,103.33360123634338,0.4234578609466553,103.75705909729004,1test,LeaveOneGroupOut,cross_session,1,branched_diva_ncp,BNCI2014_001,test_perturb,CrossSession,42,False,64.0,0.01,0.0,64.0,0.5,8.0,2.0,125.0,3.0,2.0,MotorImagery,,,,,,,,
eog,27.052631578947366,0.8935185185185185,0.8804012345679012,0.8935185185185185,0.7708333333333334,0.7096774193548387,0.9166666666666666,0.7999999999999999,0.8804012345679012,0.7847222222222222,0.7530864197530864,0.8472222222222222,0.7973856209150327,0.0146804835924006,103.33360123634338,0.4257252216339111,103.7593264579773,1test,LeaveOneGroupOut,cross_session,1,branched_diva_ncp,BNCI2014_001,test_perturb,CrossSession,42,False,64.0,0.01,0.0,64.0,0.5,8.0,2.0,125.0,3.0,2.0,MotorImagery,,,,,,,,
eog,32.26315789473684,0.8935185185185185,0.9137731481481484,0.8935185185185185,0.7708333333333334,0.7096774193548387,0.9166666666666666,0.7999999999999999,0.9137731481481484,0.8055555555555556,0.7894736842105263,0.8333333333333334,0.8108108108108109,-0.0226683937823835,103.33360123634338,0.4268925189971924,103.76049375534058,1test,LeaveOneGroupOut,cross_session,1,branched_diva_ncp,BNCI2014_001,test_perturb,CrossSession,42,False,64.0,0.01,0.0,64.0,0.5,8.0,2.0,125.0,3.0,2.0,MotorImagery,,,,,,,,
eog,37.47368421052632,0.8935185185185185,0.841820987654321,0.8935185185185185,0.7708333333333334,0.7096774193548387,0.9166666666666666,0.7999999999999999,0.841820987654321,0.7083333333333334,0.7083333333333334,0.7083333333333334,0.7083333333333334,0.0578583765112262,103.33360123634338,0.4199693202972412,103.75357055664062,1test,LeaveOneGroupOut,cross_session,1,branched_diva_ncp,BNCI2014_001,test_perturb,CrossSession,42,False,64.0,0.01,0.0,64.0,0.5,8.0,2.0,125.0,3.0,2.0,MotorImagery,,,,,,,,
eog,42.68421052631579,0.8935185185185185,0.875,0.8935185185185185,0.7708333333333334,0.7096774193548387,0.9166666666666666,0.7999999999999999,0.875,0.7638888888888888,0.75,0.7916666666666666,0.7702702702702704,0.0207253886010362,103.33360123634338,0.4371430873870849,103.77074432373048,1test,LeaveOneGroupOut,cross_session,1,branched_diva_ncp,BNCI2014_001,test_perturb,CrossSession,42,False,64.0,0.01,0.0,64.0,0.5,8.0,2.0,125.0,3.0,2.0,MotorImagery,,,,,,,,
eog,47.89473684210526,0.8935185185185185,0.8636188271604938,0.8935185185185185,0.7708333333333334,0.7096774193548387,0.9166666666666666,0.7999999999999999,0.8636188271604938,0.7708333333333334,0.7746478873239436,0.7638888888888888,0.7692307692307692,0.0334628670120898,103.33360123634338,0.4152925014495849,103.74889373779295,1test,LeaveOneGroupOut,cross_session,1,branched_diva_ncp,BNCI2014_001,test_perturb,CrossSession,42,False,64.0,0.01,0.0,64.0,0.5,8.0,2.0,125.0,3.0,2.0,MotorImagery,,,,,,,,
eog,53.10526315789473,0.8935185185185185,0.8983410493827161,0.8935185185185185,0.7708333333333334,0.7096774193548387,0.9166666666666666,0.7999999999999999,0.8983410493827161,0.7708333333333334,0.7910447761194029,0.7361111111111112,0.7625899280575541,-0.0053972366148532,103.33360123634338,0.4051995277404785,103.73880076408386,1test,LeaveOneGroupOut,cross_session,1,branched_diva_ncp,BNCI2014_001,test_perturb,CrossSession,42,False,64.0,0.01,0.0,64.0,0.5,8.0,2.0,125.0,3.0,2.0,MotorImagery,,,,,,,,
eog,58.315789473684205,0.8935185185185185,0.8578317901234569,0.8935185185185185,0.7708333333333334,0.7096774193548387,0.9166666666666666,0.7999999999999999,0.8578317901234569,0.7569444444444444,0.7936507936507936,0.6944444444444444,0.7407407407407406,0.0399395509499135,103.33360123634338,0.4184646606445312,103.75206589698792,1test,LeaveOneGroupOut,cross_session,1,branched_diva_ncp,BNCI2014_001,test_perturb,CrossSession,42,False,64.0,0.01,0.0,64.0,0.5,8.0,2.0,125.0,3.0,2.0,MotorImagery,,,,,,,,
eog,63.526315789473685,0.8935185185185185,0.8991126543209877,0.8935185185185185,0.7708333333333334,0.7096774193548387,0.9166666666666666,0.7999999999999999,0.8991126543209877,0.7986111111111112,0.8115942028985508,0.7777777777777778,0.7943262411347518,-0.0062607944732298,103.33360123634338,0.3893079757690429,103.72290921211244,1test,LeaveOneGroupOut,cross_session,1,branched_diva_ncp,BNCI2014_001,test_perturb,CrossSession,42,False,64.0,0.01,0.0,64.0,0.5,8.0,2.0,125.0,3.0,2.0,MotorImagery,,,,,,,,
eog,68.73684210526315,0.8935185185185185,0.8939043209876544,0.8935185185185185,0.7708333333333334,0.7096774193548387,0.9166666666666666,0.7999999999999999,0.8939043209876544,0.7916666666666666,0.8181818181818182,0.75,0.7826086956521738,-0.0004317789291883,103.33360123634338,0.4177207946777344,103.75132203102112,1test,LeaveOneGroupOut,cross_session,1,branched_diva_ncp,BNCI2014_001,test_perturb,CrossSession,42,False,64.0,0.01,0.0,64.0,0.5,8.0,2.0,125.0,3.0,2.0,MotorImagery,,,,,,,,
eog,73.94736842105263,0.8935185185185185,0.9182098765432098,0.8935185185185185,0.7708333333333334,0.7096774193548387,0.9166666666666666,0.7999999999999999,0.9182098765432098,0.7916666666666666,0.8888888888888888,0.6666666666666666,0.761904761904762,-0.0276338514680483,103.33360123634338,0.4013750553131103,103.7349762916565,1test,LeaveOneGroupOut,cross_session,1,branched_diva_ncp,BNCI2014_001,test_perturb,CrossSession,42,False,64.0,0.01,0.0,64.0,0.5,8.0,2.0,125.0,3.0,2.0,MotorImagery,,,,,,,,
eog,79.1578947368421,0.8935185185185185,0.8777006172839505,0.8935185185185185,0.7708333333333334,0.7096774193548387,0.9166666666666666,0.7999999999999999,0.8777006172839505,0.7430555555555556,0.8431372549019608,0.5972222222222222,0.6991869918699186,0.0177029360967185,103.33360123634338,0.4142341613769531,103.74783539772034,1test,LeaveOneGroupOut,cross_session,1,branched_diva_ncp,BNCI2014_001,test_perturb,CrossSession,42,False,64.0,0.01,0.0,64.0,0.5,8.0,2.0,125.0,3.0,2.0,MotorImagery,,,,,,,,
eog,84.36842105263158,0.8935185185185185,0.9239969135802468,0.8935185185185185,0.7708333333333334,0.7096774193548387,0.9166666666666666,0.7999999999999999,0.9239969135802468,0.7986111111111112,0.9215686274509804,0.6527777777777778,0.7642276422764227,-0.0341105354058722,103.33360123634338,0.3970763683319092,103.7306776046753,1test,LeaveOneGroupOut,cross_session,1,branched_diva_ncp,BNCI2014_001,test_perturb,CrossSession,42,False,64.0,0.01,0.0,64.0,0.5,8.0,2.0,125.0,3.0,2.0,MotorImagery,,,,,,,,
eog,89.57894736842105,0.8935185185185185,0.8726851851851852,0.8935185185185185,0.7708333333333334,0.7096774193548387,0.9166666666666666,0.7999999999999999,0.8726851851851852,0.7430555555555556,0.8571428571428571,0.5833333333333334,0.6942148760330579,0.0233160621761657,103.33360123634338,0.4069008827209472,103.74050211906432,1test,LeaveOneGroupOut,cross_session,1,branched_diva_ncp,BNCI2014_001,test_perturb,CrossSession,42,False,64.0,0.01,0.0,64.0,0.5,8.0,2.0,125.0,3.0,2.0,MotorImagery,,,,,,,,
eog,94.78947368421052,0.8935185185185185,0.9353780864197532,0.8935185185185185,0.7708333333333334,0.7096774193548387,0.9166666666666666,0.7999999999999999,0.9353780864197532,0.7708333333333334,0.8979591836734694,0.6111111111111112,0.7272727272727272,-0.0468480138169258,103.33360123634338,0.3889803886413574,103.72258162498474,1test,LeaveOneGroupOut,cross_session,1,branched_diva_ncp,BNCI2014_001,test_perturb,CrossSession,42,False,64.0,0.01,0.0,64.0,0.5,8.0,2.0,125.0,3.0,2.0,MotorImagery,,,,,,,,
eog,100.0,0.8935185185185185,0.8994984567901234,0.8935185185185185,0.7708333333333334,0.7096774193548387,0.9166666666666666,0.7999999999999999,0.8994984567901234,0.7569444444444444,0.8936170212765957,0.5833333333333334,0.7058823529411765,-0.0066925734024179,103.33360123634338,0.3853662014007568,103.71896743774414,1test,LeaveOneGroupOut,cross_session,1,branched_diva_ncp,BNCI2014_001,test_perturb,CrossSession,42,False,64.0,0.01,0.0,64.0,0.5,8.0,2.0,125.0,3.0,2.0,MotorImagery,,,,,,,,
gaussian,1.0,0.8935185185185185,0.8937114197530864,0.8935185185185185,0.7708333333333334,0.7096774193548387,0.9166666666666666,0.7999999999999999,0.8937114197530864,0.7708333333333334,0.7096774193548387,0.9166666666666666,0.7999999999999999,-0.0002158894645941,103.33360123634338,0.4222192764282226,103.7558205127716,1test,LeaveOneGroupOut,cross_session,1,branched_diva_ncp,BNCI2014_001,test_perturb,CrossSession,42,False,64.0,0.01,0.0,64.0,0.5,8.0,2.0,125.0,3.0,2.0,MotorImagery,,,,,,,,
gaussian,4.894736842105264,0.8935185185185185,0.894483024691358,0.8935185185185185,0.7708333333333334,0.7096774193548387,0.9166666666666666,0.7999999999999999,0.894483024691358,0.7777777777777778,0.7127659574468085,0.9305555555555556,0.8072289156626508,-0.0010794473229706,103.33360123634338,0.3854079246520996,103.71900916099548,1test,LeaveOneGroupOut,cross_session,1,branched_diva_ncp,BNCI2014_001,test_perturb,CrossSession,42,False,64.0,0.01,0.0,64.0,0.5,8.0,2.0,125.0,3.0,2.0,MotorImagery,,,,,,,,
gaussian,8.789473684210527,0.8935185185185185,0.8966049382716049,0.8935185185185185,0.7708333333333334,0.7096774193548387,0.9166666666666666,0.7999999999999999,0.8966049382716049,0.7708333333333334,0.7052631578947368,0.9305555555555556,0.8023952095808383,-0.003454231433506,103.33360123634338,0.3908944129943847,103.72449564933775,1test,LeaveOneGroupOut,cross_session,1,branched_diva_ncp,BNCI2014_001,test_perturb,CrossSession,42,False,64.0,0.01,0.0,64.0,0.5,8.0,2.0,125.0,3.0,2.0,MotorImagery,,,,,,,,
gaussian,12.68421052631579,0.8935185185185185,0.8904320987654322,0.8935185185185185,0.7708333333333334,0.7096774193548387,0.9166666666666666,0.7999999999999999,0.8904320987654322,0.7777777777777778,0.7083333333333334,0.9444444444444444,0.8095238095238096,0.0034542314335059,103.33360123634338,0.3979322910308838,103.73153352737428,1test,LeaveOneGroupOut,cross_session,1,branched_diva_ncp,BNCI2014_001,test_perturb,CrossSession,42,False,64.0,0.01,0.0,64.0,0.5,8.0,2.0,125.0,3.0,2.0,MotorImagery,,,,,,,,
gaussian,16.578947368421055,0.8935185185185185,0.8840663580246914,0.8935185185185185,0.7708333333333334,0.7096774193548387,0.9166666666666666,0.7999999999999999,0.8840663580246914,0.7638888888888888,0.7021276595744681,0.9166666666666666,0.7951807228915662,0.0105785837651122,103.33360123634338,0.3630471229553222,103.6966483592987,1test,LeaveOneGroupOut,cross_session,1,branched_diva_ncp,BNCI2014_001,test_perturb,CrossSession,42,False,64.0,0.01,0.0,64.0,0.5,8.0,2.0,125.0,3.0,2.0,MotorImagery,,,,,,,,
gaussian,20.473684210526315,0.8935185185185185,0.8771219135802469,0.8935185185185185,0.7708333333333334,0.7096774193548387,0.9166666666666666,0.7999999999999999,0.8771219135802469,0.7708333333333334,0.7142857142857143,0.9027777777777778,0.7975460122699387,0.0183506044905008,103.33360123634338,0.3960921764373779,103.72969341278076,1test,LeaveOneGroupOut,cross_session,1,branched_diva_ncp,BNCI2014_001,test_perturb,CrossSession,42,False,64.0,0.01,0.0,64.0,0.5,8.0,2.0,125.0,3.0,2.0,MotorImagery,,,,,,,,
gaussian,24.36842105263158,0.8935185185185185,0.8701774691358024,0.8935185185185185,0.7708333333333334,0.7096774193548387,0.9166666666666666,0.7999999999999999,0.8701774691358024,0.7708333333333334,0.7142857142857143,0.9027777777777778,0.7975460122699387,0.0261226252158895,103.33360123634338,0.3979043960571289,103.73150563240053,1test,LeaveOneGroupOut,cross_session,1,branched_diva_ncp,BNCI2014_001,test_perturb,CrossSession,42,False,64.0,0.01,0.0,64.0,0.5,8.0,2.0,125.0,3.0,2.0,MotorImagery,,,,,,,,
gaussian,28.26315789473684,0.8935185185185185,0.8821373456790124,0.8935185185185185,0.7708333333333334,0.7096774193548387,0.9166666666666666,0.7999999999999999,0.8821373456790124,0.7916666666666666,0.723404255319149,0.9444444444444444,0.8192771084337349,0.0127374784110534,103.33360123634338,0.3894679546356201,103.723069190979,1test,LeaveOneGroupOut,cross_session,1,branched_diva_ncp,BNCI2014_001,test_perturb,CrossSession,42,False,64.0,0.01,0.0,64.0,0.5,8.0,2.0,125.0,3.0,2.0,MotorImagery,,,,,,,,
gaussian,32.15789473684211,0.8935185185185185,0.8611111111111112,0.8935185185185185,0.7708333333333334,0.7096774193548387,0.9166666666666666,0.7999999999999999,0.8611111111111112,0.7916666666666666,0.75,0.875,0.8076923076923077,0.0362694300518133,103.33360123634338,0.4041531085968017,103.7377543449402,1test,LeaveOneGroupOut,cross_session,1,branched_diva_ncp,BNCI2014_001,test_perturb,CrossSession,42,False,64.0,0.01,0.0,64.0,0.5,8.0,2.0,125.0,3.0,2.0,MotorImagery,,,,,,,,
gaussian,36.05263157894737,0.8935185185185185,0.8333333333333334,0.8935185185185185,0.7708333333333334,0.7096774193548387,0.9166666666666666,0.7999999999999999,0.8333333333333334,0.7291666666666666,0.6774193548387096,0.875,0.7636363636363636,0.0673575129533678,103.33360123634338,0.4047164916992187,103.7383177280426,1test,LeaveOneGroupOut,cross_session,1,branched_diva_ncp,BNCI2014_001,test_perturb,CrossSession,42,False,64.0,0.01,0.0,64.0,0.5,8.0,2.0,125.0,3.0,2.0,MotorImagery,,,,,,,,
gaussian,39.94736842105263,0.8935185185185185,0.8722993827160493,0.8935185185185185,0.7708333333333334,0.7096774193548387,0.9166666666666666,0.7999999999999999,0.8722993827160493,0.7847222222222222,0.7157894736842105,0.9444444444444444,0.81437125748503,0.023747841105354,103.33360123634338,0.4158766269683838,103.74947786331175,1test,LeaveOneGroupOut,cross_session,1,branched_diva_ncp,BNCI2014_001,test_perturb,CrossSession,42,False,64.0,0.01,0.0,64.0,0.5,8.0,2.0,125.0,3.0,2.0,MotorImagery,,,,,,,,
gaussian,43.8421052631579,0.8935185185185185,0.845679012345679,0.8935185185185185,0.7708333333333334,0.7096774193548387,0.9166666666666666,0.7999999999999999,0.845679012345679,0.7708333333333334,0.7294117647058823,0.8611111111111112,0.7898089171974522,0.0535405872193436,103.33360123634338,0.4077293872833252,103.74133062362672,1test,LeaveOneGroupOut,cross_session,1,branched_diva_ncp,BNCI2014_001,test_perturb,CrossSession,42,False,64.0,0.01,0.0,64.0,0.5,8.0,2.0,125.0,3.0,2.0,MotorImagery,,,,,,,,
gaussian,47.73684210526316,0.8935185185185185,0.8115354938271605,0.8935185185185185,0.7708333333333334,0.7096774193548387,0.9166666666666666,0.7999999999999999,0.8115354938271605,0.7291666666666666,0.6941176470588235,0.8194444444444444,0.751592356687898,0.0917530224525042,103.33360123634338,0.4142732620239258,103.74787449836732,1test,LeaveOneGroupOut,cross_session,1,branched_diva_ncp,BNCI2014_001,test_perturb,CrossSession,42,False,64.0,0.01,0.0,64.0,0.5,8.0,2.0,125.0,3.0,2.0,MotorImagery,,,,,,,,
gaussian,51.631578947368425,0.8935185185185185,0.7986111111111112,0.8935185185185185,0.7708333333333334,0.7096774193548387,0.9166666666666666,0.7999999999999999,0.7986111111111112,0.7152777777777778,0.6867469879518072,0.7916666666666666,0.7354838709677419,0.1062176165803108,103.33360123634338,0.4210920333862304,103.7546932697296,1test,LeaveOneGroupOut,cross_session,1,branched_diva_ncp,BNCI2014_001,test_perturb,CrossSession,42,False,64.0,0.01,0.0,64.0,0.5,8.0,2.0,125.0,3.0,2.0,MotorImagery,,,,,,,,
gaussian,55.526315789473685,0.8935185185185185,0.757908950617284,0.8935185185185185,0.7708333333333334,0.7096774193548387,0.9166666666666666,0.7999999999999999,0.757908950617284,0.6597222222222222,0.632183908045977,0.7638888888888888,0.6918238993710691,0.1517702936096717,103.33360123634338,0.4071297645568847,103.74073100090028,1test,LeaveOneGroupOut,cross_session,1,branched_diva_ncp,BNCI2014_001,test_perturb,CrossSession,42,False,64.0,0.01,0.0,64.0,0.5,8.0,2.0,125.0,3.0,2.0,MotorImagery,,,,,,,,
gaussian,59.42105263157895,0.8935185185185185,0.7787422839506172,0.8935185185185185,0.7708333333333334,0.7096774193548387,0.9166666666666666,0.7999999999999999,0.7787422839506172,0.7083333333333334,0.6923076923076923,0.75,0.7199999999999999,0.1284542314335061,103.33360123634338,0.399277925491333,103.73287916183472,1test,LeaveOneGroupOut,cross_session,1,branched_diva_ncp,BNCI2014_001,test_perturb,CrossSession,42,False,64.0,0.01,0.0,64.0,0.5,8.0,2.0,125.0,3.0,2.0,MotorImagery,,,,,,,,
gaussian,63.31578947368421,0.8935185185185185,0.7160493827160495,0.8935185185185185,0.7708333333333334,0.7096774193548387,0.9166666666666666,0.7999999999999999,0.7160493827160495,0.6597222222222222,0.6385542168674698,0.7361111111111112,0.6838709677419356,0.1986183074265974,103.33360123634338,0.4165205955505371,103.75012183189392,1test,LeaveOneGroupOut,cross_session,1,branched_diva_ncp,BNCI2014_001,test_perturb,CrossSession,42,False,64.0,0.01,0.0,64.0,0.5,8.0,2.0,125.0,3.0,2.0,MotorImagery,,,,,,,,
gaussian,67.21052631578948,0.8935185185185185,0.7283950617283952,0.8935185185185185,0.7708333333333334,0.7096774193548387,0.9166666666666666,0.7999999999999999,0.7283950617283952,0.6736111111111112,0.6811594202898551,0.6527777777777778,0.6666666666666667,0.1848013816925732,103.33360123634338,0.3969283103942871,103.73052954673769,1test,LeaveOneGroupOut,cross_session,1,branched_diva_ncp,BNCI2014_001,test_perturb,CrossSession,42,False,64.0,0.01,0.0,64.0,0.5,8.0,2.0,125.0,3.0,2.0,MotorImagery,,,,,,,,
gaussian,71.10526315789474,0.8935185185185185,0.6861496913580247,0.8935185185185185,0.7708333333333334,0.7096774193548387,0.9166666666666666,0.7999999999999999,0.6861496913580247,0.6666666666666666,0.6621621621621622,0.6805555555555556,0.6712328767123288,0.2320811744386873,103.33360123634338,0.3931639194488525,103.72676515579224,1test,LeaveOneGroupOut,cross_session,1,branched_diva_ncp,BNCI2014_001,test_perturb,CrossSession,42,False,64.0,0.01,0.0,64.0,0.5,8.0,2.0,125.0,3.0,2.0,MotorImagery,,,,,,,,
gaussian,75.0,0.8935185185185185,0.6743827160493828,0.8935185185185185,0.7708333333333334,0.7096774193548387,0.9166666666666666,0.7999999999999999,0.6743827160493828,0.6736111111111112,0.6712328767123288,0.6805555555555556,0.6758620689655173,0.245250431778929,103.33360123634338,0.4119408130645752,103.74554204940796,1test,LeaveOneGroupOut,cross_session,1,branched_diva_ncp,BNCI2014_001,test_perturb,CrossSession,42,False,64.0,0.01,0.0,64.0,0.5,8.0,2.0,125.0,3.0,2.0,MotorImagery,,,,,,,,
dropout,1.0,0.8935185185185185,0.849537037037037,0.8935185185185185,0.7708333333333334,0.7096774193548387,0.9166666666666666,0.7999999999999999,0.849537037037037,0.7638888888888888,0.7317073170731707,0.8333333333333334,0.7792207792207793,0.0492227979274611,103.33360123634338,0.4215245246887207,103.7551257610321,1test,LeaveOneGroupOut,cross_session,1,branched_diva_ncp,BNCI2014_001,test_perturb,CrossSession,42,False,64.0,0.01,0.0,64.0,0.5,8.0,2.0,125.0,3.0,2.0,MotorImagery,,,,,,,,
dropout,4.894736842105264,0.8935185185185185,0.849537037037037,0.8935185185185185,0.7708333333333334,0.7096774193548387,0.9166666666666666,0.7999999999999999,0.849537037037037,0.7638888888888888,0.7317073170731707,0.8333333333333334,0.7792207792207793,0.0492227979274611,103.33360123634338,0.4071178436279297,103.74071907997131,1test,LeaveOneGroupOut,cross_session,1,branched_diva_ncp,BNCI2014_001,test_perturb,CrossSession,42,False,64.0,0.01,0.0,64.0,0.5,8.0,2.0,125.0,3.0,2.0,MotorImagery,,,,,,,,
dropout,8.789473684210527,0.8935185185185185,0.849537037037037,0.8935185185185185,0.7708333333333334,0.7096774193548387,0.9166666666666666,0.7999999999999999,0.849537037037037,0.7638888888888888,0.7317073170731707,0.8333333333333334,0.7792207792207793,0.0492227979274611,103.33360123634338,0.413445234298706,103.74704647064208,1test,LeaveOneGroupOut,cross_session,1,branched_diva_ncp,BNCI2014_001,test_perturb,CrossSession,42,False,64.0,0.01,0.0,64.0,0.5,8.0,2.0,125.0,3.0,2.0,MotorImagery,,,,,,,,
dropout,12.68421052631579,0.8935185185185185,0.8352623456790124,0.8935185185185185,0.7708333333333334,0.7096774193548387,0.9166666666666666,0.7999999999999999,0.8352623456790124,0.7222222222222222,0.6951219512195121,0.7916666666666666,0.7402597402597403,0.0651986183074265,103.33360123634338,0.4183163642883301,103.75191760063171,1test,LeaveOneGroupOut,cross_session,1,branched_diva_ncp,BNCI2014_001,test_perturb,CrossSession,42,False,64.0,0.01,0.0,64.0,0.5,8.0,2.0,125.0,3.0,2.0,MotorImagery,,,,,,,,
dropout,16.578947368421055,0.8935185185185185,0.7926311728395062,0.8935185185185185,0.7708333333333334,0.7096774193548387,0.9166666666666666,0.7999999999999999,0.7926311728395062,0.75,0.7093023255813954,0.8472222222222222,0.7721518987341772,0.1129101899827287,103.33360123634338,0.4130094051361084,103.74661064147948,1test,LeaveOneGroupOut,cross_session,1,branched_diva_ncp,BNCI2014_001,test_perturb,CrossSession,42,False,64.0,0.01,0.0,64.0,0.5,8.0,2.0,125.0,3.0,2.0,MotorImagery,,,,,,,,
dropout,20.473684210526315,0.8935185185185185,0.7588734567901234,0.8935185185185185,0.7708333333333334,0.7096774193548387,0.9166666666666666,0.7999999999999999,0.7588734567901234,0.6736111111111112,0.6470588235294118,0.7638888888888888,0.7006369426751593,0.1506908462867012,103.33360123634338,0.4022555351257324,103.73585677146912,1test,LeaveOneGroupOut,cross_session,1,branched_diva_ncp,BNCI2014_001,test_perturb,CrossSession,42,False,64.0,0.01,0.0,64.0,0.5,8.0,2.0,125.0,3.0,2.0,MotorImagery,,,,,,,,
dropout,24.36842105263158,0.8935185185185185,0.7374614197530863,0.8935185185185185,0.7708333333333334,0.7096774193548387,0.9166666666666666,0.7999999999999999,0.7374614197530863,0.6736111111111112,0.631578947368421,0.8333333333333334,0.718562874251497,0.1746545768566494,103.33360123634338,0.4224927425384521,103.75609397888184,1test,LeaveOneGroupOut,cross_session,1,branched_diva_ncp,BNCI2014_001,test_perturb,CrossSession,42,False,64.0,0.01,0.0,64.0,0.5,8.0,2.0,125.0,3.0,2.0,MotorImagery,,,,,,,,
dropout,28.26315789473684,0.8935185185185185,0.7380401234567902,0.8935185185185185,0.7708333333333334,0.7096774193548387,0.9166666666666666,0.7999999999999999,0.7380401234567902,0.6944444444444444,0.6944444444444444,0.6944444444444444,0.6944444444444444,0.1740069084628669,103.33360123634338,0.4266798496246338,103.76028108596802,1test,LeaveOneGroupOut,cross_session,1,branched_diva_ncp,BNCI2014_001,test_perturb,CrossSession,42,False,64.0,0.01,0.0,64.0,0.5,8.0,2.0,125.0,3.0,2.0,MotorImagery,,,,,,,,
dropout,32.15789473684211,0.8935185185185185,0.7094907407407408,0.8935185185185185,0.7708333333333334,0.7096774193548387,0.9166666666666666,0.7999999999999999,0.7094907407407408,0.6319444444444444,0.6091954022988506,0.7361111111111112,0.6666666666666666,0.2059585492227978,103.33360123634338,0.4404077529907226,103.7740089893341,1test,LeaveOneGroupOut,cross_session,1,branched_diva_ncp,BNCI2014_001,test_perturb,CrossSession,42,False,64.0,0.01,0.0,64.0,0.5,8.0,2.0,125.0,3.0,2.0,MotorImagery,,,,,,,,
dropout,36.05263157894737,0.8935185185185185,0.7094907407407408,0.8935185185185185,0.7708333333333334,0.7096774193548387,0.9166666666666666,0.7999999999999999,0.7094907407407408,0.6319444444444444,0.6091954022988506,0.7361111111111112,0.6666666666666666,0.2059585492227978,103.33360123634338,0.4629197120666504,103.79652094841003,1test,LeaveOneGroupOut,cross_session,1,branched_diva_ncp,BNCI2014_001,test_perturb,CrossSession,42,False,64.0,0.01,0.0,64.0,0.5,8.0,2.0,125.0,3.0,2.0,MotorImagery,,,,,,,,
dropout,39.94736842105263,0.8935185185185185,0.7642746913580246,0.8935185185185185,0.7708333333333334,0.7096774193548387,0.9166666666666666,0.7999999999999999,0.7642746913580246,0.75,0.7647058823529411,0.7222222222222222,0.7428571428571428,0.1446459412780656,103.33360123634338,0.4404923915863037,103.77409362792967,1test,LeaveOneGroupOut,cross_session,1,branched_diva_ncp,BNCI2014_001,test_perturb,CrossSession,42,False,64.0,0.01,0.0,64.0,0.5,8.0,2.0,125.0,3.0,2.0,MotorImagery,,,,,,,,
dropout,43.8421052631579,0.8935185185185185,0.6385030864197531,0.8935185185185185,0.7708333333333334,0.7096774193548387,0.9166666666666666,0.7999999999999999,0.6385030864197531,0.6180555555555556,0.6164383561643836,0.625,0.6206896551724138,0.2854058721934369,103.33360123634338,0.4995906352996826,103.83319187164308,1test,LeaveOneGroupOut,cross_session,1,branched_diva_ncp,BNCI2014_001,test_perturb,CrossSession,42,False,64.0,0.01,0.0,64.0,0.5,8.0,2.0,125.0,3.0,2.0,MotorImagery,,,,,,,,
dropout,47.73684210526316,0.8935185185185185,0.632716049382716,0.8935185185185185,0.7708333333333334,0.7096774193548387,0.9166666666666666,0.7999999999999999,0.632716049382716,0.5972222222222222,0.5833333333333334,0.6805555555555556,0.6282051282051283,0.2918825561312608,103.33360123634338,0.4555180072784424,103.78911924362184,1test,LeaveOneGroupOut,cross_session,1,branched_diva_ncp,BNCI2014_001,test_perturb,CrossSession,42,False,64.0,0.01,0.0,64.0,0.5,8.0,2.0,125.0,3.0,2.0,MotorImagery,,,,,,,,
dropout,51.631578947368425,0.8935185185185185,0.6197916666666667,0.8935185185185185,0.7708333333333334,0.7096774193548387,0.9166666666666666,0.7999999999999999,0.6197916666666667,0.6111111111111112,0.6081081081081081,0.625,0.6164383561643835,0.3063471502590672,103.33360123634338,0.512667179107666,103.84626841545104,1test,LeaveOneGroupOut,cross_session,1,branched_diva_ncp,BNCI2014_001,test_perturb,CrossSession,42,False,64.0,0.01,0.0,64.0,0.5,8.0,2.0,125.0,3.0,2.0,MotorImagery,,,,,,,,
dropout,55.526315789473685,0.8935185185185185,0.630594135802469,0.8935185185185185,0.7708333333333334,0.7096774193548387,0.9166666666666666,0.7999999999999999,0.630594135802469,0.6041666666666666,0.5949367088607594,0.6527777777777778,0.6225165562913907,0.2942573402417963,103.33360123634338,0.4494028091430664,103.78300404548644,1test,LeaveOneGroupOut,cross_session,1,branched_diva_ncp,BNCI2014_001,test_perturb,CrossSession,42,False,64.0,0.01,0.0,64.0,0.5,8.0,2.0,125.0,3.0,2.0,MotorImagery,,,,,,,,
dropout,59.42105263157895,0.8935185185185185,0.650462962962963,0.8935185185185185,0.7708333333333334,0.7096774193548387,0.9166666666666666,0.7999999999999999,0.650462962962963,0.6041666666666666,0.5903614457831325,0.6805555555555556,0.632258064516129,0.2720207253886009,103.33360123634338,0.4309592247009277,103.76456046104433,1test,LeaveOneGroupOut,cross_session,1,branched_diva_ncp,BNCI2014_001,test_perturb,CrossSession,42,False,64.0,0.01,0.0,64.0,0.5,8.0,2.0,125.0,3.0,2.0,MotorImagery,,,,,,,,
dropout,63.31578947368421,0.8935185185185185,0.650462962962963,0.8935185185185185,0.7708333333333334,0.7096774193548387,0.9166666666666666,0.7999999999999999,0.650462962962963,0.6041666666666666,0.5903614457831325,0.6805555555555556,0.632258064516129,0.2720207253886009,103.33360123634338,0.4258127212524414,103.75941395759584,1test,LeaveOneGroupOut,cross_session,1,branched_diva_ncp,BNCI2014_001,test_perturb,CrossSession,42,False,64.0,0.01,0.0,64.0,0.5,8.0,2.0,125.0,3.0,2.0,MotorImagery,,,,,,,,
dropout,67.21052631578948,0.8935185185185185,0.5462962962962963,0.8935185185185185,0.7708333333333334,0.7096774193548387,0.9166666666666666,0.7999999999999999,0.5462962962962963,0.5416666666666666,0.5384615384615384,0.5833333333333334,0.5599999999999999,0.38860103626943,103.33360123634338,0.4298241138458252,103.7634253501892,1test,LeaveOneGroupOut,cross_session,1,branched_diva_ncp,BNCI2014_001,test_perturb,CrossSession,42,False,64.0,0.01,0.0,64.0,0.5,8.0,2.0,125.0,3.0,2.0,MotorImagery,,,,,,,,
dropout,71.10526315789474,0.8935185185185185,0.5738811728395061,0.8935185185185185,0.7708333333333334,0.7096774193548387,0.9166666666666666,0.7999999999999999,0.5738811728395061,0.5138888888888888,0.5125,0.5694444444444444,0.5394736842105262,0.3577288428324698,103.33360123634338,0.4045073986053467,103.73810863494872,1test,LeaveOneGroupOut,cross_session,1,branched_diva_ncp,BNCI2014_001,test_perturb,CrossSession,42,False,64.0,0.01,0.0,64.0,0.5,8.0,2.0,125.0,3.0,2.0,MotorImagery,,,,,,,,
dropout,75.0,0.8935185185185185,0.5704089506172839,0.8935185185185185,0.7708333333333334,0.7096774193548387,0.9166666666666666,0.7999999999999999,0.5704089506172839,0.5555555555555556,0.5540540540540541,0.5694444444444444,0.5616438356164383,0.3616148531951641,103.33360123634338,0.4194262027740478,103.75302743911745,1test,LeaveOneGroupOut,cross_session,1,branched_diva_ncp,BNCI2014_001,test_perturb,CrossSession,42,False,64.0,0.01,0.0,64.0,0.5,8.0,2.0,125.0,3.0,2.0,MotorImagery,,,,,,,,
eog,1.0,0.8101851851851851,0.8119212962962963,0.8101851851851851,0.5,0.0,0.0,0.0,0.8119212962962963,0.5,0.0,0.0,0.0,-0.0021428571428572,165.85459351539612,0.7267475128173828,166.5813410282135,0train,LeaveOneGroupOut,cross_session,1,cnn_ncp,BNCI2014_001,test_perturb,CrossSession,100,False,64.0,0.0001,0.0005,19.0,,,,,,,MotorImagery,0.7,,,,,,,
eog,6.2105263157894735,0.8101851851851851,0.7457561728395061,0.8101851851851851,0.5,0.0,0.0,0.0,0.7457561728395061,0.5,0.0,0.0,0.0,0.0795238095238095,165.85459351539612,0.7041678428649902,166.5587613582611,0train,LeaveOneGroupOut,cross_session,1,cnn_ncp,BNCI2014_001,test_perturb,CrossSession,100,False,64.0,0.0001,0.0005,19.0,,,,,,,MotorImagery,0.7,,,,,,,
eog,11.421052631578949,0.8101851851851851,0.7995756172839507,0.8101851851851851,0.5,0.0,0.0,0.0,0.7995756172839507,0.5,0.0,0.0,0.0,0.0130952380952379,165.85459351539612,0.6710739135742188,166.52566742897034,0train,LeaveOneGroupOut,cross_session,1,cnn_ncp,BNCI2014_001,test_perturb,CrossSession,100,False,64.0,0.0001,0.0005,19.0,,,,,,,MotorImagery,0.7,,,,,,,
eog,16.63157894736842,0.8101851851851851,0.693479938271605,0.8101851851851851,0.5,0.0,0.0,0.0,0.693479938271605,0.5,0.0,0.0,0.0,0.1440476190476188,165.85459351539612,0.7258265018463135,166.58042001724243,0train,LeaveOneGroupOut,cross_session,1,cnn_ncp,BNCI2014_001,test_perturb,CrossSession,100,False,64.0,0.0001,0.0005,19.0,,,,,,,MotorImagery,0.7,,,,,,,
eog,21.84210526315789,0.8101851851851851,0.7303240740740741,0.8101851851851851,0.5,0.0,0.0,0.0,0.7303240740740741,0.5,0.0,0.0,0.0,0.0985714285714285,165.85459351539612,0.6823925971984863,166.5369861125946,0train,LeaveOneGroupOut,cross_session,1,cnn_ncp,BNCI2014_001,test_perturb,CrossSession,100,False,64.0,0.0001,0.0005,19.0,,,,,,,MotorImagery,0.7,,,,,,,
eog,27.052631578947366,0.8101851851851851,0.730516975308642,0.8101851851851851,0.5,0.0,0.0,0.0,0.730516975308642,0.5,0.0,0.0,0.0,0.0983333333333332,165.85459351539612,0.6794335842132568,166.53402709960938,0train,LeaveOneGroupOut,cross_session,1,cnn_ncp,BNCI2014_001,test_perturb,CrossSession,100,False,64.0,0.0001,0.0005,19.0,,,,,,,MotorImagery,0.7,,,,,,,
eog,32.26315789473684,0.8101851851851851,0.6535493827160493,0.8101851851851851,0.5,0.0,0.0,0.0,0.6535493827160493,0.5,0.0,0.0,0.0,0.1933333333333333,165.85459351539612,0.7396314144134521,166.59422492980957,0train,LeaveOneGroupOut,cross_session,1,cnn_ncp,BNCI2014_001,test_perturb,CrossSession,100,False,64.0,0.0001,0.0005,19.0,,,,,,,MotorImagery,0.7,,,,,,,
eog,37.47368421052632,0.8101851851851851,0.6037808641975309,0.8101851851851851,0.5,0.0,0.0,0.0,0.6037808641975309,0.4930555555555556,0.0,0.0,0.0,0.2547619047619047,165.85459351539612,0.7536554336547852,166.6082489490509,0train,LeaveOneGroupOut,cross_session,1,cnn_ncp,BNCI2014_001,test_perturb,CrossSession,100,False,64.0,0.0001,0.0005,19.0,,,,,,,MotorImagery,0.7,,,,,,,
eog,42.68421052631579,0.8101851851851851,0.6529706790123457,0.8101851851851851,0.5,0.0,0.0,0.0,0.6529706790123457,0.5,0.0,0.0,0.0,0.1940476190476189,165.85459351539612,0.756699800491333,166.61129331588745,0train,LeaveOneGroupOut,cross_session,1,cnn_ncp,BNCI2014_001,test_perturb,CrossSession,100,False,64.0,0.0001,0.0005,19.0,,,,,,,MotorImagery,0.7,,,,,,,
eog,47.89473684210526,0.8101851851851851,0.6784336419753086,0.8101851851851851,0.5,0.0,0.0,0.0,0.6784336419753086,0.5069444444444444,1.0,0.0138888888888888,0.0273972602739726,0.1626190476190475,165.85459351539612,0.7584109306335449,166.61300444602966,0train,LeaveOneGroupOut,cross_session,1,cnn_ncp,BNCI2014_001,test_perturb,CrossSession,100,False,64.0,0.0001,0.0005,19.0,,,,,,,MotorImagery,0.7,,,,,,,
eog,53.10526315789473,0.8101851851851851,0.619212962962963,0.8101851851851851,0.5,0.0,0.0,0.0,0.619212962962963,0.5138888888888888,1.0,0.0277777777777777,0.054054054054054,0.2357142857142855,165.85459351539612,0.7990753650665283,166.65366888046265,0train,LeaveOneGroupOut,cross_session,1,cnn_ncp,BNCI2014_001,test_perturb,CrossSession,100,False,64.0,0.0001,0.0005,19.0,,,,,,,MotorImagery,0.7,,,,,,,
eog,58.315789473684205,0.8101851851851851,0.5607638888888888,0.8101851851851851,0.5,0.0,0.0,0.0,0.5607638888888888,0.4930555555555556,0.0,0.0,0.0,0.3078571428571429,165.85459351539612,0.7688941955566406,166.62348771095276,0train,LeaveOneGroupOut,cross_session,1,cnn_ncp,BNCI2014_001,test_perturb,CrossSession,100,False,64.0,0.0001,0.0005,19.0,,,,,,,MotorImagery,0.7,,,,,,,
eog,63.526315789473685,0.8101851851851851,0.6466049382716049,0.8101851851851851,0.5,0.0,0.0,0.0,0.6466049382716049,0.5138888888888888,1.0,0.0277777777777777,0.054054054054054,0.2019047619047618,165.85459351539612,0.7433013916015625,166.59789490699768,0train,LeaveOneGroupOut,cross_session,1,cnn_ncp,BNCI2014_001,test_perturb,CrossSession,100,False,64.0,0.0001,0.0005,19.0,,,,,,,MotorImagery,0.7,,,,,,,
eog,68.73684210526315,0.8101851851851851,0.6005015432098765,0.8101851851851851,0.5,0.0,0.0,0.0,0.6005015432098765,0.5069444444444444,1.0,0.0138888888888888,0.0273972602739726,0.2588095238095238,165.85459351539612,0.7460684776306152,166.60066199302673,0train,LeaveOneGroupOut,cross_session,1,cnn_ncp,BNCI2014_001,test_perturb,CrossSession,100,False,64.0,0.0001,0.0005,19.0,,,,,,,MotorImagery,0.7,,,,,,,
eog,73.94736842105263,0.8101851851851851,0.6435185185185186,0.8101851851851851,0.5,0.0,0.0,0.0,0.6435185185185186,0.5,0.5,0.0138888888888888,0.027027027027027,0.2057142857142855,165.85459351539612,0.7376847267150879,166.5922782421112,0train,LeaveOneGroupOut,cross_session,1,cnn_ncp,BNCI2014_001,test_perturb,CrossSession,100,False,64.0,0.0001,0.0005,19.0,,,,,,,MotorImagery,0.7,,,,,,,
eog,79.1578947368421,0.8101851851851851,0.5891203703703703,0.8101851851851851,0.5,0.0,0.0,0.0,0.5891203703703703,0.5069444444444444,1.0,0.0138888888888888,0.0273972602739726,0.2728571428571428,165.85459351539612,0.8041605949401855,166.6587541103363,0train,LeaveOneGroupOut,cross_session,1,cnn_ncp,BNCI2014_001,test_perturb,CrossSession,100,False,64.0,0.0001,0.0005,19.0,,,,,,,MotorImagery,0.7,,,,,,,
eog,84.36842105263158,0.8101851851851851,0.6087962962962964,0.8101851851851851,0.5,0.0,0.0,0.0,0.6087962962962964,0.5,0.5,0.0138888888888888,0.027027027027027,0.2485714285714284,165.85459351539612,0.7098667621612549,166.56446027755737,0train,LeaveOneGroupOut,cross_session,1,cnn_ncp,BNCI2014_001,test_perturb,CrossSession,100,False,64.0,0.0001,0.0005,19.0,,,,,,,MotorImagery,0.7,,,,,,,
eog,89.57894736842105,0.8101851851851851,0.5472608024691359,0.8101851851851851,0.5,0.0,0.0,0.0,0.5472608024691359,0.4861111111111111,0.0,0.0,0.0,0.3245238095238094,165.85459351539612,0.7330615520477295,166.58765506744385,0train,LeaveOneGroupOut,cross_session,1,cnn_ncp,BNCI2014_001,test_perturb,CrossSession,100,False,64.0,0.0001,0.0005,19.0,,,,,,,MotorImagery,0.7,,,,,,,
eog,94.78947368421052,0.8101851851851851,0.5704089506172839,0.8101851851851851,0.5,0.0,0.0,0.0,0.5704089506172839,0.5069444444444444,0.6666666666666666,0.0277777777777777,0.0533333333333333,0.2959523809523809,165.85459351539612,0.7405366897583008,166.59513020515442,0train,LeaveOneGroupOut,cross_session,1,cnn_ncp,BNCI2014_001,test_perturb,CrossSession,100,False,64.0,0.0001,0.0005,19.0,,,,,,,MotorImagery,0.7,,,,,,,
eog,100.0,0.8101851851851851,0.6298225308641975,0.8101851851851851,0.5,0.0,0.0,0.0,0.6298225308641975,0.5,0.0,0.0,0.0,0.2226190476190476,165.85459351539612,0.7708907127380371,166.62548422813416,0train,LeaveOneGroupOut,cross_session,1,cnn_ncp,BNCI2014_001,test_perturb,CrossSession,100,False,64.0,0.0001,0.0005,19.0,,,,,,,MotorImagery,0.7,,,,,,,
gaussian,1.0,0.8101851851851851,0.8113425925925926,0.8101851851851851,0.5,0.0,0.0,0.0,0.8113425925925926,0.5,0.0,0.0,0.0,-0.0014285714285714,165.85459351539612,0.6811614036560059,166.53575491905212,0train,LeaveOneGroupOut,cross_session,1,cnn_ncp,BNCI2014_001,test_perturb,CrossSession,100,False,64.0,0.0001,0.0005,19.0,,,,,,,MotorImagery,0.7,,,,,,,
gaussian,4.894736842105264,0.8101851851851851,0.8148148148148149,0.8101851851851851,0.5,0.0,0.0,0.0,0.8148148148148149,0.5,0.0,0.0,0.0,-0.0057142857142858,165.85459351539612,0.7246236801147461,166.57921719551086,0train,LeaveOneGroupOut,cross_session,1,cnn_ncp,BNCI2014_001,test_perturb,CrossSession,100,False,64.0,0.0001,0.0005,19.0,,,,,,,MotorImagery,0.7,,,,,,,
gaussian,8.789473684210527,0.8101851851851851,0.7932098765432098,0.8101851851851851,0.5,0.0,0.0,0.0,0.7932098765432098,0.5,0.0,0.0,0.0,0.0209523809523809,165.85459351539612,0.6867787837982178,166.54137229919434,0train,LeaveOneGroupOut,cross_session,1,cnn_ncp,BNCI2014_001,test_perturb,CrossSession,100,False,64.0,0.0001,0.0005,19.0,,,,,,,MotorImagery,0.7,,,,,,,
gaussian,12.68421052631579,0.8101851851851851,0.7932098765432098,0.8101851851851851,0.5,0.0,0.0,0.0,0.7932098765432098,0.5,0.0,0.0,0.0,0.0209523809523809,165.85459351539612,0.6716105937957764,166.5262041091919,0train,LeaveOneGroupOut,cross_session,1,cnn_ncp,BNCI2014_001,test_perturb,CrossSession,100,False,64.0,0.0001,0.0005,19.0,,,,,,,MotorImagery,0.7,,,,,,,
gaussian,16.578947368421055,0.8101851851851851,0.7231867283950618,0.8101851851851851,0.5,0.0,0.0,0.0,0.7231867283950618,0.5,0.0,0.0,0.0,0.1073809523809522,165.85459351539612,0.7164843082427979,166.57107782363892,0train,LeaveOneGroupOut,cross_session,1,cnn_ncp,BNCI2014_001,test_perturb,CrossSession,100,False,64.0,0.0001,0.0005,19.0,,,,,,,MotorImagery,0.7,,,,,,,
gaussian,20.473684210526315,0.8101851851851851,0.7199074074074073,0.8101851851851851,0.5,0.0,0.0,0.0,0.7199074074074073,0.5,0.0,0.0,0.0,0.1114285714285714,165.85459351539612,0.6712720394134521,166.52586555480957,0train,LeaveOneGroupOut,cross_session,1,cnn_ncp,BNCI2014_001,test_perturb,CrossSession,100,False,64.0,0.0001,0.0005,19.0,,,,,,,MotorImagery,0.7,,,,,,,
gaussian,24.36842105263158,0.8101851851851851,0.6832561728395061,0.8101851851851851,0.5,0.0,0.0,0.0,0.6832561728395061,0.5,0.0,0.0,0.0,0.1566666666666666,165.85459351539612,0.6665329933166504,166.52112650871277,0train,LeaveOneGroupOut,cross_session,1,cnn_ncp,BNCI2014_001,test_perturb,CrossSession,100,False,64.0,0.0001,0.0005,19.0,,,,,,,MotorImagery,0.7,,,,,,,
gaussian,28.26315789473684,0.8101851851851851,0.6240354938271605,0.8101851851851851,0.5,0.0,0.0,0.0,0.6240354938271605,0.5069444444444444,0.6666666666666666,0.0277777777777777,0.0533333333333333,0.2297619047619047,165.85459351539612,0.6809577941894531,166.53555130958557,0train,LeaveOneGroupOut,cross_session,1,cnn_ncp,BNCI2014_001,test_perturb,CrossSession,100,False,64.0,0.0001,0.0005,19.0,,,,,,,MotorImagery,0.7,,,,,,,
gaussian,32.15789473684211,0.8101851851851851,0.5617283950617284,0.8101851851851851,0.5,0.0,0.0,0.0,0.5617283950617284,0.5138888888888888,0.6666666666666666,0.0555555555555555,0.1025641025641025,0.3066666666666665,165.85459351539612,0.6641368865966797,166.5187304019928,0train,LeaveOneGroupOut,cross_session,1,cnn_ncp,BNCI2014_001,test_perturb,CrossSession,100,False,64.0,0.0001,0.0005,19.0,,,,,,,MotorImagery,0.7,,,,,,,
gaussian,36.05263157894737,0.8101851851851851,0.543016975308642,0.8101851851851851,0.5,0.0,0.0,0.0,0.543016975308642,0.4930555555555556,0.4736842105263157,0.125,0.1978021978021978,0.3297619047619046,165.85459351539612,0.7046945095062256,166.55928802490234,0train,LeaveOneGroupOut,cross_session,1,cnn_ncp,BNCI2014_001,test_perturb,CrossSession,100,False,64.0,0.0001,0.0005,19.0,,,,,,,MotorImagery,0.7,,,,,,,
gaussian,39.94736842105263,0.8101851851851851,0.595679012345679,0.8101851851851851,0.5,0.0,0.0,0.0,0.595679012345679,0.5347222222222222,0.631578947368421,0.1666666666666666,0.2637362637362637,0.2647619047619047,165.85459351539612,0.6781511306762695,166.5327446460724,0train,LeaveOneGroupOut,cross_session,1,cnn_ncp,BNCI2014_001,test_perturb,CrossSession,100,False,64.0,0.0001,0.0005,19.0,,,,,,,MotorImagery,0.7,,,,,,,
gaussian,43.8421052631579,0.8101851851851851,0.5470679012345679,0.8101851851851851,0.5,0.0,0.0,0.0,0.5470679012345679,0.5555555555555556,0.6666666666666666,0.2222222222222222,0.3333333333333333,0.3247619047619046,165.85459351539612,0.7082955837249756,166.5628890991211,0train,LeaveOneGroupOut,cross_session,1,cnn_ncp,BNCI2014_001,test_perturb,CrossSession,100,False,64.0,0.0001,0.0005,19.0,,,,,,,MotorImagery,0.7,,,,,,,
gaussian,47.73684210526316,0.8101851851851851,0.6032021604938272,0.8101851851851851,0.5,0.0,0.0,0.0,0.6032021604938272,0.5277777777777778,0.5434782608695652,0.3472222222222222,0.423728813559322,0.2554761904761903,165.85459351539612,0.6862912178039551,166.54088473320007,0train,LeaveOneGroupOut,cross_session,1,cnn_ncp,BNCI2014_001,test_perturb,CrossSession,100,False,64.0,0.0001,0.0005,19.0,,,,,,,MotorImagery,0.7,,,,,,,
gaussian,51.631578947368425,0.8101851851851851,0.5962577160493827,0.8101851851851851,0.5,0.0,0.0,0.0,0.5962577160493827,0.5416666666666666,0.56,0.3888888888888889,0.4590163934426229,0.264047619047619,165.85459351539612,0.678534746170044,166.53312826156616,0train,LeaveOneGroupOut,cross_session,1,cnn_ncp,BNCI2014_001,test_perturb,CrossSession,100,False,64.0,0.0001,0.0005,19.0,,,,,,,MotorImagery,0.7,,,,,,,
gaussian,55.526315789473685,0.8101851851851851,0.6047453703703703,0.8101851851851851,0.5,0.0,0.0,0.0,0.6047453703703703,0.5763888888888888,0.5901639344262295,0.5,0.5413533834586466,0.2535714285714285,165.85459351539612,0.6883056163787842,166.5428991317749,0train,LeaveOneGroupOut,cross_session,1,cnn_ncp,BNCI2014_001,test_perturb,CrossSession,100,False,64.0,0.0001,0.0005,19.0,,,,,,,MotorImagery,0.7,,,,,,,
gaussian,59.42105263157895,0.8101851851851851,0.5590277777777778,0.8101851851851851,0.5,0.0,0.0,0.0,0.5590277777777778,0.5694444444444444,0.5735294117647058,0.5416666666666666,0.557142857142857,0.3099999999999999,165.85459351539612,0.6875133514404297,166.54210686683655,0train,LeaveOneGroupOut,cross_session,1,cnn_ncp,BNCI2014_001,test_perturb,CrossSession,100,False,64.0,0.0001,0.0005,19.0,,,,,,,MotorImagery,0.7,,,,,,,
gaussian,63.31578947368421,0.8101851851851851,0.4880401234567901,0.8101851851851851,0.5,0.0,0.0,0.0,0.4880401234567901,0.5069444444444444,0.5066666666666667,0.5277777777777778,0.5170068027210885,0.3976190476190475,165.85459351539612,0.6877870559692383,166.54238057136536,0train,LeaveOneGroupOut,cross_session,1,cnn_ncp,BNCI2014_001,test_perturb,CrossSession,100,False,64.0,0.0001,0.0005,19.0,,,,,,,MotorImagery,0.7,,,,,,,
gaussian,67.21052631578948,0.8101851851851851,0.5563271604938271,0.8101851851851851,0.5,0.0,0.0,0.0,0.5563271604938271,0.5138888888888888,0.5111111111111111,0.6388888888888888,0.5679012345679012,0.3133333333333333,165.85459351539612,0.6697578430175781,166.5243513584137,0train,LeaveOneGroupOut,cross_session,1,cnn_ncp,BNCI2014_001,test_perturb,CrossSession,100,False,64.0,0.0001,0.0005,19.0,,,,,,,MotorImagery,0.7,,,,,,,
gaussian,71.10526315789474,0.8101851851851851,0.5073302469135803,0.8101851851851851,0.5,0.0,0.0,0.0,0.5073302469135803,0.5208333333333334,0.5185185185185185,0.5833333333333334,0.5490196078431373,0.3738095238095237,165.85459351539612,0.708763599395752,166.56335711479187,0train,LeaveOneGroupOut,cross_session,1,cnn_ncp,BNCI2014_001,test_perturb,CrossSession,100,False,64.0,0.0001,0.0005,19.0,,,,,,,MotorImagery,0.7,,,,,,,
gaussian,75.0,0.8101851851851851,0.503858024691358,0.8101851851851851,0.5,0.0,0.0,0.0,0.503858024691358,0.5277777777777778,0.5238095238095238,0.6111111111111112,0.5641025641025642,0.3780952380952381,165.85459351539612,0.6485271453857422,166.50312066078186,0train,LeaveOneGroupOut,cross_session,1,cnn_ncp,BNCI2014_001,test_perturb,CrossSession,100,False,64.0,0.0001,0.0005,19.0,,,,,,,MotorImagery,0.7,,,,,,,
dropout,1.0,0.8101851851851851,0.7297453703703703,0.8101851851851851,0.5,0.0,0.0,0.0,0.7297453703703703,0.5,0.0,0.0,0.0,0.0992857142857142,165.85459351539612,0.6676023006439209,166.52219581604004,0train,LeaveOneGroupOut,cross_session,1,cnn_ncp,BNCI2014_001,test_perturb,CrossSession,100,False,64.0,0.0001,0.0005,19.0,,,,,,,MotorImagery,0.7,,,,,,,
dropout,4.894736842105264,0.8101851851851851,0.7297453703703703,0.8101851851851851,0.5,0.0,0.0,0.0,0.7297453703703703,0.5,0.0,0.0,0.0,0.0992857142857142,165.85459351539612,0.6845574378967285,166.53915095329285,0train,LeaveOneGroupOut,cross_session,1,cnn_ncp,BNCI2014_001,test_perturb,CrossSession,100,False,64.0,0.0001,0.0005,19.0,,,,,,,MotorImagery,0.7,,,,,,,
dropout,8.789473684210527,0.8101851851851851,0.7297453703703703,0.8101851851851851,0.5,0.0,0.0,0.0,0.7297453703703703,0.5,0.0,0.0,0.0,0.0992857142857142,165.85459351539612,0.7096860408782959,166.5642795562744,0train,LeaveOneGroupOut,cross_session,1,cnn_ncp,BNCI2014_001,test_perturb,CrossSession,100,False,64.0,0.0001,0.0005,19.0,,,,,,,MotorImagery,0.7,,,,,,,
dropout,12.68421052631579,0.8101851851851851,0.6950231481481483,0.8101851851851851,0.5,0.0,0.0,0.0,0.6950231481481483,0.5,0.0,0.0,0.0,0.1421428571428569,165.85459351539612,0.6836633682250977,166.53825688362122,0train,LeaveOneGroupOut,cross_session,1,cnn_ncp,BNCI2014_001,test_perturb,CrossSession,100,False,64.0,0.0001,0.0005,19.0,,,,,,,MotorImagery,0.7,,,,,,,
dropout,16.578947368421055,0.8101851851851851,0.6475694444444444,0.8101851851851851,0.5,0.0,0.0,0.0,0.6475694444444444,0.5069444444444444,1.0,0.0138888888888888,0.0273972602739726,0.2007142857142856,165.85459351539612,0.6919801235198975,166.54657363891602,0train,LeaveOneGroupOut,cross_session,1,cnn_ncp,BNCI2014_001,test_perturb,CrossSession,100,False,64.0,0.0001,0.0005,19.0,,,,,,,MotorImagery,0.7,,,,,,,
dropout,20.473684210526315,0.8101851851851851,0.7173996913580248,0.8101851851851851,0.5,0.0,0.0,0.0,0.7173996913580248,0.5138888888888888,0.75,0.0416666666666666,0.0789473684210526,0.1145238095238092,165.85459351539612,0.7006397247314453,166.55523324012756,0train,LeaveOneGroupOut,cross_session,1,cnn_ncp,BNCI2014_001,test_perturb,CrossSession,100,False,64.0,0.0001,0.0005,19.0,,,,,,,MotorImagery,0.7,,,,,,,
dropout,24.36842105263158,0.8101851851851851,0.6552854938271605,0.8101851851851851,0.5,0.0,0.0,0.0,0.6552854938271605,0.5138888888888888,1.0,0.0277777777777777,0.054054054054054,0.1911904761904761,165.85459351539612,0.6798045635223389,166.53439807891846,0train,LeaveOneGroupOut,cross_session,1,cnn_ncp,BNCI2014_001,test_perturb,CrossSession,100,False,64.0,0.0001,0.0005,19.0,,,,,,,MotorImagery,0.7,,,,,,,
dropout,28.26315789473684,0.8101851851851851,0.6124614197530864,0.8101851851851851,0.5,0.0,0.0,0.0,0.6124614197530864,0.5069444444444444,0.6666666666666666,0.0277777777777777,0.0533333333333333,0.2440476190476189,165.85459351539612,0.689908504486084,166.5445020198822,0train,LeaveOneGroupOut,cross_session,1,cnn_ncp,BNCI2014_001,test_perturb,CrossSession,100,False,64.0,0.0001,0.0005,19.0,,,,,,,MotorImagery,0.7,,,,,,,
dropout,32.15789473684211,0.8101851851851851,0.6595293209876543,0.8101851851851851,0.5,0.0,0.0,0.0,0.6595293209876543,0.5069444444444444,1.0,0.0138888888888888,0.0273972602739726,0.1859523809523809,165.85459351539612,0.6719691753387451,166.52656269073486,0train,LeaveOneGroupOut,cross_session,1,cnn_ncp,BNCI2014_001,test_perturb,CrossSession,100,False,64.0,0.0001,0.0005,19.0,,,,,,,MotorImagery,0.7,,,,,,,
dropout,36.05263157894737,0.8101851851851851,0.6595293209876543,0.8101851851851851,0.5,0.0,0.0,0.0,0.6595293209876543,0.5069444444444444,1.0,0.0138888888888888,0.0273972602739726,0.1859523809523809,165.85459351539612,0.687108039855957,166.54170155525208,0train,LeaveOneGroupOut,cross_session,1,cnn_ncp,BNCI2014_001,test_perturb,CrossSession,100,False,64.0,0.0001,0.0005,19.0,,,,,,,MotorImagery,0.7,,,,,,,
dropout,39.94736842105263,0.8101851851851851,0.6097608024691358,0.8101851851851851,0.5,0.0,0.0,0.0,0.6097608024691358,0.5069444444444444,1.0,0.0138888888888888,0.0273972602739726,0.2473809523809523,165.85459351539612,0.6750404834747314,166.52963399887085,0train,LeaveOneGroupOut,cross_session,1,cnn_ncp,BNCI2014_001,test_perturb,CrossSession,100,False,64.0,0.0001,0.0005,19.0,,,,,,,MotorImagery,0.7,,,,,,,
dropout,43.8421052631579,0.8101851851851851,0.5893132716049383,0.8101851851851851,0.5,0.0,0.0,0.0,0.5893132716049383,0.5069444444444444,1.0,0.0138888888888888,0.0273972602739726,0.2726190476190475,165.85459351539612,0.7234399318695068,166.57803344726562,0train,LeaveOneGroupOut,cross_session,1,cnn_ncp,BNCI2014_001,test_perturb,CrossSession,100,False,64.0,0.0001,0.0005,19.0,,,,,,,MotorImagery,0.7,,,,,,,
dropout,47.73684210526316,0.8101851851851851,0.6520061728395061,0.8101851851851851,0.5,0.0,0.0,0.0,0.6520061728395061,0.4930555555555556,0.3333333333333333,0.0138888888888888,0.0266666666666666,0.1952380952380952,165.85459351539612,0.6637909412384033,166.51838445663452,0train,LeaveOneGroupOut,cross_session,1,cnn_ncp,BNCI2014_001,test_perturb,CrossSession,100,False,64.0,0.0001,0.0005,19.0,,,,,,,MotorImagery,0.7,,,,,,,
dropout,51.631578947368425,0.8101851851851851,0.4907407407407407,0.8101851851851851,0.5,0.0,0.0,0.0,0.4907407407407407,0.4930555555555556,0.4,0.0277777777777777,0.0519480519480519,0.3942857142857143,165.85459351539612,0.7440617084503174,166.59865522384644,0train,LeaveOneGroupOut,cross_session,1,cnn_ncp,BNCI2014_001,test_perturb,CrossSession,100,False,64.0,0.0001,0.0005,19.0,,,,,,,MotorImagery,0.7,,,,,,,
dropout,55.526315789473685,0.8101851851851851,0.5972222222222222,0.8101851851851851,0.5,0.0,0.0,0.0,0.5972222222222222,0.5069444444444444,1.0,0.0138888888888888,0.0273972602739726,0.2628571428571428,165.85459351539612,0.7119343280792236,166.56652784347534,0train,LeaveOneGroupOut,cross_session,1,cnn_ncp,BNCI2014_001,test_perturb,CrossSession,100,False,64.0,0.0001,0.0005,19.0,,,,,,,MotorImagery,0.7,,,,,,,
dropout,59.42105263157895,0.8101851851851851,0.5869984567901234,0.8101851851851851,0.5,0.0,0.0,0.0,0.5869984567901234,0.5277777777777778,0.8333333333333334,0.0694444444444444,0.1282051282051282,0.2754761904761905,165.85459351539612,0.6814634799957275,166.53605699539185,0train,LeaveOneGroupOut,cross_session,1,cnn_ncp,BNCI2014_001,test_perturb,CrossSession,100,False,64.0,0.0001,0.0005,19.0,,,,,,,MotorImagery,0.7,,,,,,,
dropout,63.31578947368421,0.8101851851851851,0.5869984567901234,0.8101851851851851,0.5,0.0,0.0,0.0,0.5869984567901234,0.5277777777777778,0.8333333333333334,0.0694444444444444,0.1282051282051282,0.2754761904761905,165.85459351539612,0.6947681903839111,166.54936170578003,0train,LeaveOneGroupOut,cross_session,1,cnn_ncp,BNCI2014_001,test_perturb,CrossSession,100,False,64.0,0.0001,0.0005,19.0,,,,,,,MotorImagery,0.7,,,,,,,
dropout,67.21052631578948,0.8101851851851851,0.568094135802469,0.8101851851851851,0.5,0.0,0.0,0.0,0.568094135802469,0.5069444444444444,1.0,0.0138888888888888,0.0273972602739726,0.2988095238095238,165.85459351539612,0.7204887866973877,166.5750823020935,0train,LeaveOneGroupOut,cross_session,1,cnn_ncp,BNCI2014_001,test_perturb,CrossSession,100,False,64.0,0.0001,0.0005,19.0,,,,,,,MotorImagery,0.7,,,,,,,
dropout,71.10526315789474,0.8101851851851851,0.4103009259259259,0.8101851851851851,0.5,0.0,0.0,0.0,0.4103009259259259,0.4861111111111111,0.3333333333333333,0.0277777777777777,0.0512820512820512,0.4935714285714285,165.85459351539612,0.6800177097320557,166.53461122512817,0train,LeaveOneGroupOut,cross_session,1,cnn_ncp,BNCI2014_001,test_perturb,CrossSession,100,False,64.0,0.0001,0.0005,19.0,,,,,,,MotorImagery,0.7,,,,,,,
dropout,75.0,0.8101851851851851,0.5412808641975309,0.8101851851851851,0.5,0.0,0.0,0.0,0.5412808641975309,0.5069444444444444,0.6666666666666666,0.0277777777777777,0.0533333333333333,0.3319047619047618,165.85459351539612,0.6737241744995117,166.52831768989563,0train,LeaveOneGroupOut,cross_session,1,cnn_ncp,BNCI2014_001,test_perturb,CrossSession,100,False,64.0,0.0001,0.0005,19.0,,,,,,,MotorImagery,0.7,,,,,,,
eog,1.0,0.8346836419753086,0.8283179012345678,0.8346836419753086,0.5,0.0,0.0,0.0,0.8283179012345678,0.5,0.0,0.0,0.0,0.0076265310838919,164.01543807983398,0.6581847667694092,164.6736228466034,1test,LeaveOneGroupOut,cross_session,1,cnn_ncp,BNCI2014_001,test_perturb,CrossSession,100,False,64.0,0.0001,0.0005,19.0,,,,,,,MotorImagery,0.7,,,,,,,
eog,6.2105263157894735,0.8346836419753086,0.8385416666666666,0.8346836419753086,0.5,0.0,0.0,0.0,0.8385416666666666,0.5069444444444444,1.0,0.0138888888888888,0.0273972602739726,-0.0046221400508434,164.01543807983398,0.653066873550415,164.6685049533844,1test,LeaveOneGroupOut,cross_session,1,cnn_ncp,BNCI2014_001,test_perturb,CrossSession,100,False,64.0,0.0001,0.0005,19.0,,,,,,,MotorImagery,0.7,,,,,,,
eog,11.421052631578949,0.8346836419753086,0.7843364197530864,0.8346836419753086,0.5,0.0,0.0,0.0,0.7843364197530864,0.5,0.0,0.0,0.0,0.0603189276635081,164.01543807983398,0.754810094833374,164.77024817466736,1test,LeaveOneGroupOut,cross_session,1,cnn_ncp,BNCI2014_001,test_perturb,CrossSession,100,False,64.0,0.0001,0.0005,19.0,,,,,,,MotorImagery,0.7,,,,,,,
eog,16.63157894736842,0.8346836419753086,0.7853009259259259,0.8346836419753086,0.5,0.0,0.0,0.0,0.7853009259259259,0.5,0.0,0.0,0.0,0.0591633926507973,164.01543807983398,0.6847279071807861,164.70016598701477,1test,LeaveOneGroupOut,cross_session,1,cnn_ncp,BNCI2014_001,test_perturb,CrossSession,100,False,64.0,0.0001,0.0005,19.0,,,,,,,MotorImagery,0.7,,,,,,,
eog,21.84210526315789,0.8346836419753086,0.759837962962963,0.8346836419753086,0.5,0.0,0.0,0.0,0.759837962962963,0.5,0.0,0.0,0.0,0.0896695169863646,164.01543807983398,0.8079531192779541,164.82339119911194,1test,LeaveOneGroupOut,cross_session,1,cnn_ncp,BNCI2014_001,test_perturb,CrossSession,100,False,64.0,0.0001,0.0005,19.0,,,,,,,MotorImagery,0.7,,,,,,,
eog,27.052631578947366,0.8346836419753086,0.7299382716049383,0.8346836419753086,0.5,0.0,0.0,0.0,0.7299382716049383,0.5,0.0,0.0,0.0,0.1254911023804021,164.01543807983398,0.7410755157470703,164.75651359558103,1test,LeaveOneGroupOut,cross_session,1,cnn_ncp,BNCI2014_001,test_perturb,CrossSession,100,False,64.0,0.0001,0.0005,19.0,,,,,,,MotorImagery,0.7,,,,,,,
eog,32.26315789473684,0.8346836419753086,0.7378472222222223,0.8346836419753086,0.5,0.0,0.0,0.0,0.7378472222222223,0.5,0.5,0.0138888888888888,0.027027027027027,0.1160157152761727,164.01543807983398,0.7205626964569092,164.7360007762909,1test,LeaveOneGroupOut,cross_session,1,cnn_ncp,BNCI2014_001,test_perturb,CrossSession,100,False,64.0,0.0001,0.0005,19.0,,,,,,,MotorImagery,0.7,,,,,,,
eog,37.47368421052632,0.8346836419753086,0.7798996913580247,0.8346836419753086,0.5,0.0,0.0,0.0,0.7798996913580247,0.5,0.5,0.0138888888888888,0.027027027027027,0.0656343887219782,164.01543807983398,0.7335405349731445,164.74897861480713,1test,LeaveOneGroupOut,cross_session,1,cnn_ncp,BNCI2014_001,test_perturb,CrossSession,100,False,64.0,0.0001,0.0005,19.0,,,,,,,MotorImagery,0.7,,,,,,,
eog,42.68421052631579,0.8346836419753086,0.6950231481481483,0.8346836419753086,0.5,0.0,0.0,0.0,0.6950231481481483,0.5138888888888888,0.75,0.0416666666666666,0.0789473684210526,0.167321469840536,164.01543807983398,0.8075070381164551,164.82294511795044,1test,LeaveOneGroupOut,cross_session,1,cnn_ncp,BNCI2014_001,test_perturb,CrossSession,100,False,64.0,0.0001,0.0005,19.0,,,,,,,MotorImagery,0.7,,,,,,,
eog,47.89473684210526,0.8346836419753086,0.7513503086419754,0.8346836419753086,0.5,0.0,0.0,0.0,0.7513503086419754,0.5069444444444444,1.0,0.0138888888888888,0.0273972602739726,0.0998382250982203,164.01543807983398,0.8001880645751953,164.81562614440918,1test,LeaveOneGroupOut,cross_session,1,cnn_ncp,BNCI2014_001,test_perturb,CrossSession,100,False,64.0,0.0001,0.0005,19.0,,,,,,,MotorImagery,0.7,,,,,,,
eog,53.10526315789473,0.8346836419753086,0.6990740740740741,0.8346836419753086,0.5,0.0,0.0,0.0,0.6990740740740741,0.5277777777777778,1.0,0.0555555555555555,0.1052631578947368,0.1624682227871504,164.01543807983398,0.7478373050689697,164.76327538490295,1test,LeaveOneGroupOut,cross_session,1,cnn_ncp,BNCI2014_001,test_perturb,CrossSession,100,False,64.0,0.0001,0.0005,19.0,,,,,,,MotorImagery,0.7,,,,,,,
eog,58.315789473684205,0.8346836419753086,0.7197145061728395,0.8346836419753086,0.5,0.0,0.0,0.0,0.7197145061728395,0.5138888888888888,0.75,0.0416666666666666,0.0789473684210526,0.1377397735151375,164.01543807983398,0.7721741199493408,164.78761219978333,1test,LeaveOneGroupOut,cross_session,1,cnn_ncp,BNCI2014_001,test_perturb,CrossSession,100,False,64.0,0.0001,0.0005,19.0,,,,,,,MotorImagery,0.7,,,,,,,
eog,63.526315789473685,0.8346836419753086,0.7341820987654322,0.8346836419753086,0.5,0.0,0.0,0.0,0.7341820987654322,0.5347222222222222,1.0,0.0694444444444444,0.1298701298701298,0.1204067483244741,164.01543807983398,0.7519831657409668,164.76742124557495,1test,LeaveOneGroupOut,cross_session,1,cnn_ncp,BNCI2014_001,test_perturb,CrossSession,100,False,64.0,0.0001,0.0005,19.0,,,,,,,MotorImagery,0.7,,,,,,,
eog,68.73684210526315,0.8346836419753086,0.7334104938271605,0.8346836419753086,0.5,0.0,0.0,0.0,0.7334104938271605,0.5277777777777778,1.0,0.0555555555555555,0.1052631578947368,0.1213311763346429,164.01543807983398,0.7480933666229248,164.7635314464569,1test,LeaveOneGroupOut,cross_session,1,cnn_ncp,BNCI2014_001,test_perturb,CrossSession,100,False,64.0,0.0001,0.0005,19.0,,,,,,,MotorImagery,0.7,,,,,,,
eog,73.94736842105263,0.8346836419753086,0.6830632716049382,0.8346836419753086,0.5,0.0,0.0,0.0,0.6830632716049382,0.5138888888888888,1.0,0.0277777777777777,0.054054054054054,0.1816501039981512,164.01543807983398,0.7469949722290039,164.762433052063,1test,LeaveOneGroupOut,cross_session,1,cnn_ncp,BNCI2014_001,test_perturb,CrossSession,100,False,64.0,0.0001,0.0005,19.0,,,,,,,MotorImagery,0.7,,,,,,,
eog,79.1578947368421,0.8346836419753086,0.7029320987654322,0.8346836419753086,0.5,0.0,0.0,0.0,0.7029320987654322,0.5208333333333334,1.0,0.0416666666666666,0.0799999999999999,0.1578460827363068,164.01543807983398,0.7478833198547363,164.76332139968872,1test,LeaveOneGroupOut,cross_session,1,cnn_ncp,BNCI2014_001,test_perturb,CrossSession,100,False,64.0,0.0001,0.0005,19.0,,,,,,,MotorImagery,0.7,,,,,,,
eog,84.36842105263158,0.8346836419753086,0.7173996913580247,0.8346836419753086,0.5,0.0,0.0,0.0,0.7173996913580247,0.5486111111111112,1.0,0.0972222222222222,0.1772151898734177,0.1405130575456435,164.01543807983398,0.7596876621246338,164.77512574195862,1test,LeaveOneGroupOut,cross_session,1,cnn_ncp,BNCI2014_001,test_perturb,CrossSession,100,False,64.0,0.0001,0.0005,19.0,,,,,,,MotorImagery,0.7,,,,,,,
eog,89.57894736842105,0.8346836419753086,0.6938657407407407,0.8346836419753086,0.5,0.0,0.0,0.0,0.6938657407407407,0.5347222222222222,1.0,0.0694444444444444,0.1298701298701298,0.1687081118557893,164.01543807983398,0.7385170459747314,164.75395512580872,1test,LeaveOneGroupOut,cross_session,1,cnn_ncp,BNCI2014_001,test_perturb,CrossSession,100,False,64.0,0.0001,0.0005,19.0,,,,,,,MotorImagery,0.7,,,,,,,
eog,94.78947368421052,0.8346836419753086,0.7255015432098766,0.8346836419753086,0.5,0.0,0.0,0.0,0.7255015432098766,0.5486111111111112,0.8888888888888888,0.1111111111111111,0.1975308641975308,0.1308065634388721,164.01543807983398,0.7574694156646729,164.77290749549866,1test,LeaveOneGroupOut,cross_session,1,cnn_ncp,BNCI2014_001,test_perturb,CrossSession,100,False,64.0,0.0001,0.0005,19.0,,,,,,,MotorImagery,0.7,,,,,,,
eog,100.0,0.8346836419753086,0.7501929012345679,0.8346836419753086,0.5,0.0,0.0,0.0,0.7501929012345679,0.5347222222222222,0.8571428571428571,0.0833333333333333,0.1518987341772152,0.1012248671134734,164.01543807983398,0.7237105369567871,164.73914861679077,1test,LeaveOneGroupOut,cross_session,1,cnn_ncp,BNCI2014_001,test_perturb,CrossSession,100,False,64.0,0.0001,0.0005,19.0,,,,,,,MotorImagery,0.7,,,,,,,
gaussian,1.0,0.8346836419753086,0.8342978395061729,0.8346836419753086,0.5,0.0,0.0,0.0,0.8342978395061729,0.5,0.0,0.0,0.0,0.0004622140050843,164.01543807983398,0.6977462768554688,164.71318435668945,1test,LeaveOneGroupOut,cross_session,1,cnn_ncp,BNCI2014_001,test_perturb,CrossSession,100,False,64.0,0.0001,0.0005,19.0,,,,,,,MotorImagery,0.7,,,,,,,
gaussian,4.894736842105264,0.8346836419753086,0.8335262345679012,0.8346836419753086,0.5,0.0,0.0,0.0,0.8335262345679012,0.5,0.0,0.0,0.0,0.0013866420152531,164.01543807983398,0.6783044338226318,164.69374251365662,1test,LeaveOneGroupOut,cross_session,1,cnn_ncp,BNCI2014_001,test_perturb,CrossSession,100,False,64.0,0.0001,0.0005,19.0,,,,,,,MotorImagery,0.7,,,,,,,
gaussian,8.789473684210527,0.8346836419753086,0.8341049382716049,0.8346836419753086,0.5,0.0,0.0,0.0,0.8341049382716049,0.5,0.0,0.0,0.0,0.0006933210076265,164.01543807983398,0.680081844329834,164.69551992416382,1test,LeaveOneGroupOut,cross_session,1,cnn_ncp,BNCI2014_001,test_perturb,CrossSession,100,False,64.0,0.0001,0.0005,19.0,,,,,,,MotorImagery,0.7,,,,,,,
gaussian,12.68421052631579,0.8346836419753086,0.7941743827160495,0.8346836419753086,0.5,0.0,0.0,0.0,0.7941743827160495,0.5,0.0,0.0,0.0,0.048532470533857,164.01543807983398,0.6756765842437744,164.69111466407776,1test,LeaveOneGroupOut,cross_session,1,cnn_ncp,BNCI2014_001,test_perturb,CrossSession,100,False,64.0,0.0001,0.0005,19.0,,,,,,,MotorImagery,0.7,,,,,,,
gaussian,16.578947368421055,0.8346836419753086,0.8234953703703703,0.8346836419753086,0.5,0.0,0.0,0.0,0.8234953703703703,0.5,0.0,0.0,0.0,0.0134042061474462,164.01543807983398,0.6721866130828857,164.68762469291687,1test,LeaveOneGroupOut,cross_session,1,cnn_ncp,BNCI2014_001,test_perturb,CrossSession,100,False,64.0,0.0001,0.0005,19.0,,,,,,,MotorImagery,0.7,,,,,,,
gaussian,20.473684210526315,0.8346836419753086,0.7739197530864197,0.8346836419753086,0.5,0.0,0.0,0.0,0.7739197530864197,0.5,0.0,0.0,0.0,0.0727987058007858,164.01543807983398,0.684561014175415,164.6999990940094,1test,LeaveOneGroupOut,cross_session,1,cnn_ncp,BNCI2014_001,test_perturb,CrossSession,100,False,64.0,0.0001,0.0005,19.0,,,,,,,MotorImagery,0.7,,,,,,,
gaussian,24.36842105263158,0.8346836419753086,0.7407407407407408,0.8346836419753086,0.5,0.0,0.0,0.0,0.7407407407407408,0.5,0.0,0.0,0.0,0.1125491102380401,164.01543807983398,0.6793925762176514,164.69483065605164,1test,LeaveOneGroupOut,cross_session,1,cnn_ncp,BNCI2014_001,test_perturb,CrossSession,100,False,64.0,0.0001,0.0005,19.0,,,,,,,MotorImagery,0.7,,,,,,,
gaussian,28.26315789473684,0.8346836419753086,0.7060185185185186,0.8346836419753086,0.5,0.0,0.0,0.0,0.7060185185185186,0.5416666666666666,1.0,0.0833333333333333,0.1538461538461538,0.1541483706956319,164.01543807983398,0.6676702499389648,164.68310832977295,1test,LeaveOneGroupOut,cross_session,1,cnn_ncp,BNCI2014_001,test_perturb,CrossSession,100,False,64.0,0.0001,0.0005,19.0,,,,,,,MotorImagery,0.7,,,,,,,
gaussian,32.15789473684211,0.8346836419753086,0.58179012345679,0.8346836419753086,0.5,0.0,0.0,0.0,0.58179012345679,0.5138888888888888,0.6666666666666666,0.0555555555555555,0.1025641025641025,0.3029812803327942,164.01543807983398,0.6752681732177734,164.69070625305176,1test,LeaveOneGroupOut,cross_session,1,cnn_ncp,BNCI2014_001,test_perturb,CrossSession,100,False,64.0,0.0001,0.0005,19.0,,,,,,,MotorImagery,0.7,,,,,,,
gaussian,36.05263157894737,0.8346836419753086,0.5954861111111112,0.8346836419753086,0.5,0.0,0.0,0.0,0.5954861111111112,0.5694444444444444,0.8125,0.1805555555555555,0.2954545454545454,0.2865726831522994,164.01543807983398,0.7134833335876465,164.72892141342163,1test,LeaveOneGroupOut,cross_session,1,cnn_ncp,BNCI2014_001,test_perturb,CrossSession,100,False,64.0,0.0001,0.0005,19.0,,,,,,,MotorImagery,0.7,,,,,,,
gaussian,39.94736842105263,0.8346836419753086,0.6064814814814814,0.8346836419753086,0.5,0.0,0.0,0.0,0.6064814814814814,0.5625,1.0,0.125,0.2222222222222222,0.2733995840073955,164.01543807983398,0.7177503108978271,164.7331883907318,1test,LeaveOneGroupOut,cross_session,1,cnn_ncp,BNCI2014_001,test_perturb,CrossSession,100,False,64.0,0.0001,0.0005,19.0,,,,,,,MotorImagery,0.7,,,,,,,
gaussian,43.8421052631579,0.8346836419753086,0.5754243827160493,0.8346836419753086,0.5,0.0,0.0,0.0,0.5754243827160493,0.4930555555555556,0.4545454545454545,0.0694444444444444,0.1204819277108433,0.310607811416686,164.01543807983398,0.7344741821289062,164.7499122619629,1test,LeaveOneGroupOut,cross_session,1,cnn_ncp,BNCI2014_001,test_perturb,CrossSession,100,False,64.0,0.0001,0.0005,19.0,,,,,,,MotorImagery,0.7,,,,,,,
gaussian,47.73684210526316,0.8346836419753086,0.6026234567901235,0.8346836419753086,0.5,0.0,0.0,0.0,0.6026234567901235,0.5277777777777778,0.5714285714285714,0.2222222222222222,0.32,0.2780217240582389,164.01543807983398,0.6762557029724121,164.6916937828064,1test,LeaveOneGroupOut,cross_session,1,cnn_ncp,BNCI2014_001,test_perturb,CrossSession,100,False,64.0,0.0001,0.0005,19.0,,,,,,,MotorImagery,0.7,,,,,,,
gaussian,51.631578947368425,0.8346836419753086,0.5964506172839507,0.8346836419753086,0.5,0.0,0.0,0.0,0.5964506172839507,0.5763888888888888,0.6486486486486487,0.3333333333333333,0.4403669724770642,0.2854171481395886,164.01543807983398,0.7216291427612305,164.7370672225952,1test,LeaveOneGroupOut,cross_session,1,cnn_ncp,BNCI2014_001,test_perturb,CrossSession,100,False,64.0,0.0001,0.0005,19.0,,,,,,,MotorImagery,0.7,,,,,,,
gaussian,55.526315789473685,0.8346836419753086,0.6304012345679013,0.8346836419753086,0.5,0.0,0.0,0.0,0.6304012345679013,0.6111111111111112,0.7222222222222222,0.3611111111111111,0.4814814814814815,0.2447423156921653,164.01543807983398,0.7326645851135254,164.7481026649475,1test,LeaveOneGroupOut,cross_session,1,cnn_ncp,BNCI2014_001,test_perturb,CrossSession,100,False,64.0,0.0001,0.0005,19.0,,,,,,,MotorImagery,0.7,,,,,,,
gaussian,59.42105263157895,0.8346836419753086,0.5628858024691358,0.8346836419753086,0.5,0.0,0.0,0.0,0.5628858024691358,0.5347222222222222,0.5531914893617021,0.3611111111111111,0.4369747899159664,0.3256297665819274,164.01543807983398,0.6784052848815918,164.69384336471558,1test,LeaveOneGroupOut,cross_session,1,cnn_ncp,BNCI2014_001,test_perturb,CrossSession,100,False,64.0,0.0001,0.0005,19.0,,,,,,,MotorImagery,0.7,,,,,,,
gaussian,63.31578947368421,0.8346836419753086,0.466820987654321,0.8346836419753086,0.5,0.0,0.0,0.0,0.466820987654321,0.4722222222222222,0.4629629629629629,0.3472222222222222,0.3968253968253968,0.4407210538479316,164.01543807983398,0.6754868030548096,164.6909248828888,1test,LeaveOneGroupOut,cross_session,1,cnn_ncp,BNCI2014_001,test_perturb,CrossSession,100,False,64.0,0.0001,0.0005,19.0,,,,,,,MotorImagery,0.7,,,,,,,
gaussian,67.21052631578948,0.8346836419753086,0.5277777777777777,0.8346836419753086,0.5,0.0,0.0,0.0,0.5277777777777777,0.5208333333333334,0.5230769230769231,0.4722222222222222,0.4963503649635036,0.3676912410446037,164.01543807983398,0.7145655155181885,164.73000359535217,1test,LeaveOneGroupOut,cross_session,1,cnn_ncp,BNCI2014_001,test_perturb,CrossSession,100,False,64.0,0.0001,0.0005,19.0,,,,,,,MotorImagery,0.7,,,,,,,
gaussian,71.10526315789474,0.8346836419753086,0.6118827160493828,0.8346836419753086,0.5,0.0,0.0,0.0,0.6118827160493828,0.5555555555555556,0.5769230769230769,0.4166666666666667,0.4838709677419354,0.2669285879362143,164.01543807983398,0.7072372436523438,164.72267532348633,1test,LeaveOneGroupOut,cross_session,1,cnn_ncp,BNCI2014_001,test_perturb,CrossSession,100,False,64.0,0.0001,0.0005,19.0,,,,,,,MotorImagery,0.7,,,,,,,
gaussian,75.0,0.8346836419753086,0.6103395061728395,0.8346836419753086,0.5,0.0,0.0,0.0,0.6103395061728395,0.5555555555555556,0.5740740740740741,0.4305555555555556,0.492063492063492,0.2687774439565519,164.01543807983398,0.6611423492431641,164.67658042907715,1test,LeaveOneGroupOut,cross_session,1,cnn_ncp,BNCI2014_001,test_perturb,CrossSession,100,False,64.0,0.0001,0.0005,19.0,,,,,,,MotorImagery,0.7,,,,,,,
dropout,1.0,0.8346836419753086,0.7505787037037037,0.8346836419753086,0.5,0.0,0.0,0.0,0.7505787037037037,0.5,0.0,0.0,0.0,0.1007626531083891,164.01543807983398,0.7051725387573242,164.7206106185913,1test,LeaveOneGroupOut,cross_session,1,cnn_ncp,BNCI2014_001,test_perturb,CrossSession,100,False,64.0,0.0001,0.0005,19.0,,,,,,,MotorImagery,0.7,,,,,,,
dropout,4.894736842105264,0.8346836419753086,0.7505787037037037,0.8346836419753086,0.5,0.0,0.0,0.0,0.7505787037037037,0.5,0.0,0.0,0.0,0.1007626531083891,164.01543807983398,0.6805627346038818,164.69600081443787,1test,LeaveOneGroupOut,cross_session,1,cnn_ncp,BNCI2014_001,test_perturb,CrossSession,100,False,64.0,0.0001,0.0005,19.0,,,,,,,MotorImagery,0.7,,,,,,,
dropout,8.789473684210527,0.8346836419753086,0.7505787037037037,0.8346836419753086,0.5,0.0,0.0,0.0,0.7505787037037037,0.5,0.0,0.0,0.0,0.1007626531083891,164.01543807983398,0.7004513740539551,164.71588945388794,1test,LeaveOneGroupOut,cross_session,1,cnn_ncp,BNCI2014_001,test_perturb,CrossSession,100,False,64.0,0.0001,0.0005,19.0,,,,,,,MotorImagery,0.7,,,,,,,
dropout,12.68421052631579,0.8346836419753086,0.7048611111111112,0.8346836419753086,0.5,0.0,0.0,0.0,0.7048611111111112,0.5,0.0,0.0,0.0,0.155535012710885,164.01543807983398,0.6765484809875488,164.69198656082153,1test,LeaveOneGroupOut,cross_session,1,cnn_ncp,BNCI2014_001,test_perturb,CrossSession,100,False,64.0,0.0001,0.0005,19.0,,,,,,,MotorImagery,0.7,,,,,,,
dropout,16.578947368421055,0.8346836419753086,0.716820987654321,0.8346836419753086,0.5,0.0,0.0,0.0,0.716820987654321,0.5069444444444444,1.0,0.0138888888888888,0.0273972602739726,0.1412063785532701,164.01543807983398,0.6835217475891113,164.6989598274231,1test,LeaveOneGroupOut,cross_session,1,cnn_ncp,BNCI2014_001,test_perturb,CrossSession,100,False,64.0,0.0001,0.0005,19.0,,,,,,,MotorImagery,0.7,,,,,,,
dropout,20.473684210526315,0.8346836419753086,0.6097608024691359,0.8346836419753086,0.5,0.0,0.0,0.0,0.6097608024691359,0.5069444444444444,0.6666666666666666,0.0277777777777777,0.0533333333333333,0.2694707649641783,164.01543807983398,0.7174224853515625,164.73286056518555,1test,LeaveOneGroupOut,cross_session,1,cnn_ncp,BNCI2014_001,test_perturb,CrossSession,100,False,64.0,0.0001,0.0005,19.0,,,,,,,MotorImagery,0.7,,,,,,,
dropout,24.36842105263158,0.8346836419753086,0.6618441358024691,0.8346836419753086,0.5,0.0,0.0,0.0,0.6618441358024691,0.5138888888888888,0.75,0.0416666666666666,0.0789473684210526,0.2070718742777906,164.01543807983398,0.8094315528869629,164.82486963272095,1test,LeaveOneGroupOut,cross_session,1,cnn_ncp,BNCI2014_001,test_perturb,CrossSession,100,False,64.0,0.0001,0.0005,19.0,,,,,,,MotorImagery,0.7,,,,,,,
dropout,28.26315789473684,0.8346836419753086,0.6068672839506173,0.8346836419753086,0.5,0.0,0.0,0.0,0.6068672839506173,0.5069444444444444,0.6666666666666666,0.0277777777777777,0.0533333333333333,0.272937370002311,164.01543807983398,0.6787471771240234,164.694185256958,1test,LeaveOneGroupOut,cross_session,1,cnn_ncp,BNCI2014_001,test_perturb,CrossSession,100,False,64.0,0.0001,0.0005,19.0,,,,,,,MotorImagery,0.7,,,,,,,
dropout,32.15789473684211,0.8346836419753086,0.6089891975308642,0.8346836419753086,0.5,0.0,0.0,0.0,0.6089891975308642,0.5138888888888888,1.0,0.0277777777777777,0.054054054054054,0.2703951929743471,164.01543807983398,0.7093679904937744,164.72480607032776,1test,LeaveOneGroupOut,cross_session,1,cnn_ncp,BNCI2014_001,test_perturb,CrossSession,100,False,64.0,0.0001,0.0005,19.0,,,,,,,MotorImagery,0.7,,,,,,,
dropout,36.05263157894737,0.8346836419753086,0.6089891975308642,0.8346836419753086,0.5,0.0,0.0,0.0,0.6089891975308642,0.5138888888888888,1.0,0.0277777777777777,0.054054054054054,0.2703951929743471,164.01543807983398,0.729313850402832,164.74475193023682,1test,LeaveOneGroupOut,cross_session,1,cnn_ncp,BNCI2014_001,test_perturb,CrossSession,100,False,64.0,0.0001,0.0005,19.0,,,,,,,MotorImagery,0.7,,,,,,,
dropout,39.94736842105263,0.8346836419753086,0.6041666666666667,0.8346836419753086,0.5,0.0,0.0,0.0,0.6041666666666667,0.4930555555555556,0.4285714285714285,0.0416666666666666,0.0759493670886076,0.2761728680379015,164.01543807983398,0.6800813674926758,164.69551944732666,1test,LeaveOneGroupOut,cross_session,1,cnn_ncp,BNCI2014_001,test_perturb,CrossSession,100,False,64.0,0.0001,0.0005,19.0,,,,,,,MotorImagery,0.7,,,,,,,
dropout,43.8421052631579,0.8346836419753086,0.5518904320987654,0.8346836419753086,0.5,0.0,0.0,0.0,0.5518904320987654,0.5,0.5,0.0277777777777777,0.0526315789473684,0.3388028657268315,164.01543807983398,0.6863477230072021,164.7017858028412,1test,LeaveOneGroupOut,cross_session,1,cnn_ncp,BNCI2014_001,test_perturb,CrossSession,100,False,64.0,0.0001,0.0005,19.0,,,,,,,MotorImagery,0.7,,,,,,,
dropout,47.73684210526316,0.8346836419753086,0.613233024691358,0.8346836419753086,0.5,0.0,0.0,0.0,0.613233024691358,0.5069444444444444,0.5555555555555556,0.0694444444444444,0.1234567901234568,0.2653108389184193,164.01543807983398,0.6756792068481445,164.69111728668213,1test,LeaveOneGroupOut,cross_session,1,cnn_ncp,BNCI2014_001,test_perturb,CrossSession,100,False,64.0,0.0001,0.0005,19.0,,,,,,,MotorImagery,0.7,,,,,,,
dropout,51.631578947368425,0.8346836419753086,0.5989583333333334,0.8346836419753086,0.5,0.0,0.0,0.0,0.5989583333333334,0.4861111111111111,0.375,0.0416666666666666,0.075,0.2824127571065403,164.01543807983398,0.6852672100067139,164.7007052898407,1test,LeaveOneGroupOut,cross_session,1,cnn_ncp,BNCI2014_001,test_perturb,CrossSession,100,False,64.0,0.0001,0.0005,19.0,,,,,,,MotorImagery,0.7,,,,,,,
dropout,55.526315789473685,0.8346836419753086,0.5877700617283952,0.8346836419753086,0.5,0.0,0.0,0.0,0.5877700617283952,0.5347222222222222,1.0,0.0694444444444444,0.1298701298701298,0.2958169632539864,164.01543807983398,0.678138256072998,164.69357633590698,1test,LeaveOneGroupOut,cross_session,1,cnn_ncp,BNCI2014_001,test_perturb,CrossSession,100,False,64.0,0.0001,0.0005,19.0,,,,,,,MotorImagery,0.7,,,,,,,
dropout,59.42105263157895,0.8346836419753086,0.5972222222222222,0.8346836419753086,0.5,0.0,0.0,0.0,0.5972222222222222,0.5416666666666666,0.8,0.1111111111111111,0.1951219512195121,0.2844927201294199,164.01543807983398,0.6702547073364258,164.6856927871704,1test,LeaveOneGroupOut,cross_session,1,cnn_ncp,BNCI2014_001,test_perturb,CrossSession,100,False,64.0,0.0001,0.0005,19.0,,,,,,,MotorImagery,0.7,,,,,,,
dropout,63.31578947368421,0.8346836419753086,0.5972222222222222,0.8346836419753086,0.5,0.0,0.0,0.0,0.5972222222222222,0.5416666666666666,0.8,0.1111111111111111,0.1951219512195121,0.2844927201294199,164.01543807983398,0.715843915939331,164.73128199577332,1test,LeaveOneGroupOut,cross_session,1,cnn_ncp,BNCI2014_001,test_perturb,CrossSession,100,False,64.0,0.0001,0.0005,19.0,,,,,,,MotorImagery,0.7,,,,,,,
dropout,67.21052631578948,0.8346836419753086,0.5582561728395062,0.8346836419753086,0.5,0.0,0.0,0.0,0.5582561728395062,0.5277777777777778,0.8333333333333334,0.0694444444444444,0.1282051282051282,0.3311763346429396,164.01543807983398,0.6679220199584961,164.68336009979248,1test,LeaveOneGroupOut,cross_session,1,cnn_ncp,BNCI2014_001,test_perturb,CrossSession,100,False,64.0,0.0001,0.0005,19.0,,,,,,,MotorImagery,0.7,,,,,,,
dropout,71.10526315789474,0.8346836419753086,0.5773533950617284,0.8346836419753086,0.5,0.0,0.0,0.0,0.5773533950617284,0.5138888888888888,0.6666666666666666,0.0555555555555555,0.1025641025641025,0.3082967413912641,164.01543807983398,0.7216973304748535,164.73713541030884,1test,LeaveOneGroupOut,cross_session,1,cnn_ncp,BNCI2014_001,test_perturb,CrossSession,100,False,64.0,0.0001,0.0005,19.0,,,,,,,MotorImagery,0.7,,,,,,,
dropout,75.0,0.8346836419753086,0.5198688271604939,0.8346836419753086,0.5,0.0,0.0,0.0,0.5198688271604939,0.5,0.5,0.0416666666666666,0.0769230769230769,0.3771666281488328,164.01543807983398,0.668426513671875,164.68386459350586,1test,LeaveOneGroupOut,cross_session,1,cnn_ncp,BNCI2014_001,test_perturb,CrossSession,100,False,64.0,0.0001,0.0005,19.0,,,,,,,MotorImagery,0.7,,,,,,,
eog,1.0,0.8697916666666667,0.8697916666666667,0.8697916666666667,0.7777777777777778,0.696078431372549,0.9861111111111112,0.8160919540229885,0.8697916666666667,0.7777777777777778,0.696078431372549,0.9861111111111112,0.8160919540229885,0.0,17.249521732330322,0.3296153545379638,17.579137086868286,0train,LeaveOneGroupOut,cross_session,1,cnn_ncp_branch,BNCI2014_001,test_perturb,CrossSession,42,False,64.0,0.001,0.001,12.0,,,,,,,MotorImagery,0.8,,,,,,,
eog,6.2105263157894735,0.8697916666666667,0.8252314814814814,0.8697916666666667,0.7777777777777778,0.696078431372549,0.9861111111111112,0.8160919540229885,0.8252314814814814,0.75,0.6914893617021277,0.9027777777777778,0.783132530120482,0.0512308715901532,17.249521732330322,0.3722662925720215,17.621788024902344,0train,LeaveOneGroupOut,cross_session,1,cnn_ncp_branch,BNCI2014_001,test_perturb,CrossSession,42,False,64.0,0.001,0.001,12.0,,,,,,,MotorImagery,0.8,,,,,,,
eog,11.421052631578949,0.8697916666666667,0.8184799382716049,0.8697916666666667,0.7777777777777778,0.696078431372549,0.9861111111111112,0.8160919540229885,0.8184799382716049,0.7430555555555556,0.6923076923076923,0.875,0.7730061349693251,0.0589931248613884,17.249521732330322,0.4234774112701416,17.672999143600464,0train,LeaveOneGroupOut,cross_session,1,cnn_ncp_branch,BNCI2014_001,test_perturb,CrossSession,42,False,64.0,0.001,0.001,12.0,,,,,,,MotorImagery,0.8,,,,,,,
eog,16.63157894736842,0.8697916666666667,0.7951388888888888,0.8697916666666667,0.7777777777777778,0.696078431372549,0.9861111111111112,0.8160919540229885,0.7951388888888888,0.7291666666666666,0.6941176470588235,0.8194444444444444,0.751592356687898,0.0858283433133733,17.249521732330322,0.3099024295806885,17.55942416191101,0train,LeaveOneGroupOut,cross_session,1,cnn_ncp_branch,BNCI2014_001,test_perturb,CrossSession,42,False,64.0,0.001,0.001,12.0,,,,,,,MotorImagery,0.8,,,,,,,
eog,21.84210526315789,0.8697916666666667,0.7353395061728395,0.8697916666666667,0.7777777777777778,0.696078431372549,0.9861111111111112,0.8160919540229885,0.7353395061728395,0.6736111111111112,0.6506024096385542,0.75,0.696774193548387,0.1545797294300289,17.249521732330322,0.3357172012329101,17.585238933563232,0train,LeaveOneGroupOut,cross_session,1,cnn_ncp_branch,BNCI2014_001,test_perturb,CrossSession,42,False,64.0,0.001,0.001,12.0,,,,,,,MotorImagery,0.8,,,,,,,
eog,27.052631578947366,0.8697916666666667,0.7052469135802469,0.8697916666666667,0.7777777777777778,0.696078431372549,0.9861111111111112,0.8160919540229885,0.7052469135802469,0.6597222222222222,0.6619718309859155,0.6527777777777778,0.6573426573426574,0.1891772011532491,17.249521732330322,0.3365552425384521,17.586076974868774,0train,LeaveOneGroupOut,cross_session,1,cnn_ncp_branch,BNCI2014_001,test_perturb,CrossSession,42,False,64.0,0.001,0.001,12.0,,,,,,,MotorImagery,0.8,,,,,,,
eog,32.26315789473684,0.8697916666666667,0.7233796296296298,0.8697916666666667,0.7777777777777778,0.696078431372549,0.9861111111111112,0.8160919540229885,0.7233796296296298,0.6666666666666666,0.6714285714285714,0.6527777777777778,0.6619718309859155,0.1683300066533598,17.249521732330322,0.3710994720458984,17.62062120437622,0train,LeaveOneGroupOut,cross_session,1,cnn_ncp_branch,BNCI2014_001,test_perturb,CrossSession,42,False,64.0,0.001,0.001,12.0,,,,,,,MotorImagery,0.8,,,,,,,
eog,37.47368421052632,0.8697916666666667,0.7579089506172839,0.8697916666666667,0.7777777777777778,0.696078431372549,0.9861111111111112,0.8160919540229885,0.7579089506172839,0.6875,0.7014925373134329,0.6527777777777778,0.6762589928057554,0.1286316256376137,17.249521732330322,0.3401012420654297,17.589622974395752,0train,LeaveOneGroupOut,cross_session,1,cnn_ncp_branch,BNCI2014_001,test_perturb,CrossSession,42,False,64.0,0.001,0.001,12.0,,,,,,,MotorImagery,0.8,,,,,,,
eog,42.68421052631579,0.8697916666666667,0.6491126543209875,0.8697916666666667,0.7777777777777778,0.696078431372549,0.9861111111111112,0.8160919540229885,0.6491126543209875,0.6527777777777778,0.6896551724137931,0.5555555555555556,0.6153846153846154,0.2537147926369485,17.249521732330322,0.3285410404205322,17.578062772750854,0train,LeaveOneGroupOut,cross_session,1,cnn_ncp_branch,BNCI2014_001,test_perturb,CrossSession,42,False,64.0,0.001,0.001,12.0,,,,,,,MotorImagery,0.8,,,,,,,
eog,47.89473684210526,0.8697916666666667,0.7118055555555556,0.8697916666666667,0.7777777777777778,0.696078431372549,0.9861111111111112,0.8160919540229885,0.7118055555555556,0.6319444444444444,0.6666666666666666,0.5277777777777778,0.5891472868217055,0.1816367265469062,17.249521732330322,0.3141663074493408,17.563688039779663,0train,LeaveOneGroupOut,cross_session,1,cnn_ncp_branch,BNCI2014_001,test_perturb,CrossSession,42,False,64.0,0.001,0.001,12.0,,,,,,,MotorImagery,0.8,,,,,,,
eog,53.10526315789473,0.8697916666666667,0.7592592592592592,0.8697916666666667,0.7777777777777778,0.696078431372549,0.9861111111111112,0.8160919540229885,0.7592592592592592,0.6597222222222222,0.7090909090909091,0.5416666666666666,0.6141732283464567,0.1270791749833667,17.249521732330322,0.3299973011016845,17.579519033432007,0train,LeaveOneGroupOut,cross_session,1,cnn_ncp_branch,BNCI2014_001,test_perturb,CrossSession,42,False,64.0,0.001,0.001,12.0,,,,,,,MotorImagery,0.8,,,,,,,
eog,58.315789473684205,0.8697916666666667,0.759837962962963,0.8697916666666667,0.7777777777777778,0.696078431372549,0.9861111111111112,0.8160919540229885,0.759837962962963,0.6597222222222222,0.7555555555555555,0.4722222222222222,0.5811965811965811,0.1264138389886893,17.249521732330322,0.3220593929290771,17.5715811252594,0train,LeaveOneGroupOut,cross_session,1,cnn_ncp_branch,BNCI2014_001,test_perturb,CrossSession,42,False,64.0,0.001,0.001,12.0,,,,,,,MotorImagery,0.8,,,,,,,
eog,63.526315789473685,0.8697916666666667,0.6653163580246914,0.8697916666666667,0.7777777777777778,0.696078431372549,0.9861111111111112,0.8160919540229885,0.6653163580246914,0.5833333333333334,0.6578947368421053,0.3472222222222222,0.4545454545454545,0.2350853847859836,17.249521732330322,0.3545475006103515,17.604069232940674,0train,LeaveOneGroupOut,cross_session,1,cnn_ncp_branch,BNCI2014_001,test_perturb,CrossSession,42,False,64.0,0.001,0.001,12.0,,,,,,,MotorImagery,0.8,,,,,,,
eog,68.73684210526315,0.8697916666666667,0.7378472222222222,0.8697916666666667,0.7777777777777778,0.696078431372549,0.9861111111111112,0.8160919540229885,0.7378472222222222,0.6180555555555556,0.7428571428571429,0.3611111111111111,0.4859813084112149,0.1516966067864272,17.249521732330322,0.3206663131713867,17.57018804550171,0train,LeaveOneGroupOut,cross_session,1,cnn_ncp_branch,BNCI2014_001,test_perturb,CrossSession,42,False,64.0,0.001,0.001,12.0,,,,,,,MotorImagery,0.8,,,,,,,
eog,73.94736842105263,0.8697916666666667,0.7175925925925927,0.8697916666666667,0.7777777777777778,0.696078431372549,0.9861111111111112,0.8160919540229885,0.7175925925925927,0.5625,0.6551724137931034,0.2638888888888889,0.3762376237623762,0.174983366600133,17.249521732330322,0.319169282913208,17.56869101524353,0train,LeaveOneGroupOut,cross_session,1,cnn_ncp_branch,BNCI2014_001,test_perturb,CrossSession,42,False,64.0,0.001,0.001,12.0,,,,,,,MotorImagery,0.8,,,,,,,
eog,79.1578947368421,0.8697916666666667,0.7056327160493827,0.8697916666666667,0.7777777777777778,0.696078431372549,0.9861111111111112,0.8160919540229885,0.7056327160493827,0.5416666666666666,0.65,0.1805555555555555,0.2826086956521739,0.1887336438234642,17.249521732330322,0.3264117240905761,17.5759334564209,0train,LeaveOneGroupOut,cross_session,1,cnn_ncp_branch,BNCI2014_001,test_perturb,CrossSession,42,False,64.0,0.001,0.001,12.0,,,,,,,MotorImagery,0.8,,,,,,,
eog,84.36842105263158,0.8697916666666667,0.7629243827160493,0.8697916666666667,0.7777777777777778,0.696078431372549,0.9861111111111112,0.8160919540229885,0.7629243827160493,0.5416666666666666,0.6875,0.1527777777777778,0.25,0.1228653803504104,17.249521732330322,0.3375229835510254,17.587044715881348,0train,LeaveOneGroupOut,cross_session,1,cnn_ncp_branch,BNCI2014_001,test_perturb,CrossSession,42,False,64.0,0.001,0.001,12.0,,,,,,,MotorImagery,0.8,,,,,,,
eog,89.57894736842105,0.8697916666666667,0.7172067901234568,0.8697916666666667,0.7777777777777778,0.696078431372549,0.9861111111111112,0.8160919540229885,0.7172067901234568,0.5555555555555556,0.7857142857142857,0.1527777777777778,0.2558139534883721,0.175426923929918,17.249521732330322,0.3088479042053222,17.558369636535645,0train,LeaveOneGroupOut,cross_session,1,cnn_ncp_branch,BNCI2014_001,test_perturb,CrossSession,42,False,64.0,0.001,0.001,12.0,,,,,,,MotorImagery,0.8,,,,,,,
eog,94.78947368421052,0.8697916666666667,0.7594521604938272,0.8697916666666667,0.7777777777777778,0.696078431372549,0.9861111111111112,0.8160919540229885,0.7594521604938272,0.5347222222222222,0.8571428571428571,0.0833333333333333,0.1518987341772152,0.1268573963184741,17.249521732330322,0.3085360527038574,17.55805778503418,0train,LeaveOneGroupOut,cross_session,1,cnn_ncp_branch,BNCI2014_001,test_perturb,CrossSession,42,False,64.0,0.001,0.001,12.0,,,,,,,MotorImagery,0.8,,,,,,,
eog,100.0,0.8697916666666667,0.7374614197530864,0.8697916666666667,0.7777777777777778,0.696078431372549,0.9861111111111112,0.8160919540229885,0.7374614197530864,0.5,0.0,0.0,0.0,0.1521401641162121,17.249521732330322,0.3051211833953857,17.554642915725708,0train,LeaveOneGroupOut,cross_session,1,cnn_ncp_branch,BNCI2014_001,test_perturb,CrossSession,42,False,64.0,0.001,0.001,12.0,,,,,,,MotorImagery,0.8,,,,,,,
gaussian,1.0,0.8697916666666667,0.8701774691358024,0.8697916666666667,0.7777777777777778,0.696078431372549,0.9861111111111112,0.8160919540229885,0.8701774691358024,0.7777777777777778,0.696078431372549,0.9861111111111112,0.8160919540229885,-0.0004435573297847,17.249521732330322,0.3038098812103271,17.55333161354065,0train,LeaveOneGroupOut,cross_session,1,cnn_ncp_branch,BNCI2014_001,test_perturb,CrossSession,42,False,64.0,0.001,0.001,12.0,,,,,,,MotorImagery,0.8,,,,,,,
gaussian,4.894736842105264,0.8697916666666667,0.8697916666666667,0.8697916666666667,0.7777777777777778,0.696078431372549,0.9861111111111112,0.8160919540229885,0.8697916666666667,0.7777777777777778,0.696078431372549,0.9861111111111112,0.8160919540229885,0.0,17.249521732330322,0.3014554977416992,17.55097723007202,0train,LeaveOneGroupOut,cross_session,1,cnn_ncp_branch,BNCI2014_001,test_perturb,CrossSession,42,False,64.0,0.001,0.001,12.0,,,,,,,MotorImagery,0.8,,,,,,,
gaussian,8.789473684210527,0.8697916666666667,0.869212962962963,0.8697916666666667,0.7777777777777778,0.696078431372549,0.9861111111111112,0.8160919540229885,0.869212962962963,0.7430555555555556,0.6699029126213593,0.9583333333333334,0.7885714285714287,0.0006653359946773,17.249521732330322,0.3275115489959717,17.577033281326294,0train,LeaveOneGroupOut,cross_session,1,cnn_ncp_branch,BNCI2014_001,test_perturb,CrossSession,42,False,64.0,0.001,0.001,12.0,,,,,,,MotorImagery,0.8,,,,,,,
gaussian,12.68421052631579,0.8697916666666667,0.8227237654320989,0.8697916666666667,0.7777777777777778,0.696078431372549,0.9861111111111112,0.8160919540229885,0.8227237654320989,0.7222222222222222,0.6538461538461539,0.9444444444444444,0.7727272727272727,0.0541139942337546,17.249521732330322,0.3189468383789062,17.56846857070923,0train,LeaveOneGroupOut,cross_session,1,cnn_ncp_branch,BNCI2014_001,test_perturb,CrossSession,42,False,64.0,0.001,0.001,12.0,,,,,,,MotorImagery,0.8,,,,,,,
gaussian,16.578947368421055,0.8697916666666667,0.8134645061728395,0.8697916666666667,0.7777777777777778,0.696078431372549,0.9861111111111112,0.8160919540229885,0.8134645061728395,0.7291666666666666,0.6736842105263158,0.8888888888888888,0.7664670658682634,0.0647593701485918,17.249521732330322,0.3111379146575928,17.560659646987915,0train,LeaveOneGroupOut,cross_session,1,cnn_ncp_branch,BNCI2014_001,test_perturb,CrossSession,42,False,64.0,0.001,0.001,12.0,,,,,,,MotorImagery,0.8,,,,,,,
gaussian,20.473684210526315,0.8697916666666667,0.7457561728395061,0.8697916666666667,0.7777777777777778,0.696078431372549,0.9861111111111112,0.8160919540229885,0.7457561728395061,0.6736111111111112,0.6404494382022472,0.7916666666666666,0.7080745341614907,0.1426036815258373,17.249521732330322,0.3271760940551758,17.576697826385498,0train,LeaveOneGroupOut,cross_session,1,cnn_ncp_branch,BNCI2014_001,test_perturb,CrossSession,42,False,64.0,0.001,0.001,12.0,,,,,,,MotorImagery,0.8,,,,,,,
gaussian,24.36842105263158,0.8697916666666667,0.7037037037037037,0.8697916666666667,0.7777777777777778,0.696078431372549,0.9861111111111112,0.8160919540229885,0.7037037037037037,0.6388888888888888,0.6190476190476191,0.7222222222222222,0.6666666666666666,0.1909514304723886,17.249521732330322,0.3076057434082031,17.557127475738525,0train,LeaveOneGroupOut,cross_session,1,cnn_ncp_branch,BNCI2014_001,test_perturb,CrossSession,42,False,64.0,0.001,0.001,12.0,,,,,,,MotorImagery,0.8,,,,,,,
gaussian,28.26315789473684,0.8697916666666667,0.7185570987654322,0.8697916666666667,0.7777777777777778,0.696078431372549,0.9861111111111112,0.8160919540229885,0.7185570987654322,0.6666666666666666,0.6363636363636364,0.7777777777777778,0.7000000000000001,0.1738744732756708,17.249521732330322,0.2919661998748779,17.5414879322052,0train,LeaveOneGroupOut,cross_session,1,cnn_ncp_branch,BNCI2014_001,test_perturb,CrossSession,42,False,64.0,0.001,0.001,12.0,,,,,,,MotorImagery,0.8,,,,,,,
gaussian,32.15789473684211,0.8697916666666667,0.6307870370370371,0.8697916666666667,0.7777777777777778,0.696078431372549,0.9861111111111112,0.8160919540229885,0.6307870370370371,0.6180555555555556,0.6197183098591549,0.6111111111111112,0.6153846153846154,0.2747837658017298,17.249521732330322,0.3178691864013672,17.56739091873169,0train,LeaveOneGroupOut,cross_session,1,cnn_ncp_branch,BNCI2014_001,test_perturb,CrossSession,42,False,64.0,0.001,0.001,12.0,,,,,,,MotorImagery,0.8,,,,,,,
gaussian,36.05263157894737,0.8697916666666667,0.5875771604938271,0.8697916666666667,0.7777777777777778,0.696078431372549,0.9861111111111112,0.8160919540229885,0.5875771604938271,0.5486111111111112,0.5507246376811594,0.5277777777777778,0.5390070921985816,0.3244621867376359,17.249521732330322,0.3089148998260498,17.558436632156372,0train,LeaveOneGroupOut,cross_session,1,cnn_ncp_branch,BNCI2014_001,test_perturb,CrossSession,42,False,64.0,0.001,0.001,12.0,,,,,,,MotorImagery,0.8,,,,,,,
gaussian,39.94736842105263,0.8697916666666667,0.6043595679012347,0.8697916666666667,0.7777777777777778,0.696078431372549,0.9861111111111112,0.8160919540229885,0.6043595679012347,0.5902777777777778,0.6031746031746031,0.5277777777777778,0.562962962962963,0.3051674428919937,17.249521732330322,0.3120629787445068,17.56158471107483,0train,LeaveOneGroupOut,cross_session,1,cnn_ncp_branch,BNCI2014_001,test_perturb,CrossSession,42,False,64.0,0.001,0.001,12.0,,,,,,,MotorImagery,0.8,,,,,,,
gaussian,43.8421052631579,0.8697916666666667,0.5692515432098765,0.8697916666666667,0.7777777777777778,0.696078431372549,0.9861111111111112,0.8160919540229885,0.5692515432098765,0.5625,0.56,0.5833333333333334,0.5714285714285714,0.3455311599024175,17.249521732330322,0.307034969329834,17.556556701660156,0train,LeaveOneGroupOut,cross_session,1,cnn_ncp_branch,BNCI2014_001,test_perturb,CrossSession,42,False,64.0,0.001,0.001,12.0,,,,,,,MotorImagery,0.8,,,,,,,
gaussian,47.73684210526316,0.8697916666666667,0.6005015432098765,0.8697916666666667,0.7777777777777778,0.696078431372549,0.9861111111111112,0.8160919540229885,0.6005015432098765,0.5625,0.5671641791044776,0.5277777777777778,0.5467625899280575,0.3096030161898426,17.249521732330322,0.3685765266418457,17.618098258972168,0train,LeaveOneGroupOut,cross_session,1,cnn_ncp_branch,BNCI2014_001,test_perturb,CrossSession,42,False,64.0,0.001,0.001,12.0,,,,,,,MotorImagery,0.8,,,,,,,
gaussian,51.631578947368425,0.8697916666666667,0.5910493827160493,0.8697916666666667,0.7777777777777778,0.696078431372549,0.9861111111111112,0.8160919540229885,0.5910493827160493,0.5625,0.5692307692307692,0.5138888888888888,0.5401459854014599,0.320470170769572,17.249521732330322,0.3326764106750488,17.58219814300537,0train,LeaveOneGroupOut,cross_session,1,cnn_ncp_branch,BNCI2014_001,test_perturb,CrossSession,42,False,64.0,0.001,0.001,12.0,,,,,,,MotorImagery,0.8,,,,,,,
gaussian,55.526315789473685,0.8697916666666667,0.6244212962962963,0.8697916666666667,0.7777777777777778,0.696078431372549,0.9861111111111112,0.8160919540229885,0.6244212962962963,0.5972222222222222,0.6129032258064516,0.5277777777777778,0.5671641791044777,0.2821024617431804,17.249521732330322,0.3259665966033935,17.575488328933716,0train,LeaveOneGroupOut,cross_session,1,cnn_ncp_branch,BNCI2014_001,test_perturb,CrossSession,42,False,64.0,0.001,0.001,12.0,,,,,,,MotorImagery,0.8,,,,,,,
gaussian,59.42105263157895,0.8697916666666667,0.5887345679012346,0.8697916666666667,0.7777777777777778,0.696078431372549,0.9861111111111112,0.8160919540229885,0.5887345679012346,0.5486111111111112,0.5660377358490566,0.4166666666666667,0.48,0.3231315147482813,17.249521732330322,0.3248634338378906,17.574385166168213,0train,LeaveOneGroupOut,cross_session,1,cnn_ncp_branch,BNCI2014_001,test_perturb,CrossSession,42,False,64.0,0.001,0.001,12.0,,,,,,,MotorImagery,0.8,,,,,,,
gaussian,63.31578947368421,0.8697916666666667,0.5522762345679012,0.8697916666666667,0.7777777777777778,0.696078431372549,0.9861111111111112,0.8160919540229885,0.5522762345679012,0.5555555555555556,0.5769230769230769,0.4166666666666667,0.4838709677419354,0.365047682412952,17.249521732330322,0.3012330532073974,17.55075478553772,0train,LeaveOneGroupOut,cross_session,1,cnn_ncp_branch,BNCI2014_001,test_perturb,CrossSession,42,False,64.0,0.001,0.001,12.0,,,,,,,MotorImagery,0.8,,,,,,,
gaussian,67.21052631578948,0.8697916666666667,0.6417824074074074,0.8697916666666667,0.7777777777777778,0.696078431372549,0.9861111111111112,0.8160919540229885,0.6417824074074074,0.5902777777777778,0.6326530612244898,0.4305555555555556,0.512396694214876,0.262142381902861,17.249521732330322,0.3176531791687011,17.567174911499023,0train,LeaveOneGroupOut,cross_session,1,cnn_ncp_branch,BNCI2014_001,test_perturb,CrossSession,42,False,64.0,0.001,0.001,12.0,,,,,,,MotorImagery,0.8,,,,,,,
gaussian,71.10526315789474,0.8697916666666667,0.5052083333333333,0.8697916666666667,0.7777777777777778,0.696078431372549,0.9861111111111112,0.8160919540229885,0.5052083333333333,0.5416666666666666,0.5625,0.375,0.45,0.4191616766467067,17.249521732330322,0.3194184303283691,17.56894016265869,0train,LeaveOneGroupOut,cross_session,1,cnn_ncp_branch,BNCI2014_001,test_perturb,CrossSession,42,False,64.0,0.001,0.001,12.0,,,,,,,MotorImagery,0.8,,,,,,,
gaussian,75.0,0.8697916666666667,0.4998070987654321,0.8697916666666667,0.7777777777777778,0.696078431372549,0.9861111111111112,0.8160919540229885,0.4998070987654321,0.5347222222222222,0.5510204081632653,0.375,0.4462809917355371,0.4253714792636948,17.249521732330322,0.3291466236114502,17.578668355941772,0train,LeaveOneGroupOut,cross_session,1,cnn_ncp_branch,BNCI2014_001,test_perturb,CrossSession,42,False,64.0,0.001,0.001,12.0,,,,,,,MotorImagery,0.8,,,,,,,
dropout,1.0,0.8697916666666667,0.6929012345679013,0.8697916666666667,0.7777777777777778,0.696078431372549,0.9861111111111112,0.8160919540229885,0.6929012345679013,0.625,0.5978260869565217,0.7638888888888888,0.6707317073170731,0.203371035706365,17.249521732330322,0.3114347457885742,17.560956478118896,0train,LeaveOneGroupOut,cross_session,1,cnn_ncp_branch,BNCI2014_001,test_perturb,CrossSession,42,False,64.0,0.001,0.001,12.0,,,,,,,MotorImagery,0.8,,,,,,,
dropout,4.894736842105264,0.8697916666666667,0.6929012345679013,0.8697916666666667,0.7777777777777778,0.696078431372549,0.9861111111111112,0.8160919540229885,0.6929012345679013,0.625,0.5978260869565217,0.7638888888888888,0.6707317073170731,0.203371035706365,17.249521732330322,0.3053793907165527,17.554901123046875,0train,LeaveOneGroupOut,cross_session,1,cnn_ncp_branch,BNCI2014_001,test_perturb,CrossSession,42,False,64.0,0.001,0.001,12.0,,,,,,,MotorImagery,0.8,,,,,,,
dropout,8.789473684210527,0.8697916666666667,0.6929012345679013,0.8697916666666667,0.7777777777777778,0.696078431372549,0.9861111111111112,0.8160919540229885,0.6929012345679013,0.625,0.5978260869565217,0.7638888888888888,0.6707317073170731,0.203371035706365,17.249521732330322,0.3223309516906738,17.571852684020996,0train,LeaveOneGroupOut,cross_session,1,cnn_ncp_branch,BNCI2014_001,test_perturb,CrossSession,42,False,64.0,0.001,0.001,12.0,,,,,,,MotorImagery,0.8,,,,,,,
dropout,12.68421052631579,0.8697916666666667,0.6246141975308642,0.8697916666666667,0.7777777777777778,0.696078431372549,0.9861111111111112,0.8160919540229885,0.6246141975308642,0.5763888888888888,0.5647058823529412,0.6666666666666666,0.6114649681528662,0.2818806830782879,17.249521732330322,0.2980945110321045,17.547616243362427,0train,LeaveOneGroupOut,cross_session,1,cnn_ncp_branch,BNCI2014_001,test_perturb,CrossSession,42,False,64.0,0.001,0.001,12.0,,,,,,,MotorImagery,0.8,,,,,,,
dropout,16.578947368421055,0.8697916666666667,0.6471836419753086,0.8697916666666667,0.7777777777777778,0.696078431372549,0.9861111111111112,0.8160919540229885,0.6471836419753086,0.5972222222222222,0.5853658536585366,0.6666666666666666,0.6233766233766234,0.2559325792858727,17.249521732330322,0.3101227283477783,17.5596444606781,0train,LeaveOneGroupOut,cross_session,1,cnn_ncp_branch,BNCI2014_001,test_perturb,CrossSession,42,False,64.0,0.001,0.001,12.0,,,,,,,MotorImagery,0.8,,,,,,,
dropout,20.473684210526315,0.8697916666666667,0.5536265432098766,0.8697916666666667,0.7777777777777778,0.696078431372549,0.9861111111111112,0.8160919540229885,0.5536265432098766,0.5486111111111112,0.5443037974683544,0.5972222222222222,0.5695364238410596,0.3634952317587048,17.249521732330322,0.3171319961547851,17.566653728485107,0train,LeaveOneGroupOut,cross_session,1,cnn_ncp_branch,BNCI2014_001,test_perturb,CrossSession,42,False,64.0,0.001,0.001,12.0,,,,,,,MotorImagery,0.8,,,,,,,
dropout,24.36842105263158,0.8697916666666667,0.6240354938271605,0.8697916666666667,0.7777777777777778,0.696078431372549,0.9861111111111112,0.8160919540229885,0.6240354938271605,0.5486111111111112,0.5421686746987951,0.625,0.5806451612903225,0.2825460190729652,17.249521732330322,0.3278119564056396,17.577333688735962,0train,LeaveOneGroupOut,cross_session,1,cnn_ncp_branch,BNCI2014_001,test_perturb,CrossSession,42,False,64.0,0.001,0.001,12.0,,,,,,,MotorImagery,0.8,,,,,,,
dropout,28.26315789473684,0.8697916666666667,0.5499614197530864,0.8697916666666667,0.7777777777777778,0.696078431372549,0.9861111111111112,0.8160919540229885,0.5499614197530864,0.5069444444444444,0.5068493150684932,0.5138888888888888,0.5103448275862069,0.3677090263916611,17.249521732330322,0.3275256156921386,17.57704734802246,0train,LeaveOneGroupOut,cross_session,1,cnn_ncp_branch,BNCI2014_001,test_perturb,CrossSession,42,False,64.0,0.001,0.001,12.0,,,,,,,MotorImagery,0.8,,,,,,,
dropout,32.15789473684211,0.8697916666666667,0.5314429012345679,0.8697916666666667,0.7777777777777778,0.696078431372549,0.9861111111111112,0.8160919540229885,0.5314429012345679,0.5555555555555556,0.5444444444444444,0.6805555555555556,0.6049382716049382,0.3889997782213351,17.249521732330322,0.3579368591308594,17.60745859146118,0train,LeaveOneGroupOut,cross_session,1,cnn_ncp_branch,BNCI2014_001,test_perturb,CrossSession,42,False,64.0,0.001,0.001,12.0,,,,,,,MotorImagery,0.8,,,,,,,
dropout,36.05263157894737,0.8697916666666667,0.5314429012345679,0.8697916666666667,0.7777777777777778,0.696078431372549,0.9861111111111112,0.8160919540229885,0.5314429012345679,0.5555555555555556,0.5444444444444444,0.6805555555555556,0.6049382716049382,0.3889997782213351,17.249521732330322,0.3275117874145508,17.577033519744873,0train,LeaveOneGroupOut,cross_session,1,cnn_ncp_branch,BNCI2014_001,test_perturb,CrossSession,42,False,64.0,0.001,0.001,12.0,,,,,,,MotorImagery,0.8,,,,,,,
dropout,39.94736842105263,0.8697916666666667,0.5661651234567902,0.8697916666666667,0.7777777777777778,0.696078431372549,0.9861111111111112,0.8160919540229885,0.5661651234567902,0.5277777777777778,0.5232558139534884,0.625,0.569620253164557,0.3490796185406964,17.249521732330322,0.3289358615875244,17.578457593917847,0train,LeaveOneGroupOut,cross_session,1,cnn_ncp_branch,BNCI2014_001,test_perturb,CrossSession,42,False,64.0,0.001,0.001,12.0,,,,,,,MotorImagery,0.8,,,,,,,
dropout,43.8421052631579,0.8697916666666667,0.4972993827160493,0.8697916666666667,0.7777777777777778,0.696078431372549,0.9861111111111112,0.8160919540229885,0.4972993827160493,0.4583333333333333,0.4615384615384615,0.5,0.48,0.4282546019072966,17.249521732330322,0.3165385723114013,17.566060304641724,0train,LeaveOneGroupOut,cross_session,1,cnn_ncp_branch,BNCI2014_001,test_perturb,CrossSession,42,False,64.0,0.001,0.001,12.0,,,,,,,MotorImagery,0.8,,,,,,,
dropout,47.73684210526316,0.8697916666666667,0.4942129629629629,0.8697916666666667,0.7777777777777778,0.696078431372549,0.9861111111111112,0.8160919540229885,0.4942129629629629,0.4652777777777778,0.4683544303797468,0.5138888888888888,0.4900662251655628,0.4318030605455755,17.249521732330322,0.3448960781097412,17.594417810440063,0train,LeaveOneGroupOut,cross_session,1,cnn_ncp_branch,BNCI2014_001,test_perturb,CrossSession,42,False,64.0,0.001,0.001,12.0,,,,,,,MotorImagery,0.8,,,,,,,
dropout,51.631578947368425,0.8697916666666667,0.4446373456790123,0.8697916666666667,0.7777777777777778,0.696078431372549,0.9861111111111112,0.8160919540229885,0.4446373456790123,0.4722222222222222,0.4756097560975609,0.5416666666666666,0.5064935064935064,0.4888001774229319,17.249521732330322,0.3057208061218261,17.55524253845215,0train,LeaveOneGroupOut,cross_session,1,cnn_ncp_branch,BNCI2014_001,test_perturb,CrossSession,42,False,64.0,0.001,0.001,12.0,,,,,,,MotorImagery,0.8,,,,,,,
dropout,55.526315789473685,0.8697916666666667,0.498070987654321,0.8697916666666667,0.7777777777777778,0.696078431372549,0.9861111111111112,0.8160919540229885,0.498070987654321,0.5069444444444444,0.5066666666666667,0.5277777777777778,0.5170068027210885,0.4273674872477268,17.249521732330322,0.3473019599914551,17.596823692321777,0train,LeaveOneGroupOut,cross_session,1,cnn_ncp_branch,BNCI2014_001,test_perturb,CrossSession,42,False,64.0,0.001,0.001,12.0,,,,,,,MotorImagery,0.8,,,,,,,
dropout,59.42105263157895,0.8697916666666667,0.5243055555555556,0.8697916666666667,0.7777777777777778,0.696078431372549,0.9861111111111112,0.8160919540229885,0.5243055555555556,0.5069444444444444,0.5066666666666667,0.5277777777777778,0.5170068027210885,0.3972055888223553,17.249521732330322,0.3366365432739258,17.586158275604248,0train,LeaveOneGroupOut,cross_session,1,cnn_ncp_branch,BNCI2014_001,test_perturb,CrossSession,42,False,64.0,0.001,0.001,12.0,,,,,,,MotorImagery,0.8,,,,,,,
dropout,63.31578947368421,0.8697916666666667,0.5243055555555556,0.8697916666666667,0.7777777777777778,0.696078431372549,0.9861111111111112,0.8160919540229885,0.5243055555555556,0.5069444444444444,0.5066666666666667,0.5277777777777778,0.5170068027210885,0.3972055888223553,17.249521732330322,0.3279838562011719,17.577505588531494,0train,LeaveOneGroupOut,cross_session,1,cnn_ncp_branch,BNCI2014_001,test_perturb,CrossSession,42,False,64.0,0.001,0.001,12.0,,,,,,,MotorImagery,0.8,,,,,,,
dropout,67.21052631578948,0.8697916666666667,0.6361882716049383,0.8697916666666667,0.7777777777777778,0.696078431372549,0.9861111111111112,0.8160919540229885,0.6361882716049383,0.6180555555555556,0.6103896103896104,0.6527777777777778,0.6308724832214765,0.2685739631847416,17.249521732330322,0.309622049331665,17.559143781661987,0train,LeaveOneGroupOut,cross_session,1,cnn_ncp_branch,BNCI2014_001,test_perturb,CrossSession,42,False,64.0,0.001,0.001,12.0,,,,,,,MotorImagery,0.8,,,,,,,
dropout,71.10526315789474,0.8697916666666667,0.5671296296296297,0.8697916666666667,0.7777777777777778,0.696078431372549,0.9861111111111112,0.8160919540229885,0.5671296296296297,0.5347222222222222,0.5333333333333333,0.5555555555555556,0.5442176870748299,0.3479707252162342,17.249521732330322,0.3302023410797119,17.579724073410034,0train,LeaveOneGroupOut,cross_session,1,cnn_ncp_branch,BNCI2014_001,test_perturb,CrossSession,42,False,64.0,0.001,0.001,12.0,,,,,,,MotorImagery,0.8,,,,,,,
dropout,75.0,0.8697916666666667,0.4762731481481481,0.8697916666666667,0.7777777777777778,0.696078431372549,0.9861111111111112,0.8160919540229885,0.4762731481481481,0.4722222222222222,0.4714285714285714,0.4583333333333333,0.4647887323943661,0.4524284763805722,17.249521732330322,0.3477926254272461,17.59731435775757,0train,LeaveOneGroupOut,cross_session,1,cnn_ncp_branch,BNCI2014_001,test_perturb,CrossSession,42,False,64.0,0.001,0.001,12.0,,,,,,,MotorImagery,0.8,,,,,,,
eog,1.0,0.7735339506172839,0.7758487654320988,0.7735339506172839,0.7013888888888888,0.6666666666666666,0.8055555555555556,0.7295597484276728,0.7758487654320988,0.7083333333333334,0.6744186046511628,0.8055555555555556,0.7341772151898734,-0.0029925187032419,84.30499958992004,0.3258564472198486,84.63085603713989,1test,LeaveOneGroupOut,cross_session,1,cnn_ncp_branch,BNCI2014_001,test_perturb,CrossSession,42,False,64.0,0.001,0.001,12.0,,,,,,,MotorImagery,0.8,,,,,,,
eog,6.2105263157894735,0.7735339506172839,0.7623456790123457,0.7735339506172839,0.7013888888888888,0.6666666666666666,0.8055555555555556,0.7295597484276728,0.7623456790123457,0.7013888888888888,0.6666666666666666,0.8055555555555556,0.7295597484276728,0.0144638403990023,84.30499958992004,0.4363517761230469,84.74135136604309,1test,LeaveOneGroupOut,cross_session,1,cnn_ncp_branch,BNCI2014_001,test_perturb,CrossSession,42,False,64.0,0.001,0.001,12.0,,,,,,,MotorImagery,0.8,,,,,,,
eog,11.421052631578949,0.7735339506172839,0.7567515432098766,0.7735339506172839,0.7013888888888888,0.6666666666666666,0.8055555555555556,0.7295597484276728,0.7567515432098766,0.6875,0.6666666666666666,0.75,0.7058823529411765,0.0216957605985036,84.30499958992004,0.3365166187286377,84.64151620864868,1test,LeaveOneGroupOut,cross_session,1,cnn_ncp_branch,BNCI2014_001,test_perturb,CrossSession,42,False,64.0,0.001,0.001,12.0,,,,,,,MotorImagery,0.8,,,,,,,
eog,16.63157894736842,0.7735339506172839,0.7390046296296297,0.7735339506172839,0.7013888888888888,0.6666666666666666,0.8055555555555556,0.7295597484276728,0.7390046296296297,0.6736111111111112,0.654320987654321,0.7361111111111112,0.6928104575163399,0.0446384039900248,84.30499958992004,0.3349404335021972,84.63994002342224,1test,LeaveOneGroupOut,cross_session,1,cnn_ncp_branch,BNCI2014_001,test_perturb,CrossSession,42,False,64.0,0.001,0.001,12.0,,,,,,,MotorImagery,0.8,,,,,,,
eog,21.84210526315789,0.7735339506172839,0.753858024691358,0.7735339506172839,0.7013888888888888,0.6666666666666666,0.8055555555555556,0.7295597484276728,0.753858024691358,0.6736111111111112,0.6623376623376623,0.7083333333333334,0.6845637583892618,0.0254364089775561,84.30499958992004,0.3378651142120361,84.64286470413208,1test,LeaveOneGroupOut,cross_session,1,cnn_ncp_branch,BNCI2014_001,test_perturb,CrossSession,42,False,64.0,0.001,0.001,12.0,,,,,,,MotorImagery,0.8,,,,,,,
eog,27.052631578947366,0.7735339506172839,0.7455632716049383,0.7735339506172839,0.7013888888888888,0.6666666666666666,0.8055555555555556,0.7295597484276728,0.7455632716049383,0.6736111111111112,0.6582278481012658,0.7222222222222222,0.6887417218543045,0.0361596009975061,84.30499958992004,0.3538532257080078,84.65885281562805,1test,LeaveOneGroupOut,cross_session,1,cnn_ncp_branch,BNCI2014_001,test_perturb,CrossSession,42,False,64.0,0.001,0.001,12.0,,,,,,,MotorImagery,0.8,,,,,,,
eog,32.26315789473684,0.7735339506172839,0.7268518518518519,0.7735339506172839,0.7013888888888888,0.6666666666666666,0.8055555555555556,0.7295597484276728,0.7268518518518519,0.6458333333333334,0.647887323943662,0.6388888888888888,0.6433566433566433,0.0603491271820448,84.30499958992004,0.3217482566833496,84.6267478466034,1test,LeaveOneGroupOut,cross_session,1,cnn_ncp_branch,BNCI2014_001,test_perturb,CrossSession,42,False,64.0,0.001,0.001,12.0,,,,,,,MotorImagery,0.8,,,,,,,
eog,37.47368421052632,0.7735339506172839,0.6851851851851851,0.7735339506172839,0.7013888888888888,0.6666666666666666,0.8055555555555556,0.7295597484276728,0.6851851851851851,0.6041666666666666,0.6056338028169014,0.5972222222222222,0.6013986013986014,0.114214463840399,84.30499958992004,0.3168025016784668,84.62180209159851,1test,LeaveOneGroupOut,cross_session,1,cnn_ncp_branch,BNCI2014_001,test_perturb,CrossSession,42,False,64.0,0.001,0.001,12.0,,,,,,,MotorImagery,0.8,,,,,,,
eog,42.68421052631579,0.7735339506172839,0.7125771604938272,0.7735339506172839,0.7013888888888888,0.6666666666666666,0.8055555555555556,0.7295597484276728,0.7125771604938272,0.6666666666666666,0.6818181818181818,0.625,0.6521739130434783,0.0788029925187031,84.30499958992004,0.3335375785827636,84.63853716850281,1test,LeaveOneGroupOut,cross_session,1,cnn_ncp_branch,BNCI2014_001,test_perturb,CrossSession,42,False,64.0,0.001,0.001,12.0,,,,,,,MotorImagery,0.8,,,,,,,
eog,47.89473684210526,0.7735339506172839,0.7386188271604939,0.7735339506172839,0.7013888888888888,0.6666666666666666,0.8055555555555556,0.7295597484276728,0.7386188271604939,0.6458333333333334,0.6615384615384615,0.5972222222222222,0.6277372262773723,0.0451371571072318,84.30499958992004,0.4224538803100586,84.7274534702301,1test,LeaveOneGroupOut,cross_session,1,cnn_ncp_branch,BNCI2014_001,test_perturb,CrossSession,42,False,64.0,0.001,0.001,12.0,,,,,,,MotorImagery,0.8,,,,,,,
eog,53.10526315789473,0.7735339506172839,0.748070987654321,0.7735339506172839,0.7013888888888888,0.6666666666666666,0.8055555555555556,0.7295597484276728,0.748070987654321,0.6875,0.7368421052631579,0.5833333333333334,0.6511627906976745,0.0329177057356607,84.30499958992004,0.3995378017425537,84.7045373916626,1test,LeaveOneGroupOut,cross_session,1,cnn_ncp_branch,BNCI2014_001,test_perturb,CrossSession,42,False,64.0,0.001,0.001,12.0,,,,,,,MotorImagery,0.8,,,,,,,
eog,58.315789473684205,0.7735339506172839,0.6743827160493827,0.7735339506172839,0.7013888888888888,0.6666666666666666,0.8055555555555556,0.7295597484276728,0.6743827160493827,0.6111111111111112,0.6212121212121212,0.5694444444444444,0.5942028985507246,0.1281795511221944,84.30499958992004,0.3362438678741455,84.64124345779419,1test,LeaveOneGroupOut,cross_session,1,cnn_ncp_branch,BNCI2014_001,test_perturb,CrossSession,42,False,64.0,0.001,0.001,12.0,,,,,,,MotorImagery,0.8,,,,,,,
eog,63.526315789473685,0.7735339506172839,0.6811342592592593,0.7735339506172839,0.7013888888888888,0.6666666666666666,0.8055555555555556,0.7295597484276728,0.6811342592592593,0.6319444444444444,0.6461538461538462,0.5833333333333334,0.6131386861313869,0.1194513715710722,84.30499958992004,0.3300387859344482,84.63503837585449,1test,LeaveOneGroupOut,cross_session,1,cnn_ncp_branch,BNCI2014_001,test_perturb,CrossSession,42,False,64.0,0.001,0.001,12.0,,,,,,,MotorImagery,0.8,,,,,,,
eog,68.73684210526315,0.7735339506172839,0.6304012345679012,0.7735339506172839,0.7013888888888888,0.6666666666666666,0.8055555555555556,0.7295597484276728,0.6304012345679012,0.5486111111111112,0.5522388059701493,0.5138888888888888,0.5323741007194244,0.1850374064837905,84.30499958992004,0.3388383388519287,84.64383792877197,1test,LeaveOneGroupOut,cross_session,1,cnn_ncp_branch,BNCI2014_001,test_perturb,CrossSession,42,False,64.0,0.001,0.001,12.0,,,,,,,MotorImagery,0.8,,,,,,,
eog,73.94736842105263,0.7735339506172839,0.6795910493827161,0.7735339506172839,0.7013888888888888,0.6666666666666666,0.8055555555555556,0.7295597484276728,0.6795910493827161,0.6041666666666666,0.6363636363636364,0.4861111111111111,0.5511811023622047,0.1214463840399001,84.30499958992004,0.3160693645477295,84.62106895446777,1test,LeaveOneGroupOut,cross_session,1,cnn_ncp_branch,BNCI2014_001,test_perturb,CrossSession,42,False,64.0,0.001,0.001,12.0,,,,,,,MotorImagery,0.8,,,,,,,
eog,79.1578947368421,0.7735339506172839,0.6356095679012346,0.7735339506172839,0.7013888888888888,0.6666666666666666,0.8055555555555556,0.7295597484276728,0.6356095679012346,0.6041666666666666,0.631578947368421,0.5,0.5581395348837209,0.1783042394014962,84.30499958992004,0.3135800361633301,84.61857962608337,1test,LeaveOneGroupOut,cross_session,1,cnn_ncp_branch,BNCI2014_001,test_perturb,CrossSession,42,False,64.0,0.001,0.001,12.0,,,,,,,MotorImagery,0.8,,,,,,,
eog,84.36842105263158,0.7735339506172839,0.6514274691358025,0.7735339506172839,0.7013888888888888,0.6666666666666666,0.8055555555555556,0.7295597484276728,0.6514274691358025,0.6319444444444444,0.6938775510204082,0.4722222222222222,0.5619834710743802,0.1578553615960098,84.30499958992004,0.3252043724060058,84.63020396232605,1test,LeaveOneGroupOut,cross_session,1,cnn_ncp_branch,BNCI2014_001,test_perturb,CrossSession,42,False,64.0,0.001,0.001,12.0,,,,,,,MotorImagery,0.8,,,,,,,
eog,89.57894736842105,0.7735339506172839,0.5895061728395061,0.7735339506172839,0.7013888888888888,0.6666666666666666,0.8055555555555556,0.7295597484276728,0.5895061728395061,0.5486111111111112,0.5686274509803921,0.4027777777777778,0.4715447154471545,0.2379052369077307,84.30499958992004,0.3325345516204834,84.63753414154053,1test,LeaveOneGroupOut,cross_session,1,cnn_ncp_branch,BNCI2014_001,test_perturb,CrossSession,42,False,64.0,0.001,0.001,12.0,,,,,,,MotorImagery,0.8,,,,,,,
eog,94.78947368421052,0.7735339506172839,0.6114969135802469,0.7735339506172839,0.7013888888888888,0.6666666666666666,0.8055555555555556,0.7295597484276728,0.6114969135802469,0.5833333333333334,0.625,0.4166666666666667,0.5,0.2094763092269326,84.30499958992004,0.3950495719909668,84.70004916191101,1test,LeaveOneGroupOut,cross_session,1,cnn_ncp_branch,BNCI2014_001,test_perturb,CrossSession,42,False,64.0,0.001,0.001,12.0,,,,,,,MotorImagery,0.8,,,,,,,
eog,100.0,0.7735339506172839,0.5493827160493827,0.7735339506172839,0.7013888888888888,0.6666666666666666,0.8055555555555556,0.7295597484276728,0.5493827160493827,0.5555555555555556,0.5769230769230769,0.4166666666666667,0.4838709677419354,0.2897755610972568,84.30499958992004,0.288445234298706,84.59344482421875,1test,LeaveOneGroupOut,cross_session,1,cnn_ncp_branch,BNCI2014_001,test_perturb,CrossSession,42,False,64.0,0.001,0.001,12.0,,,,,,,MotorImagery,0.8,,,,,,,
gaussian,1.0,0.7735339506172839,0.7731481481481481,0.7735339506172839,0.7013888888888888,0.6666666666666666,0.8055555555555556,0.7295597484276728,0.7731481481481481,0.7013888888888888,0.6666666666666666,0.8055555555555556,0.7295597484276728,0.0004987531172069,84.30499958992004,0.3165864944458008,84.62158608436584,1test,LeaveOneGroupOut,cross_session,1,cnn_ncp_branch,BNCI2014_001,test_perturb,CrossSession,42,False,64.0,0.001,0.001,12.0,,,,,,,MotorImagery,0.8,,,,,,,
gaussian,4.894736842105264,0.7735339506172839,0.7723765432098765,0.7735339506172839,0.7013888888888888,0.6666666666666666,0.8055555555555556,0.7295597484276728,0.7723765432098765,0.6944444444444444,0.6590909090909091,0.8055555555555556,0.7250000000000001,0.0014962593516209,84.30499958992004,0.310528039932251,84.6155276298523,1test,LeaveOneGroupOut,cross_session,1,cnn_ncp_branch,BNCI2014_001,test_perturb,CrossSession,42,False,64.0,0.001,0.001,12.0,,,,,,,MotorImagery,0.8,,,,,,,
gaussian,8.789473684210527,0.7735339506172839,0.7768132716049383,0.7735339506172839,0.7013888888888888,0.6666666666666666,0.8055555555555556,0.7295597484276728,0.7768132716049383,0.7083333333333334,0.6704545454545454,0.8194444444444444,0.7374999999999999,-0.0042394014962594,84.30499958992004,0.3087794780731201,84.61377906799316,1test,LeaveOneGroupOut,cross_session,1,cnn_ncp_branch,BNCI2014_001,test_perturb,CrossSession,42,False,64.0,0.001,0.001,12.0,,,,,,,MotorImagery,0.8,,,,,,,
gaussian,12.68421052631579,0.7735339506172839,0.7609953703703703,0.7735339506172839,0.7013888888888888,0.6666666666666666,0.8055555555555556,0.7295597484276728,0.7609953703703703,0.6944444444444444,0.6590909090909091,0.8055555555555556,0.7250000000000001,0.0162094763092269,84.30499958992004,0.3107376098632812,84.61573719978333,1test,LeaveOneGroupOut,cross_session,1,cnn_ncp_branch,BNCI2014_001,test_perturb,CrossSession,42,False,64.0,0.001,0.001,12.0,,,,,,,MotorImagery,0.8,,,,,,,
gaussian,16.578947368421055,0.7735339506172839,0.7388117283950617,0.7735339506172839,0.7013888888888888,0.6666666666666666,0.8055555555555556,0.7295597484276728,0.7388117283950617,0.7013888888888888,0.6666666666666666,0.8055555555555556,0.7295597484276728,0.0448877805486284,84.30499958992004,0.3423061370849609,84.647305727005,1test,LeaveOneGroupOut,cross_session,1,cnn_ncp_branch,BNCI2014_001,test_perturb,CrossSession,42,False,64.0,0.001,0.001,12.0,,,,,,,MotorImagery,0.8,,,,,,,
gaussian,20.473684210526315,0.7735339506172839,0.7096836419753086,0.7735339506172839,0.7013888888888888,0.6666666666666666,0.8055555555555556,0.7295597484276728,0.7096836419753086,0.6736111111111112,0.6470588235294118,0.7638888888888888,0.7006369426751593,0.0825436408977555,84.30499958992004,0.3081109523773193,84.61311054229736,1test,LeaveOneGroupOut,cross_session,1,cnn_ncp_branch,BNCI2014_001,test_perturb,CrossSession,42,False,64.0,0.001,0.001,12.0,,,,,,,MotorImagery,0.8,,,,,,,
gaussian,24.36842105263158,0.7735339506172839,0.6793981481481483,0.7735339506172839,0.7013888888888888,0.6666666666666666,0.8055555555555556,0.7295597484276728,0.6793981481481483,0.6527777777777778,0.6375,0.7083333333333334,0.6710526315789473,0.1216957605985035,84.30499958992004,0.3218412399291992,84.62684082984924,1test,LeaveOneGroupOut,cross_session,1,cnn_ncp_branch,BNCI2014_001,test_perturb,CrossSession,42,False,64.0,0.001,0.001,12.0,,,,,,,MotorImagery,0.8,,,,,,,
gaussian,28.26315789473684,0.7735339506172839,0.621141975308642,0.7735339506172839,0.7013888888888888,0.6666666666666666,0.8055555555555556,0.7295597484276728,0.621141975308642,0.6111111111111112,0.5975609756097561,0.6805555555555556,0.6363636363636364,0.197007481296758,84.30499958992004,0.3031799793243408,84.60817956924438,1test,LeaveOneGroupOut,cross_session,1,cnn_ncp_branch,BNCI2014_001,test_perturb,CrossSession,42,False,64.0,0.001,0.001,12.0,,,,,,,MotorImagery,0.8,,,,,,,
gaussian,32.15789473684211,0.7735339506172839,0.6381172839506174,0.7735339506172839,0.7013888888888888,0.6666666666666666,0.8055555555555556,0.7295597484276728,0.6381172839506174,0.5625,0.5671641791044776,0.5277777777777778,0.5467625899280575,0.1750623441396507,84.30499958992004,0.3203709125518799,84.62537050247192,1test,LeaveOneGroupOut,cross_session,1,cnn_ncp_branch,BNCI2014_001,test_perturb,CrossSession,42,False,64.0,0.001,0.001,12.0,,,,,,,MotorImagery,0.8,,,,,,,
gaussian,36.05263157894737,0.7735339506172839,0.6753472222222223,0.7735339506172839,0.7013888888888888,0.6666666666666666,0.8055555555555556,0.7295597484276728,0.6753472222222223,0.6319444444444444,0.6557377049180327,0.5555555555555556,0.6015037593984962,0.1269326683291768,84.30499958992004,0.3359754085540771,84.64097499847412,1test,LeaveOneGroupOut,cross_session,1,cnn_ncp_branch,BNCI2014_001,test_perturb,CrossSession,42,False,64.0,0.001,0.001,12.0,,,,,,,MotorImagery,0.8,,,,,,,
gaussian,39.94736842105263,0.7735339506172839,0.6151620370370371,0.7735339506172839,0.7013888888888888,0.6666666666666666,0.8055555555555556,0.7295597484276728,0.6151620370370371,0.5972222222222222,0.5972222222222222,0.5972222222222222,0.5972222222222222,0.2047381546134662,84.30499958992004,0.3199427127838135,84.62494230270386,1test,LeaveOneGroupOut,cross_session,1,cnn_ncp_branch,BNCI2014_001,test_perturb,CrossSession,42,False,64.0,0.001,0.001,12.0,,,,,,,MotorImagery,0.8,,,,,,,
gaussian,43.8421052631579,0.7735339506172839,0.6421682098765433,0.7735339506172839,0.7013888888888888,0.6666666666666666,0.8055555555555556,0.7295597484276728,0.6421682098765433,0.6180555555555556,0.6545454545454545,0.5,0.5669291338582677,0.1698254364089773,84.30499958992004,0.3171436786651611,84.6221432685852,1test,LeaveOneGroupOut,cross_session,1,cnn_ncp_branch,BNCI2014_001,test_perturb,CrossSession,42,False,64.0,0.001,0.001,12.0,,,,,,,MotorImagery,0.8,,,,,,,
gaussian,47.73684210526316,0.7735339506172839,0.5160108024691359,0.7735339506172839,0.7013888888888888,0.6666666666666666,0.8055555555555556,0.7295597484276728,0.5160108024691359,0.5138888888888888,0.5178571428571429,0.4027777777777778,0.453125,0.3329177057356607,84.30499958992004,0.30586838722229,84.61086797714233,1test,LeaveOneGroupOut,cross_session,1,cnn_ncp_branch,BNCI2014_001,test_perturb,CrossSession,42,False,64.0,0.001,0.001,12.0,,,,,,,MotorImagery,0.8,,,,,,,
gaussian,51.631578947368425,0.7735339506172839,0.5032793209876544,0.7735339506172839,0.7013888888888888,0.6666666666666666,0.8055555555555556,0.7295597484276728,0.5032793209876544,0.5069444444444444,0.509090909090909,0.3888888888888889,0.4409448818897638,0.3493765586034911,84.30499958992004,0.4181649684906006,84.72316455841064,1test,LeaveOneGroupOut,cross_session,1,cnn_ncp_branch,BNCI2014_001,test_perturb,CrossSession,42,False,64.0,0.001,0.001,12.0,,,,,,,MotorImagery,0.8,,,,,,,
gaussian,55.526315789473685,0.7735339506172839,0.5133101851851851,0.7735339506172839,0.7013888888888888,0.6666666666666666,0.8055555555555556,0.7295597484276728,0.5133101851851851,0.5486111111111112,0.5714285714285714,0.3888888888888889,0.4628099173553719,0.3364089775561097,84.30499958992004,0.364415168762207,84.66941475868225,1test,LeaveOneGroupOut,cross_session,1,cnn_ncp_branch,BNCI2014_001,test_perturb,CrossSession,42,False,64.0,0.001,0.001,12.0,,,,,,,MotorImagery,0.8,,,,,,,
gaussian,59.42105263157895,0.7735339506172839,0.533179012345679,0.7735339506172839,0.7013888888888888,0.6666666666666666,0.8055555555555556,0.7295597484276728,0.533179012345679,0.5694444444444444,0.5961538461538461,0.4305555555555556,0.5000000000000001,0.3107231920199501,84.30499958992004,0.3458499908447265,84.65084958076477,1test,LeaveOneGroupOut,cross_session,1,cnn_ncp_branch,BNCI2014_001,test_perturb,CrossSession,42,False,64.0,0.001,0.001,12.0,,,,,,,MotorImagery,0.8,,,,,,,
gaussian,63.31578947368421,0.7735339506172839,0.5700231481481481,0.7735339506172839,0.7013888888888888,0.6666666666666666,0.8055555555555556,0.7295597484276728,0.5700231481481481,0.5486111111111112,0.574468085106383,0.375,0.453781512605042,0.2630922693266833,84.30499958992004,0.3312914371490478,84.63629102706909,1test,LeaveOneGroupOut,cross_session,1,cnn_ncp_branch,BNCI2014_001,test_perturb,CrossSession,42,False,64.0,0.001,0.001,12.0,,,,,,,MotorImagery,0.8,,,,,,,
gaussian,67.21052631578948,0.7735339506172839,0.595679012345679,0.7735339506172839,0.7013888888888888,0.6666666666666666,0.8055555555555556,0.7295597484276728,0.595679012345679,0.5555555555555556,0.5869565217391305,0.375,0.4576271186440678,0.2299251870324189,84.30499958992004,0.3196897506713867,84.62468934059143,1test,LeaveOneGroupOut,cross_session,1,cnn_ncp_branch,BNCI2014_001,test_perturb,CrossSession,42,False,64.0,0.001,0.001,12.0,,,,,,,MotorImagery,0.8,,,,,,,
gaussian,71.10526315789474,0.7735339506172839,0.5569058641975307,0.7735339506172839,0.7013888888888888,0.6666666666666666,0.8055555555555556,0.7295597484276728,0.5569058641975307,0.5625,0.6097560975609756,0.3472222222222222,0.4424778761061947,0.2800498753117208,84.30499958992004,0.3033163547515869,84.60831594467163,1test,LeaveOneGroupOut,cross_session,1,cnn_ncp_branch,BNCI2014_001,test_perturb,CrossSession,42,False,64.0,0.001,0.001,12.0,,,,,,,MotorImagery,0.8,,,,,,,
gaussian,75.0,0.7735339506172839,0.5540123456790123,0.7735339506172839,0.7013888888888888,0.6666666666666666,0.8055555555555556,0.7295597484276728,0.5540123456790123,0.5625,0.6097560975609756,0.3472222222222222,0.4424778761061947,0.2837905236907732,84.30499958992004,0.3139259815216064,84.61892557144165,1test,LeaveOneGroupOut,cross_session,1,cnn_ncp_branch,BNCI2014_001,test_perturb,CrossSession,42,False,64.0,0.001,0.001,12.0,,,,,,,MotorImagery,0.8,,,,,,,
dropout,1.0,0.7735339506172839,0.7013888888888888,0.7735339506172839,0.7013888888888888,0.6666666666666666,0.8055555555555556,0.7295597484276728,0.7013888888888888,0.6736111111111112,0.6623376623376623,0.7083333333333334,0.6845637583892618,0.0932668329177057,84.30499958992004,0.3365354537963867,84.64153504371643,1test,LeaveOneGroupOut,cross_session,1,cnn_ncp_branch,BNCI2014_001,test_perturb,CrossSession,42,False,64.0,0.001,0.001,12.0,,,,,,,MotorImagery,0.8,,,,,,,
dropout,4.894736842105264,0.7735339506172839,0.7013888888888888,0.7735339506172839,0.7013888888888888,0.6666666666666666,0.8055555555555556,0.7295597484276728,0.7013888888888888,0.6736111111111112,0.6623376623376623,0.7083333333333334,0.6845637583892618,0.0932668329177057,84.30499958992004,0.3184187412261963,84.62341833114624,1test,LeaveOneGroupOut,cross_session,1,cnn_ncp_branch,BNCI2014_001,test_perturb,CrossSession,42,False,64.0,0.001,0.001,12.0,,,,,,,MotorImagery,0.8,,,,,,,
dropout,8.789473684210527,0.7735339506172839,0.7013888888888888,0.7735339506172839,0.7013888888888888,0.6666666666666666,0.8055555555555556,0.7295597484276728,0.7013888888888888,0.6736111111111112,0.6623376623376623,0.7083333333333334,0.6845637583892618,0.0932668329177057,84.30499958992004,0.3121845722198486,84.61718416213989,1test,LeaveOneGroupOut,cross_session,1,cnn_ncp_branch,BNCI2014_001,test_perturb,CrossSession,42,False,64.0,0.001,0.001,12.0,,,,,,,MotorImagery,0.8,,,,,,,
dropout,12.68421052631579,0.7735339506172839,0.6882716049382717,0.7735339506172839,0.7013888888888888,0.6666666666666666,0.8055555555555556,0.7295597484276728,0.6882716049382717,0.6666666666666666,0.65,0.7222222222222222,0.6842105263157895,0.110224438902743,84.30499958992004,0.3026127815246582,84.6076123714447,1test,LeaveOneGroupOut,cross_session,1,cnn_ncp_branch,BNCI2014_001,test_perturb,CrossSession,42,False,64.0,0.001,0.001,12.0,,,,,,,MotorImagery,0.8,,,,,,,
dropout,16.578947368421055,0.7735339506172839,0.6871141975308641,0.7735339506172839,0.7013888888888888,0.6666666666666666,0.8055555555555556,0.7295597484276728,0.6871141975308641,0.625,0.6071428571428571,0.7083333333333334,0.6538461538461539,0.1117206982543641,84.30499958992004,0.320286750793457,84.6252863407135,1test,LeaveOneGroupOut,cross_session,1,cnn_ncp_branch,BNCI2014_001,test_perturb,CrossSession,42,False,64.0,0.001,0.001,12.0,,,,,,,MotorImagery,0.8,,,,,,,
dropout,20.473684210526315,0.7735339506172839,0.6971450617283951,0.7735339506172839,0.7013888888888888,0.6666666666666666,0.8055555555555556,0.7295597484276728,0.6971450617283951,0.6388888888888888,0.6190476190476191,0.7222222222222222,0.6666666666666666,0.0987531172069824,84.30499958992004,0.3217215538024902,84.62672114372253,1test,LeaveOneGroupOut,cross_session,1,cnn_ncp_branch,BNCI2014_001,test_perturb,CrossSession,42,False,64.0,0.001,0.001,12.0,,,,,,,MotorImagery,0.8,,,,,,,
dropout,24.36842105263158,0.7735339506172839,0.642554012345679,0.7735339506172839,0.7013888888888888,0.6666666666666666,0.8055555555555556,0.7295597484276728,0.642554012345679,0.625,0.6153846153846154,0.6666666666666666,0.64,0.1693266832917705,84.30499958992004,0.3173470497131347,84.62234663963318,1test,LeaveOneGroupOut,cross_session,1,cnn_ncp_branch,BNCI2014_001,test_perturb,CrossSession,42,False,64.0,0.001,0.001,12.0,,,,,,,MotorImagery,0.8,,,,,,,
dropout,28.26315789473684,0.7735339506172839,0.6630015432098766,0.7735339506172839,0.7013888888888888,0.6666666666666666,0.8055555555555556,0.7295597484276728,0.6630015432098766,0.6041666666666666,0.6086956521739131,0.5833333333333334,0.5957446808510638,0.1428927680798004,84.30499958992004,0.3512692451477051,84.65626883506775,1test,LeaveOneGroupOut,cross_session,1,cnn_ncp_branch,BNCI2014_001,test_perturb,CrossSession,42,False,64.0,0.001,0.001,12.0,,,,,,,MotorImagery,0.8,,,,,,,
dropout,32.15789473684211,0.7735339506172839,0.6647376543209879,0.7735339506172839,0.7013888888888888,0.6666666666666666,0.8055555555555556,0.7295597484276728,0.6647376543209879,0.6666666666666666,0.6666666666666666,0.6666666666666666,0.6666666666666666,0.1406483790523687,84.30499958992004,0.3315463066101074,84.63654589653015,1test,LeaveOneGroupOut,cross_session,1,cnn_ncp_branch,BNCI2014_001,test_perturb,CrossSession,42,False,64.0,0.001,0.001,12.0,,,,,,,MotorImagery,0.8,,,,,,,
dropout,36.05263157894737,0.7735339506172839,0.6647376543209879,0.7735339506172839,0.7013888888888888,0.6666666666666666,0.8055555555555556,0.7295597484276728,0.6647376543209879,0.6666666666666666,0.6666666666666666,0.6666666666666666,0.6666666666666666,0.1406483790523687,84.30499958992004,0.3356096744537353,84.64060926437378,1test,LeaveOneGroupOut,cross_session,1,cnn_ncp_branch,BNCI2014_001,test_perturb,CrossSession,42,False,64.0,0.001,0.001,12.0,,,,,,,MotorImagery,0.8,,,,,,,
dropout,39.94736842105263,0.7735339506172839,0.6753472222222222,0.7735339506172839,0.7013888888888888,0.6666666666666666,0.8055555555555556,0.7295597484276728,0.6753472222222222,0.5972222222222222,0.5897435897435898,0.6388888888888888,0.6133333333333332,0.126932668329177,84.30499958992004,0.3272089958190918,84.63220858573914,1test,LeaveOneGroupOut,cross_session,1,cnn_ncp_branch,BNCI2014_001,test_perturb,CrossSession,42,False,64.0,0.001,0.001,12.0,,,,,,,MotorImagery,0.8,,,,,,,
dropout,43.8421052631579,0.7735339506172839,0.6655092592592593,0.7735339506172839,0.7013888888888888,0.6666666666666666,0.8055555555555556,0.7295597484276728,0.6655092592592593,0.625,0.6216216216216216,0.6388888888888888,0.6301369863013699,0.139650872817955,84.30499958992004,0.3256707191467285,84.63067030906677,1test,LeaveOneGroupOut,cross_session,1,cnn_ncp_branch,BNCI2014_001,test_perturb,CrossSession,42,False,64.0,0.001,0.001,12.0,,,,,,,MotorImagery,0.8,,,,,,,
dropout,47.73684210526316,0.7735339506172839,0.5864197530864198,0.7735339506172839,0.7013888888888888,0.6666666666666666,0.8055555555555556,0.7295597484276728,0.5864197530864198,0.5972222222222222,0.5795454545454546,0.7083333333333334,0.6375,0.2418952618453864,84.30499958992004,0.3321003913879394,84.63709998130798,1test,LeaveOneGroupOut,cross_session,1,cnn_ncp_branch,BNCI2014_001,test_perturb,CrossSession,42,False,64.0,0.001,0.001,12.0,,,,,,,MotorImagery,0.8,,,,,,,
dropout,51.631578947368425,0.7735339506172839,0.5219907407407408,0.7735339506172839,0.7013888888888888,0.6666666666666666,0.8055555555555556,0.7295597484276728,0.5219907407407408,0.4930555555555556,0.4936708860759494,0.5416666666666666,0.5165562913907285,0.3251870324189524,84.30499958992004,0.3413777351379394,84.64637732505798,1test,LeaveOneGroupOut,cross_session,1,cnn_ncp_branch,BNCI2014_001,test_perturb,CrossSession,42,False,64.0,0.001,0.001,12.0,,,,,,,MotorImagery,0.8,,,,,,,
dropout,55.526315789473685,0.7735339506172839,0.4915123456790123,0.7735339506172839,0.7013888888888888,0.6666666666666666,0.8055555555555556,0.7295597484276728,0.4915123456790123,0.4930555555555556,0.4935064935064935,0.5277777777777778,0.5100671140939597,0.3645885286783042,84.30499958992004,0.3497979640960693,84.65479755401611,1test,LeaveOneGroupOut,cross_session,1,cnn_ncp_branch,BNCI2014_001,test_perturb,CrossSession,42,False,64.0,0.001,0.001,12.0,,,,,,,MotorImagery,0.8,,,,,,,
dropout,59.42105263157895,0.7735339506172839,0.5399305555555556,0.7735339506172839,0.7013888888888888,0.6666666666666666,0.8055555555555556,0.7295597484276728,0.5399305555555556,0.5486111111111112,0.5454545454545454,0.5833333333333334,0.5637583892617449,0.3019950124688279,84.30499958992004,0.3282408714294433,84.63324046134949,1test,LeaveOneGroupOut,cross_session,1,cnn_ncp_branch,BNCI2014_001,test_perturb,CrossSession,42,False,64.0,0.001,0.001,12.0,,,,,,,MotorImagery,0.8,,,,,,,
dropout,63.31578947368421,0.7735339506172839,0.5399305555555556,0.7735339506172839,0.7013888888888888,0.6666666666666666,0.8055555555555556,0.7295597484276728,0.5399305555555556,0.5486111111111112,0.5454545454545454,0.5833333333333334,0.5637583892617449,0.3019950124688279,84.30499958992004,0.3642284870147705,84.66922807693481,1test,LeaveOneGroupOut,cross_session,1,cnn_ncp_branch,BNCI2014_001,test_perturb,CrossSession,42,False,64.0,0.001,0.001,12.0,,,,,,,MotorImagery,0.8,,,,,,,
dropout,67.21052631578948,0.7735339506172839,0.6174768518518519,0.7735339506172839,0.7013888888888888,0.6666666666666666,0.8055555555555556,0.7295597484276728,0.6174768518518519,0.5763888888888888,0.5632183908045977,0.6805555555555556,0.6163522012578615,0.2017456359102244,84.30499958992004,0.3633129596710205,84.66831254959106,1test,LeaveOneGroupOut,cross_session,1,cnn_ncp_branch,BNCI2014_001,test_perturb,CrossSession,42,False,64.0,0.001,0.001,12.0,,,,,,,MotorImagery,0.8,,,,,,,
dropout,71.10526315789474,0.7735339506172839,0.5106095679012346,0.7735339506172839,0.7013888888888888,0.6666666666666666,0.8055555555555556,0.7295597484276728,0.5106095679012346,0.4652777777777778,0.4657534246575342,0.4722222222222222,0.4689655172413793,0.3399002493765585,84.30499958992004,0.3484184741973877,84.65341806411743,1test,LeaveOneGroupOut,cross_session,1,cnn_ncp_branch,BNCI2014_001,test_perturb,CrossSession,42,False,64.0,0.001,0.001,12.0,,,,,,,MotorImagery,0.8,,,,,,,
dropout,75.0,0.7735339506172839,0.5713734567901234,0.7735339506172839,0.7013888888888888,0.6666666666666666,0.8055555555555556,0.7295597484276728,0.5713734567901234,0.5555555555555556,0.5526315789473685,0.5833333333333334,0.5675675675675677,0.2613466334164588,84.30499958992004,0.3971655368804931,84.70216512680054,1test,LeaveOneGroupOut,cross_session,1,cnn_ncp_branch,BNCI2014_001,test_perturb,CrossSession,42,False,64.0,0.001,0.001,12.0,,,,,,,MotorImagery,0.8,,,,,,,
eog,1.0,0.8130787037037037,0.8013117283950617,0.8130787037037037,0.5972222222222222,0.5538461538461539,1.0,0.712871287128713,0.8013117283950617,0.5902777777777778,0.5503875968992248,0.9861111111111112,0.7064676616915423,0.0144721233689205,34.05818247795105,0.810396671295166,34.868579149246216,0train,LeaveOneGroupOut,cross_session,1,cnn_ncp_branched_bins,BNCI2014_001,test_perturb,CrossSession,100,False,64.0,0.001,0.001,19.0,,,,,,,MotorImagery,0.4,,,,,,,
eog,6.2105263157894735,0.8130787037037037,0.8088348765432098,0.8130787037037037,0.5972222222222222,0.5538461538461539,1.0,0.712871287128713,0.8088348765432098,0.6180555555555556,0.5691056910569106,0.9722222222222222,0.7179487179487181,0.0052194543297746,34.05818247795105,0.6082496643066406,34.66643214225769,0train,LeaveOneGroupOut,cross_session,1,cnn_ncp_branched_bins,BNCI2014_001,test_perturb,CrossSession,100,False,64.0,0.001,0.001,19.0,,,,,,,MotorImagery,0.4,,,,,,,
eog,11.421052631578949,0.8130787037037037,0.7318672839506173,0.8130787037037037,0.5972222222222222,0.5538461538461539,1.0,0.712871287128713,0.7318672839506173,0.5694444444444444,0.5431034482758621,0.875,0.6702127659574468,0.0998813760379596,34.05818247795105,0.6629512310028076,34.72113370895386,0train,LeaveOneGroupOut,cross_session,1,cnn_ncp_branched_bins,BNCI2014_001,test_perturb,CrossSession,100,False,64.0,0.001,0.001,19.0,,,,,,,MotorImagery,0.4,,,,,,,
eog,16.63157894736842,0.8130787037037037,0.7565586419753086,0.8130787037037037,0.5972222222222222,0.5538461538461539,1.0,0.712871287128713,0.7565586419753086,0.5902777777777778,0.5585585585585585,0.8611111111111112,0.6775956284153005,0.0695136417556346,34.05818247795105,0.7015702724456787,34.75975275039673,0train,LeaveOneGroupOut,cross_session,1,cnn_ncp_branched_bins,BNCI2014_001,test_perturb,CrossSession,100,False,64.0,0.001,0.001,19.0,,,,,,,MotorImagery,0.4,,,,,,,
eog,21.84210526315789,0.8130787037037037,0.7173996913580247,0.8130787037037037,0.5972222222222222,0.5538461538461539,1.0,0.712871287128713,0.7173996913580247,0.5902777777777778,0.5631067961165048,0.8055555555555556,0.6628571428571429,0.1176749703440094,34.05818247795105,0.803762674331665,34.861945152282715,0train,LeaveOneGroupOut,cross_session,1,cnn_ncp_branched_bins,BNCI2014_001,test_perturb,CrossSession,100,False,64.0,0.001,0.001,19.0,,,,,,,MotorImagery,0.4,,,,,,,
eog,27.052631578947366,0.8130787037037037,0.7403549382716049,0.8130787037037037,0.5972222222222222,0.5538461538461539,1.0,0.712871287128713,0.7403549382716049,0.6111111111111112,0.5833333333333334,0.7777777777777778,0.6666666666666666,0.0894424673784104,34.05818247795105,0.7921972274780273,34.85037970542908,0train,LeaveOneGroupOut,cross_session,1,cnn_ncp_branched_bins,BNCI2014_001,test_perturb,CrossSession,100,False,64.0,0.001,0.001,19.0,,,,,,,MotorImagery,0.4,,,,,,,
eog,32.26315789473684,0.8130787037037037,0.7201003086419754,0.8130787037037037,0.5972222222222222,0.5538461538461539,1.0,0.712871287128713,0.7201003086419754,0.6041666666666666,0.5806451612903226,0.75,0.6545454545454547,0.1143534994068801,34.05818247795105,0.778087854385376,34.836270332336426,0train,LeaveOneGroupOut,cross_session,1,cnn_ncp_branched_bins,BNCI2014_001,test_perturb,CrossSession,100,False,64.0,0.001,0.001,19.0,,,,,,,MotorImagery,0.4,,,,,,,
eog,37.47368421052632,0.8130787037037037,0.7320601851851852,0.8130787037037037,0.5972222222222222,0.5538461538461539,1.0,0.712871287128713,0.7320601851851852,0.625,0.6046511627906976,0.7222222222222222,0.6582278481012659,0.0996441281138789,34.05818247795105,0.7612721920013428,34.81945466995239,0train,LeaveOneGroupOut,cross_session,1,cnn_ncp_branched_bins,BNCI2014_001,test_perturb,CrossSession,100,False,64.0,0.001,0.001,19.0,,,,,,,MotorImagery,0.4,,,,,,,
eog,42.68421052631579,0.8130787037037037,0.654320987654321,0.8130787037037037,0.5972222222222222,0.5538461538461539,1.0,0.712871287128713,0.654320987654321,0.5486111111111112,0.5466666666666666,0.5694444444444444,0.5578231292517006,0.1952550415183867,34.05818247795105,0.752995491027832,34.81117796897888,0train,LeaveOneGroupOut,cross_session,1,cnn_ncp_branched_bins,BNCI2014_001,test_perturb,CrossSession,100,False,64.0,0.001,0.001,19.0,,,,,,,MotorImagery,0.4,,,,,,,
eog,47.89473684210526,0.8130787037037037,0.6111111111111112,0.8130787037037037,0.5972222222222222,0.5538461538461539,1.0,0.712871287128713,0.6111111111111112,0.5208333333333334,0.5217391304347826,0.5,0.5106382978723404,0.2483985765124554,34.05818247795105,0.7138192653656006,34.77200174331665,0train,LeaveOneGroupOut,cross_session,1,cnn_ncp_branched_bins,BNCI2014_001,test_perturb,CrossSession,100,False,64.0,0.001,0.001,19.0,,,,,,,MotorImagery,0.4,,,,,,,
eog,53.10526315789473,0.8130787037037037,0.6986882716049383,0.8130787037037037,0.5972222222222222,0.5538461538461539,1.0,0.712871287128713,0.6986882716049383,0.5972222222222222,0.609375,0.5416666666666666,0.573529411764706,0.1406880189798339,34.05818247795105,0.7378823757171631,34.79606485366821,0train,LeaveOneGroupOut,cross_session,1,cnn_ncp_branched_bins,BNCI2014_001,test_perturb,CrossSession,100,False,64.0,0.001,0.001,19.0,,,,,,,MotorImagery,0.4,,,,,,,
eog,58.315789473684205,0.8130787037037037,0.6404320987654322,0.8130787037037037,0.5972222222222222,0.5538461538461539,1.0,0.712871287128713,0.6404320987654322,0.5694444444444444,0.5833333333333334,0.4861111111111111,0.5303030303030304,0.2123368920521944,34.05818247795105,0.7864036560058594,34.84458613395691,0train,LeaveOneGroupOut,cross_session,1,cnn_ncp_branched_bins,BNCI2014_001,test_perturb,CrossSession,100,False,64.0,0.001,0.001,19.0,,,,,,,MotorImagery,0.4,,,,,,,
eog,63.526315789473685,0.8130787037037037,0.6884645061728395,0.8130787037037037,0.5972222222222222,0.5538461538461539,1.0,0.712871287128713,0.6884645061728395,0.5972222222222222,0.64,0.4444444444444444,0.5245901639344263,0.1532621589561091,34.05818247795105,0.7658443450927734,34.82402682304382,0train,LeaveOneGroupOut,cross_session,1,cnn_ncp_branched_bins,BNCI2014_001,test_perturb,CrossSession,100,False,64.0,0.001,0.001,19.0,,,,,,,MotorImagery,0.4,,,,,,,
eog,68.73684210526315,0.8130787037037037,0.5804398148148149,0.8130787037037037,0.5972222222222222,0.5538461538461539,1.0,0.712871287128713,0.5804398148148149,0.4722222222222222,0.4545454545454545,0.2777777777777778,0.3448275862068966,0.2861209964412811,34.05818247795105,0.7424218654632568,34.80060434341431,0train,LeaveOneGroupOut,cross_session,1,cnn_ncp_branched_bins,BNCI2014_001,test_perturb,CrossSession,100,False,64.0,0.001,0.001,19.0,,,,,,,MotorImagery,0.4,,,,,,,
eog,73.94736842105263,0.8130787037037037,0.6537422839506173,0.8130787037037037,0.5972222222222222,0.5538461538461539,1.0,0.712871287128713,0.6537422839506173,0.5625,0.6,0.375,0.4615384615384615,0.1959667852906287,34.05818247795105,0.7896358966827393,34.84781837463379,0train,LeaveOneGroupOut,cross_session,1,cnn_ncp_branched_bins,BNCI2014_001,test_perturb,CrossSession,100,False,64.0,0.001,0.001,19.0,,,,,,,MotorImagery,0.4,,,,,,,
eog,79.1578947368421,0.8130787037037037,0.6861496913580246,0.8130787037037037,0.5972222222222222,0.5538461538461539,1.0,0.712871287128713,0.6861496913580246,0.5486111111111112,0.5897435897435898,0.3194444444444444,0.4144144144144143,0.1561091340450772,34.05818247795105,0.7304408550262451,34.788623332977295,0train,LeaveOneGroupOut,cross_session,1,cnn_ncp_branched_bins,BNCI2014_001,test_perturb,CrossSession,100,False,64.0,0.001,0.001,19.0,,,,,,,MotorImagery,0.4,,,,,,,
eog,84.36842105263158,0.8130787037037037,0.7017746913580247,0.8130787037037037,0.5972222222222222,0.5538461538461539,1.0,0.712871287128713,0.7017746913580247,0.5763888888888888,0.7037037037037037,0.2638888888888889,0.3838383838383838,0.1368920521945432,34.05818247795105,0.7690589427947998,34.82724142074585,0train,LeaveOneGroupOut,cross_session,1,cnn_ncp_branched_bins,BNCI2014_001,test_perturb,CrossSession,100,False,64.0,0.001,0.001,19.0,,,,,,,MotorImagery,0.4,,,,,,,
eog,89.57894736842105,0.8130787037037037,0.7116126543209876,0.8130787037037037,0.5972222222222222,0.5538461538461539,1.0,0.712871287128713,0.7116126543209876,0.5555555555555556,0.6538461538461539,0.2361111111111111,0.3469387755102041,0.1247924080664294,34.05818247795105,0.7453336715698242,34.803516149520874,0train,LeaveOneGroupOut,cross_session,1,cnn_ncp_branched_bins,BNCI2014_001,test_perturb,CrossSession,100,False,64.0,0.001,0.001,19.0,,,,,,,MotorImagery,0.4,,,,,,,
eog,94.78947368421052,0.8130787037037037,0.732445987654321,0.8130787037037037,0.5972222222222222,0.5538461538461539,1.0,0.712871287128713,0.732445987654321,0.5555555555555556,0.75,0.1666666666666666,0.2727272727272727,0.0991696322657176,34.05818247795105,0.7295372486114502,34.7877197265625,0train,LeaveOneGroupOut,cross_session,1,cnn_ncp_branched_bins,BNCI2014_001,test_perturb,CrossSession,100,False,64.0,0.001,0.001,19.0,,,,,,,MotorImagery,0.4,,,,,,,
eog,100.0,0.8130787037037037,0.6803626543209876,0.8130787037037037,0.5972222222222222,0.5538461538461539,1.0,0.712871287128713,0.6803626543209876,0.5625,0.8461538461538461,0.1527777777777778,0.2588235294117647,0.163226571767497,34.05818247795105,0.7598972320556641,34.818079710006714,0train,LeaveOneGroupOut,cross_session,1,cnn_ncp_branched_bins,BNCI2014_001,test_perturb,CrossSession,100,False,64.0,0.001,0.001,19.0,,,,,,,MotorImagery,0.4,,,,,,,
gaussian,1.0,0.8130787037037037,0.8134645061728395,0.8130787037037037,0.5972222222222222,0.5538461538461539,1.0,0.712871287128713,0.8134645061728395,0.5972222222222222,0.5538461538461539,1.0,0.712871287128713,-0.0004744958481612,34.05818247795105,0.6989893913269043,34.757171869277954,0train,LeaveOneGroupOut,cross_session,1,cnn_ncp_branched_bins,BNCI2014_001,test_perturb,CrossSession,100,False,64.0,0.001,0.001,19.0,,,,,,,MotorImagery,0.4,,,,,,,
gaussian,4.894736842105264,0.8130787037037037,0.8125,0.8130787037037037,0.5972222222222222,0.5538461538461539,1.0,0.712871287128713,0.8125,0.5972222222222222,0.5538461538461539,1.0,0.712871287128713,0.000711743772242,34.05818247795105,0.7076606750488281,34.76584315299988,0train,LeaveOneGroupOut,cross_session,1,cnn_ncp_branched_bins,BNCI2014_001,test_perturb,CrossSession,100,False,64.0,0.001,0.001,19.0,,,,,,,MotorImagery,0.4,,,,,,,
gaussian,8.789473684210527,0.8130787037037037,0.7978395061728395,0.8130787037037037,0.5972222222222222,0.5538461538461539,1.0,0.712871287128713,0.7978395061728395,0.5972222222222222,0.5538461538461539,1.0,0.712871287128713,0.0187425860023725,34.05818247795105,0.6963942050933838,34.754576683044434,0train,LeaveOneGroupOut,cross_session,1,cnn_ncp_branched_bins,BNCI2014_001,test_perturb,CrossSession,100,False,64.0,0.001,0.001,19.0,,,,,,,MotorImagery,0.4,,,,,,,
gaussian,12.68421052631579,0.8130787037037037,0.8097993827160493,0.8130787037037037,0.5972222222222222,0.5538461538461539,1.0,0.712871287128713,0.8097993827160493,0.5902777777777778,0.549618320610687,1.0,0.7093596059113301,0.0040332147093713,34.05818247795105,0.6999783515930176,34.75816082954407,0train,LeaveOneGroupOut,cross_session,1,cnn_ncp_branched_bins,BNCI2014_001,test_perturb,CrossSession,100,False,64.0,0.001,0.001,19.0,,,,,,,MotorImagery,0.4,,,,,,,
gaussian,16.578947368421055,0.8130787037037037,0.7766203703703703,0.8130787037037037,0.5972222222222222,0.5538461538461539,1.0,0.712871287128713,0.7766203703703703,0.5694444444444444,0.5378787878787878,0.9861111111111112,0.696078431372549,0.0448398576512455,34.05818247795105,0.6779012680053711,34.73608374595642,0train,LeaveOneGroupOut,cross_session,1,cnn_ncp_branched_bins,BNCI2014_001,test_perturb,CrossSession,100,False,64.0,0.001,0.001,19.0,,,,,,,MotorImagery,0.4,,,,,,,
gaussian,20.473684210526315,0.8130787037037037,0.7785493827160495,0.8130787037037037,0.5972222222222222,0.5538461538461539,1.0,0.712871287128713,0.7785493827160495,0.6111111111111112,0.5655737704918032,0.9583333333333334,0.711340206185567,0.0424673784104388,34.05818247795105,0.6678898334503174,34.72607231140137,0train,LeaveOneGroupOut,cross_session,1,cnn_ncp_branched_bins,BNCI2014_001,test_perturb,CrossSession,100,False,64.0,0.001,0.001,19.0,,,,,,,MotorImagery,0.4,,,,,,,
gaussian,24.36842105263158,0.8130787037037037,0.7552083333333334,0.8130787037037037,0.5972222222222222,0.5538461538461539,1.0,0.712871287128713,0.7552083333333334,0.6111111111111112,0.5666666666666667,0.9444444444444444,0.7083333333333334,0.0711743772241992,34.05818247795105,0.697662353515625,34.755844831466675,0train,LeaveOneGroupOut,cross_session,1,cnn_ncp_branched_bins,BNCI2014_001,test_perturb,CrossSession,100,False,64.0,0.001,0.001,19.0,,,,,,,MotorImagery,0.4,,,,,,,
gaussian,28.26315789473684,0.8130787037037037,0.7486496913580247,0.8130787037037037,0.5972222222222222,0.5538461538461539,1.0,0.712871287128713,0.7486496913580247,0.6041666666666666,0.56,0.9722222222222222,0.7106598984771574,0.0792408066429418,34.05818247795105,0.6656012535095215,34.72378373146057,0train,LeaveOneGroupOut,cross_session,1,cnn_ncp_branched_bins,BNCI2014_001,test_perturb,CrossSession,100,False,64.0,0.001,0.001,19.0,,,,,,,MotorImagery,0.4,,,,,,,
gaussian,32.15789473684211,0.8130787037037037,0.6487268518518519,0.8130787037037037,0.5972222222222222,0.5538461538461539,1.0,0.712871287128713,0.6487268518518519,0.5833333333333334,0.55,0.9166666666666666,0.6874999999999999,0.2021352313167259,34.05818247795105,0.7015016078948975,34.75968408584595,0train,LeaveOneGroupOut,cross_session,1,cnn_ncp_branched_bins,BNCI2014_001,test_perturb,CrossSession,100,False,64.0,0.001,0.001,19.0,,,,,,,MotorImagery,0.4,,,,,,,
gaussian,36.05263157894737,0.8130787037037037,0.7565586419753086,0.8130787037037037,0.5972222222222222,0.5538461538461539,1.0,0.712871287128713,0.7565586419753086,0.5972222222222222,0.5583333333333333,0.9305555555555556,0.6979166666666666,0.0695136417556346,34.05818247795105,0.6914680004119873,34.74965047836304,0train,LeaveOneGroupOut,cross_session,1,cnn_ncp_branched_bins,BNCI2014_001,test_perturb,CrossSession,100,False,64.0,0.001,0.001,19.0,,,,,,,MotorImagery,0.4,,,,,,,
gaussian,39.94736842105263,0.8130787037037037,0.6585648148148148,0.8130787037037037,0.5972222222222222,0.5538461538461539,1.0,0.712871287128713,0.6585648148148148,0.5694444444444444,0.5416666666666666,0.9027777777777778,0.6770833333333333,0.1900355871886121,34.05818247795105,0.7106971740722656,34.768879652023315,0train,LeaveOneGroupOut,cross_session,1,cnn_ncp_branched_bins,BNCI2014_001,test_perturb,CrossSession,100,False,64.0,0.001,0.001,19.0,,,,,,,MotorImagery,0.4,,,,,,,
gaussian,43.8421052631579,0.8130787037037037,0.6197916666666667,0.8130787037037037,0.5972222222222222,0.5538461538461539,1.0,0.712871287128713,0.6197916666666667,0.5694444444444444,0.5462962962962963,0.8194444444444444,0.6555555555555556,0.2377224199288255,34.05818247795105,0.6982078552246094,34.75639033317566,0train,LeaveOneGroupOut,cross_session,1,cnn_ncp_branched_bins,BNCI2014_001,test_perturb,CrossSession,100,False,64.0,0.001,0.001,19.0,,,,,,,MotorImagery,0.4,,,,,,,
gaussian,47.73684210526316,0.8130787037037037,0.5268132716049383,0.8130787037037037,0.5972222222222222,0.5538461538461539,1.0,0.712871287128713,0.5268132716049383,0.5138888888888888,0.5087719298245614,0.8055555555555556,0.6236559139784946,0.3520759193357058,34.05818247795105,0.6930265426635742,34.751209020614624,0train,LeaveOneGroupOut,cross_session,1,cnn_ncp_branched_bins,BNCI2014_001,test_perturb,CrossSession,100,False,64.0,0.001,0.001,19.0,,,,,,,MotorImagery,0.4,,,,,,,
gaussian,51.631578947368425,0.8130787037037037,0.517554012345679,0.8130787037037037,0.5972222222222222,0.5538461538461539,1.0,0.712871287128713,0.517554012345679,0.5069444444444444,0.504424778761062,0.7916666666666666,0.6162162162162163,0.3634638196915777,34.05818247795105,0.7079732418060303,34.76615571975708,0train,LeaveOneGroupOut,cross_session,1,cnn_ncp_branched_bins,BNCI2014_001,test_perturb,CrossSession,100,False,64.0,0.001,0.001,19.0,,,,,,,MotorImagery,0.4,,,,,,,
gaussian,55.526315789473685,0.8130787037037037,0.585841049382716,0.8130787037037037,0.5972222222222222,0.5538461538461539,1.0,0.712871287128713,0.585841049382716,0.5277777777777778,0.5196078431372549,0.7361111111111112,0.6091954022988507,0.2794780545670226,34.05818247795105,0.6817352771759033,34.73991775512695,0train,LeaveOneGroupOut,cross_session,1,cnn_ncp_branched_bins,BNCI2014_001,test_perturb,CrossSession,100,False,64.0,0.001,0.001,19.0,,,,,,,MotorImagery,0.4,,,,,,,
gaussian,59.42105263157895,0.8130787037037037,0.605516975308642,0.8130787037037037,0.5972222222222222,0.5538461538461539,1.0,0.712871287128713,0.605516975308642,0.5208333333333334,0.5130434782608696,0.8194444444444444,0.6310160427807487,0.2552787663107947,34.05818247795105,0.6993002891540527,34.7574827671051,0train,LeaveOneGroupOut,cross_session,1,cnn_ncp_branched_bins,BNCI2014_001,test_perturb,CrossSession,100,False,64.0,0.001,0.001,19.0,,,,,,,MotorImagery,0.4,,,,,,,
gaussian,63.31578947368421,0.8130787037037037,0.5808256172839505,0.8130787037037037,0.5972222222222222,0.5538461538461539,1.0,0.712871287128713,0.5808256172839505,0.5486111111111112,0.5304347826086957,0.8472222222222222,0.6524064171122994,0.2856465005931199,34.05818247795105,0.7005317211151123,34.75871419906616,0train,LeaveOneGroupOut,cross_session,1,cnn_ncp_branched_bins,BNCI2014_001,test_perturb,CrossSession,100,False,64.0,0.001,0.001,19.0,,,,,,,MotorImagery,0.4,,,,,,,
gaussian,67.21052631578948,0.8130787037037037,0.6114969135802469,0.8130787037037037,0.5972222222222222,0.5538461538461539,1.0,0.712871287128713,0.6114969135802469,0.5625,0.5378151260504201,0.8888888888888888,0.6701570680628273,0.2479240806642941,34.05818247795105,0.7078747749328613,34.76605725288391,0train,LeaveOneGroupOut,cross_session,1,cnn_ncp_branched_bins,BNCI2014_001,test_perturb,CrossSession,100,False,64.0,0.001,0.001,19.0,,,,,,,MotorImagery,0.4,,,,,,,
gaussian,71.10526315789474,0.8130787037037037,0.5597993827160495,0.8130787037037037,0.5972222222222222,0.5538461538461539,1.0,0.712871287128713,0.5597993827160495,0.5486111111111112,0.5309734513274337,0.8333333333333334,0.6486486486486487,0.3115065243179121,34.05818247795105,0.7042293548583984,34.76241183280945,0train,LeaveOneGroupOut,cross_session,1,cnn_ncp_branched_bins,BNCI2014_001,test_perturb,CrossSession,100,False,64.0,0.001,0.001,19.0,,,,,,,MotorImagery,0.4,,,,,,,
gaussian,75.0,0.8130787037037037,0.5547839506172839,0.8130787037037037,0.5972222222222222,0.5538461538461539,1.0,0.712871287128713,0.5547839506172839,0.5416666666666666,0.5267857142857143,0.8194444444444444,0.641304347826087,0.3176749703440095,34.05818247795105,0.709409236907959,34.76759171485901,0train,LeaveOneGroupOut,cross_session,1,cnn_ncp_branched_bins,BNCI2014_001,test_perturb,CrossSession,100,False,64.0,0.001,0.001,19.0,,,,,,,MotorImagery,0.4,,,,,,,
dropout,1.0,0.8130787037037037,0.7251157407407407,0.8130787037037037,0.5972222222222222,0.5538461538461539,1.0,0.712871287128713,0.7251157407407407,0.6180555555555556,0.5726495726495726,0.9305555555555556,0.708994708994709,0.1081850533807829,34.05818247795105,0.6926529407501221,34.75083541870117,0train,LeaveOneGroupOut,cross_session,1,cnn_ncp_branched_bins,BNCI2014_001,test_perturb,CrossSession,100,False,64.0,0.001,0.001,19.0,,,,,,,MotorImagery,0.4,,,,,,,
dropout,4.894736842105264,0.8130787037037037,0.7251157407407407,0.8130787037037037,0.5972222222222222,0.5538461538461539,1.0,0.712871287128713,0.7251157407407407,0.6180555555555556,0.5726495726495726,0.9305555555555556,0.708994708994709,0.1081850533807829,34.05818247795105,0.6969594955444336,34.75514197349548,0train,LeaveOneGroupOut,cross_session,1,cnn_ncp_branched_bins,BNCI2014_001,test_perturb,CrossSession,100,False,64.0,0.001,0.001,19.0,,,,,,,MotorImagery,0.4,,,,,,,
dropout,8.789473684210527,0.8130787037037037,0.7251157407407407,0.8130787037037037,0.5972222222222222,0.5538461538461539,1.0,0.712871287128713,0.7251157407407407,0.6180555555555556,0.5726495726495726,0.9305555555555556,0.708994708994709,0.1081850533807829,34.05818247795105,0.6896300315856934,34.74781250953674,0train,LeaveOneGroupOut,cross_session,1,cnn_ncp_branched_bins,BNCI2014_001,test_perturb,CrossSession,100,False,64.0,0.001,0.001,19.0,,,,,,,MotorImagery,0.4,,,,,,,
dropout,12.68421052631579,0.8130787037037037,0.6635802469135803,0.8130787037037037,0.5972222222222222,0.5538461538461539,1.0,0.712871287128713,0.6635802469135803,0.625,0.5849056603773585,0.8611111111111112,0.696629213483146,0.1838671411625147,34.05818247795105,0.6956639289855957,34.753846406936646,0train,LeaveOneGroupOut,cross_session,1,cnn_ncp_branched_bins,BNCI2014_001,test_perturb,CrossSession,100,False,64.0,0.001,0.001,19.0,,,,,,,MotorImagery,0.4,,,,,,,
dropout,16.578947368421055,0.8130787037037037,0.6514274691358025,0.8130787037037037,0.5972222222222222,0.5538461538461539,1.0,0.712871287128713,0.6514274691358025,0.5694444444444444,0.5462962962962963,0.8194444444444444,0.6555555555555556,0.1988137603795966,34.05818247795105,0.6801300048828125,34.73831248283386,0train,LeaveOneGroupOut,cross_session,1,cnn_ncp_branched_bins,BNCI2014_001,test_perturb,CrossSession,100,False,64.0,0.001,0.001,19.0,,,,,,,MotorImagery,0.4,,,,,,,
dropout,20.473684210526315,0.8130787037037037,0.6963734567901234,0.8130787037037037,0.5972222222222222,0.5538461538461539,1.0,0.712871287128713,0.6963734567901234,0.6041666666666666,0.5714285714285714,0.8333333333333334,0.6779661016949152,0.1435349940688019,34.05818247795105,0.6917932033538818,34.74997568130493,0train,LeaveOneGroupOut,cross_session,1,cnn_ncp_branched_bins,BNCI2014_001,test_perturb,CrossSession,100,False,64.0,0.001,0.001,19.0,,,,,,,MotorImagery,0.4,,,,,,,
dropout,24.36842105263158,0.8130787037037037,0.5823688271604939,0.8130787037037037,0.5972222222222222,0.5538461538461539,1.0,0.712871287128713,0.5823688271604939,0.5694444444444444,0.55,0.7638888888888888,0.6395348837209303,0.2837485172004744,34.05818247795105,0.6573824882507324,34.71556496620178,0train,LeaveOneGroupOut,cross_session,1,cnn_ncp_branched_bins,BNCI2014_001,test_perturb,CrossSession,100,False,64.0,0.001,0.001,19.0,,,,,,,MotorImagery,0.4,,,,,,,
dropout,28.26315789473684,0.8130787037037037,0.6010802469135801,0.8130787037037037,0.5972222222222222,0.5538461538461539,1.0,0.712871287128713,0.6010802469135801,0.5625,0.5463917525773195,0.7361111111111112,0.6272189349112427,0.2607354685646503,34.05818247795105,0.7116773128509521,34.769859790802,0train,LeaveOneGroupOut,cross_session,1,cnn_ncp_branched_bins,BNCI2014_001,test_perturb,CrossSession,100,False,64.0,0.001,0.001,19.0,,,,,,,MotorImagery,0.4,,,,,,,
dropout,32.15789473684211,0.8130787037037037,0.6060956790123456,0.8130787037037037,0.5972222222222222,0.5538461538461539,1.0,0.712871287128713,0.6060956790123456,0.5416666666666666,0.5357142857142857,0.625,0.576923076923077,0.2545670225385528,34.05818247795105,0.6650478839874268,34.72323036193848,0train,LeaveOneGroupOut,cross_session,1,cnn_ncp_branched_bins,BNCI2014_001,test_perturb,CrossSession,100,False,64.0,0.001,0.001,19.0,,,,,,,MotorImagery,0.4,,,,,,,
dropout,36.05263157894737,0.8130787037037037,0.6060956790123456,0.8130787037037037,0.5972222222222222,0.5538461538461539,1.0,0.712871287128713,0.6060956790123456,0.5416666666666666,0.5357142857142857,0.625,0.576923076923077,0.2545670225385528,34.05818247795105,0.6700644493103027,34.72824692726135,0train,LeaveOneGroupOut,cross_session,1,cnn_ncp_branched_bins,BNCI2014_001,test_perturb,CrossSession,100,False,64.0,0.001,0.001,19.0,,,,,,,MotorImagery,0.4,,,,,,,
dropout,39.94736842105263,0.8130787037037037,0.5418595679012346,0.8130787037037037,0.5972222222222222,0.5538461538461539,1.0,0.712871287128713,0.5418595679012346,0.5277777777777778,0.5222222222222223,0.6527777777777778,0.5802469135802469,0.333570581257414,34.05818247795105,0.6922640800476074,34.75044655799866,0train,LeaveOneGroupOut,cross_session,1,cnn_ncp_branched_bins,BNCI2014_001,test_perturb,CrossSession,100,False,64.0,0.001,0.001,19.0,,,,,,,MotorImagery,0.4,,,,,,,
dropout,43.8421052631579,0.8130787037037037,0.6668595679012346,0.8130787037037037,0.5972222222222222,0.5538461538461539,1.0,0.712871287128713,0.6668595679012346,0.6319444444444444,0.6338028169014085,0.625,0.6293706293706294,0.1798339264531435,34.05818247795105,0.6780617237091064,34.73624420166016,0train,LeaveOneGroupOut,cross_session,1,cnn_ncp_branched_bins,BNCI2014_001,test_perturb,CrossSession,100,False,64.0,0.001,0.001,19.0,,,,,,,MotorImagery,0.4,,,,,,,
dropout,47.73684210526316,0.8130787037037037,0.5925925925925927,0.8130787037037037,0.5972222222222222,0.5538461538461539,1.0,0.712871287128713,0.5925925925925927,0.5902777777777778,0.5802469135802469,0.6527777777777778,0.6143790849673203,0.2711743772241992,34.05818247795105,0.7147750854492188,34.77295756340027,0train,LeaveOneGroupOut,cross_session,1,cnn_ncp_branched_bins,BNCI2014_001,test_perturb,CrossSession,100,False,64.0,0.001,0.001,19.0,,,,,,,MotorImagery,0.4,,,,,,,
dropout,51.631578947368425,0.8130787037037037,0.4753086419753086,0.8130787037037037,0.5972222222222222,0.5538461538461539,1.0,0.712871287128713,0.4753086419753086,0.5,0.5,0.625,0.5555555555555556,0.4154211150652432,34.05818247795105,0.6684696674346924,34.72665214538574,0train,LeaveOneGroupOut,cross_session,1,cnn_ncp_branched_bins,BNCI2014_001,test_perturb,CrossSession,100,False,64.0,0.001,0.001,19.0,,,,,,,MotorImagery,0.4,,,,,,,
dropout,55.526315789473685,0.8130787037037037,0.5825617283950617,0.8130787037037037,0.5972222222222222,0.5538461538461539,1.0,0.712871287128713,0.5825617283950617,0.5416666666666666,0.5375,0.5972222222222222,0.5657894736842105,0.2835112692763938,34.05818247795105,0.7231721878051758,34.781354665756226,0train,LeaveOneGroupOut,cross_session,1,cnn_ncp_branched_bins,BNCI2014_001,test_perturb,CrossSession,100,False,64.0,0.001,0.001,19.0,,,,,,,MotorImagery,0.4,,,,,,,
dropout,59.42105263157895,0.8130787037037037,0.6419753086419754,0.8130787037037037,0.5972222222222222,0.5538461538461539,1.0,0.712871287128713,0.6419753086419754,0.5833333333333334,0.573170731707317,0.6527777777777778,0.6103896103896104,0.2104389086595491,34.05818247795105,0.6975157260894775,34.75569820404053,0train,LeaveOneGroupOut,cross_session,1,cnn_ncp_branched_bins,BNCI2014_001,test_perturb,CrossSession,100,False,64.0,0.001,0.001,19.0,,,,,,,MotorImagery,0.4,,,,,,,
dropout,63.31578947368421,0.8130787037037037,0.6419753086419754,0.8130787037037037,0.5972222222222222,0.5538461538461539,1.0,0.712871287128713,0.6419753086419754,0.5833333333333334,0.573170731707317,0.6527777777777778,0.6103896103896104,0.2104389086595491,34.05818247795105,0.7097024917602539,34.767884969711304,0train,LeaveOneGroupOut,cross_session,1,cnn_ncp_branched_bins,BNCI2014_001,test_perturb,CrossSession,100,False,64.0,0.001,0.001,19.0,,,,,,,MotorImagery,0.4,,,,,,,
dropout,67.21052631578948,0.8130787037037037,0.6126543209876544,0.8130787037037037,0.5972222222222222,0.5538461538461539,1.0,0.712871287128713,0.6126543209876544,0.5555555555555556,0.55,0.6111111111111112,0.5789473684210527,0.2465005931198101,34.05818247795105,0.6717875003814697,34.72996997833252,0train,LeaveOneGroupOut,cross_session,1,cnn_ncp_branched_bins,BNCI2014_001,test_perturb,CrossSession,100,False,64.0,0.001,0.001,19.0,,,,,,,MotorImagery,0.4,,,,,,,
dropout,71.10526315789474,0.8130787037037037,0.5102237654320988,0.8130787037037037,0.5972222222222222,0.5538461538461539,1.0,0.712871287128713,0.5102237654320988,0.5416666666666666,0.5357142857142857,0.625,0.576923076923077,0.3724792408066429,34.05818247795105,0.6346919536590576,34.69287443161011,0train,LeaveOneGroupOut,cross_session,1,cnn_ncp_branched_bins,BNCI2014_001,test_perturb,CrossSession,100,False,64.0,0.001,0.001,19.0,,,,,,,MotorImagery,0.4,,,,,,,
dropout,75.0,0.8130787037037037,0.589891975308642,0.8130787037037037,0.5972222222222222,0.5538461538461539,1.0,0.712871287128713,0.589891975308642,0.5347222222222222,0.5287356321839081,0.6388888888888888,0.5786163522012578,0.2744958481613285,34.05818247795105,0.6698253154754639,34.728007793426514,0train,LeaveOneGroupOut,cross_session,1,cnn_ncp_branched_bins,BNCI2014_001,test_perturb,CrossSession,100,False,64.0,0.001,0.001,19.0,,,,,,,MotorImagery,0.4,,,,,,,
eog,1.0,0.8055555555555556,0.806712962962963,0.8055555555555556,0.6111111111111112,0.5625,1.0,0.72,0.806712962962963,0.6180555555555556,0.5669291338582677,1.0,0.7236180904522613,-0.0014367816091954,37.25606989860535,0.7722611427307129,38.02833104133606,1test,LeaveOneGroupOut,cross_session,1,cnn_ncp_branched_bins,BNCI2014_001,test_perturb,CrossSession,100,False,64.0,0.001,0.001,19.0,,,,,,,MotorImagery,0.4,,,,,,,
eog,6.2105263157894735,0.8055555555555556,0.7303240740740741,0.8055555555555556,0.6111111111111112,0.5625,1.0,0.72,0.7303240740740741,0.5625,0.5371900826446281,0.9027777777777778,0.6735751295336787,0.0933908045977011,37.25606989860535,0.6956946849822998,37.95176458358765,1test,LeaveOneGroupOut,cross_session,1,cnn_ncp_branched_bins,BNCI2014_001,test_perturb,CrossSession,100,False,64.0,0.001,0.001,19.0,,,,,,,MotorImagery,0.4,,,,,,,
eog,11.421052631578949,0.8055555555555556,0.7530864197530863,0.8055555555555556,0.6111111111111112,0.5625,1.0,0.72,0.7530864197530863,0.6111111111111112,0.5701754385964912,0.9027777777777778,0.6989247311827956,0.0651340996168583,37.25606989860535,0.829981803894043,38.08605170249939,1test,LeaveOneGroupOut,cross_session,1,cnn_ncp_branched_bins,BNCI2014_001,test_perturb,CrossSession,100,False,64.0,0.001,0.001,19.0,,,,,,,MotorImagery,0.4,,,,,,,
eog,16.63157894736842,0.8055555555555556,0.7451774691358025,0.8055555555555556,0.6111111111111112,0.5625,1.0,0.72,0.7451774691358025,0.6041666666666666,0.5688073394495413,0.8611111111111112,0.6850828729281768,0.0749521072796934,37.25606989860535,0.6835472583770752,37.93961715698242,1test,LeaveOneGroupOut,cross_session,1,cnn_ncp_branched_bins,BNCI2014_001,test_perturb,CrossSession,100,False,64.0,0.001,0.001,19.0,,,,,,,MotorImagery,0.4,,,,,,,
eog,21.84210526315789,0.8055555555555556,0.6930941358024691,0.8055555555555556,0.6111111111111112,0.5625,1.0,0.72,0.6930941358024691,0.5833333333333334,0.5588235294117647,0.7916666666666666,0.6551724137931034,0.1396072796934866,37.25606989860535,0.7477600574493408,38.00382995605469,1test,LeaveOneGroupOut,cross_session,1,cnn_ncp_branched_bins,BNCI2014_001,test_perturb,CrossSession,100,False,64.0,0.001,0.001,19.0,,,,,,,MotorImagery,0.4,,,,,,,
eog,27.052631578947366,0.8055555555555556,0.7341820987654321,0.8055555555555556,0.6111111111111112,0.5625,1.0,0.72,0.7341820987654321,0.6041666666666666,0.5757575757575758,0.7916666666666666,0.6666666666666667,0.0886015325670498,37.25606989860535,0.7609150409698486,38.0169849395752,1test,LeaveOneGroupOut,cross_session,1,cnn_ncp_branched_bins,BNCI2014_001,test_perturb,CrossSession,100,False,64.0,0.001,0.001,19.0,,,,,,,MotorImagery,0.4,,,,,,,
eog,32.26315789473684,0.8055555555555556,0.5943287037037038,0.8055555555555556,0.6111111111111112,0.5625,1.0,0.72,0.5943287037037038,0.5347222222222222,0.5294117647058824,0.625,0.5732484076433121,0.2622126436781608,37.25606989860535,0.7567014694213867,38.01277136802673,1test,LeaveOneGroupOut,cross_session,1,cnn_ncp_branched_bins,BNCI2014_001,test_perturb,CrossSession,100,False,64.0,0.001,0.001,19.0,,,,,,,MotorImagery,0.4,,,,,,,
eog,37.47368421052632,0.8055555555555556,0.640625,0.8055555555555556,0.6111111111111112,0.5625,1.0,0.72,0.640625,0.5555555555555556,0.55,0.6111111111111112,0.5789473684210527,0.2047413793103448,37.25606989860535,0.7700605392456055,38.02613043785095,1test,LeaveOneGroupOut,cross_session,1,cnn_ncp_branched_bins,BNCI2014_001,test_perturb,CrossSession,100,False,64.0,0.001,0.001,19.0,,,,,,,MotorImagery,0.4,,,,,,,
eog,42.68421052631579,0.8055555555555556,0.681712962962963,0.8055555555555556,0.6111111111111112,0.5625,1.0,0.72,0.681712962962963,0.5833333333333334,0.581081081081081,0.5972222222222222,0.5890410958904109,0.153735632183908,37.25606989860535,0.7284111976623535,37.9844810962677,1test,LeaveOneGroupOut,cross_session,1,cnn_ncp_branched_bins,BNCI2014_001,test_perturb,CrossSession,100,False,64.0,0.001,0.001,19.0,,,,,,,MotorImagery,0.4,,,,,,,
eog,47.89473684210526,0.8055555555555556,0.6165123456790123,0.8055555555555556,0.6111111111111112,0.5625,1.0,0.72,0.6165123456790123,0.5138888888888888,0.5142857142857142,0.5,0.5070422535211268,0.2346743295019158,37.25606989860535,0.7503664493560791,38.00643634796143,1test,LeaveOneGroupOut,cross_session,1,cnn_ncp_branched_bins,BNCI2014_001,test_perturb,CrossSession,100,False,64.0,0.001,0.001,19.0,,,,,,,MotorImagery,0.4,,,,,,,
eog,53.10526315789473,0.8055555555555556,0.6278935185185185,0.8055555555555556,0.6111111111111112,0.5625,1.0,0.72,0.6278935185185185,0.5694444444444444,0.5833333333333334,0.4861111111111111,0.5303030303030304,0.2205459770114943,37.25606989860535,0.769362211227417,38.02543210983277,1test,LeaveOneGroupOut,cross_session,1,cnn_ncp_branched_bins,BNCI2014_001,test_perturb,CrossSession,100,False,64.0,0.001,0.001,19.0,,,,,,,MotorImagery,0.4,,,,,,,
eog,58.315789473684205,0.8055555555555556,0.6863425925925926,0.8055555555555556,0.6111111111111112,0.5625,1.0,0.72,0.6863425925925926,0.5902777777777778,0.6181818181818182,0.4722222222222222,0.5354330708661417,0.1479885057471265,37.25606989860535,0.8060874938964844,38.06215739250183,1test,LeaveOneGroupOut,cross_session,1,cnn_ncp_branched_bins,BNCI2014_001,test_perturb,CrossSession,100,False,64.0,0.001,0.001,19.0,,,,,,,MotorImagery,0.4,,,,,,,
eog,63.526315789473685,0.8055555555555556,0.5617283950617283,0.8055555555555556,0.6111111111111112,0.5625,1.0,0.72,0.5617283950617283,0.4791666666666667,0.4666666666666667,0.2916666666666667,0.358974358974359,0.3026819923371648,37.25606989860535,0.8411514759063721,38.09722137451172,1test,LeaveOneGroupOut,cross_session,1,cnn_ncp_branched_bins,BNCI2014_001,test_perturb,CrossSession,100,False,64.0,0.001,0.001,19.0,,,,,,,MotorImagery,0.4,,,,,,,
eog,68.73684210526315,0.8055555555555556,0.5889274691358025,0.8055555555555556,0.6111111111111112,0.5625,1.0,0.72,0.5889274691358025,0.5069444444444444,0.5121951219512195,0.2916666666666667,0.3716814159292035,0.2689176245210727,37.25606989860535,0.744086503982544,38.00015640258789,1test,LeaveOneGroupOut,cross_session,1,cnn_ncp_branched_bins,BNCI2014_001,test_perturb,CrossSession,100,False,64.0,0.001,0.001,19.0,,,,,,,MotorImagery,0.4,,,,,,,
eog,73.94736842105263,0.8055555555555556,0.5902777777777778,0.8055555555555556,0.6111111111111112,0.5625,1.0,0.72,0.5902777777777778,0.5069444444444444,0.5161290322580645,0.2222222222222222,0.3106796116504854,0.2672413793103448,37.25606989860535,0.7167086601257324,37.97277855873108,1test,LeaveOneGroupOut,cross_session,1,cnn_ncp_branched_bins,BNCI2014_001,test_perturb,CrossSession,100,False,64.0,0.001,0.001,19.0,,,,,,,MotorImagery,0.4,,,,,,,
eog,79.1578947368421,0.8055555555555556,0.679783950617284,0.8055555555555556,0.6111111111111112,0.5625,1.0,0.72,0.679783950617284,0.5277777777777778,0.5714285714285714,0.2222222222222222,0.32,0.1561302681992336,37.25606989860535,0.7634270191192627,38.01949691772461,1test,LeaveOneGroupOut,cross_session,1,cnn_ncp_branched_bins,BNCI2014_001,test_perturb,CrossSession,100,False,64.0,0.001,0.001,19.0,,,,,,,MotorImagery,0.4,,,,,,,
eog,84.36842105263158,0.8055555555555556,0.6448688271604939,0.8055555555555556,0.6111111111111112,0.5625,1.0,0.72,0.6448688271604939,0.5069444444444444,0.5238095238095238,0.1527777777777778,0.2365591397849462,0.1994731800766283,37.25606989860535,0.8365883827209473,38.09265828132629,1test,LeaveOneGroupOut,cross_session,1,cnn_ncp_branched_bins,BNCI2014_001,test_perturb,CrossSession,100,False,64.0,0.001,0.001,19.0,,,,,,,MotorImagery,0.4,,,,,,,
eog,89.57894736842105,0.8055555555555556,0.7391975308641975,0.8055555555555556,0.6111111111111112,0.5625,1.0,0.72,0.7391975308641975,0.5069444444444444,0.5384615384615384,0.0972222222222222,0.1647058823529412,0.0823754789272031,37.25606989860535,0.7147152423858643,37.97078514099121,1test,LeaveOneGroupOut,cross_session,1,cnn_ncp_branched_bins,BNCI2014_001,test_perturb,CrossSession,100,False,64.0,0.001,0.001,19.0,,,,,,,MotorImagery,0.4,,,,,,,
eog,94.78947368421052,0.8055555555555556,0.7339891975308641,0.8055555555555556,0.6111111111111112,0.5625,1.0,0.72,0.7339891975308641,0.5208333333333334,0.8,0.0555555555555555,0.1038961038961038,0.0888409961685825,37.25606989860535,0.8791422843933105,38.13521218299866,1test,LeaveOneGroupOut,cross_session,1,cnn_ncp_branched_bins,BNCI2014_001,test_perturb,CrossSession,100,False,64.0,0.001,0.001,19.0,,,,,,,MotorImagery,0.4,,,,,,,
eog,100.0,0.8055555555555556,0.6925154320987654,0.8055555555555556,0.6111111111111112,0.5625,1.0,0.72,0.6925154320987654,0.5,0.0,0.0,0.0,0.1403256704980843,37.25606989860535,0.7252974510192871,37.98136734962464,1test,LeaveOneGroupOut,cross_session,1,cnn_ncp_branched_bins,BNCI2014_001,test_perturb,CrossSession,100,False,64.0,0.001,0.001,19.0,,,,,,,MotorImagery,0.4,,,,,,,
gaussian,1.0,0.8055555555555556,0.8057484567901235,0.8055555555555556,0.6111111111111112,0.5625,1.0,0.72,0.8057484567901235,0.6111111111111112,0.5625,1.0,0.72,-0.0002394636015326,37.25606989860535,0.8177688121795654,38.07383871078491,1test,LeaveOneGroupOut,cross_session,1,cnn_ncp_branched_bins,BNCI2014_001,test_perturb,CrossSession,100,False,64.0,0.001,0.001,19.0,,,,,,,MotorImagery,0.4,,,,,,,
gaussian,4.894736842105264,0.8055555555555556,0.8061342592592593,0.8055555555555556,0.6111111111111112,0.5625,1.0,0.72,0.8061342592592593,0.6041666666666666,0.5581395348837209,1.0,0.7164179104477612,-0.0007183908045977,37.25606989860535,0.6464476585388184,37.902517557144165,1test,LeaveOneGroupOut,cross_session,1,cnn_ncp_branched_bins,BNCI2014_001,test_perturb,CrossSession,100,False,64.0,0.001,0.001,19.0,,,,,,,MotorImagery,0.4,,,,,,,
gaussian,8.789473684210527,0.8055555555555556,0.8015046296296297,0.8055555555555556,0.6111111111111112,0.5625,1.0,0.72,0.8015046296296297,0.6180555555555556,0.5669291338582677,1.0,0.7236180904522613,0.0050287356321839,37.25606989860535,0.7907593250274658,38.04682922363281,1test,LeaveOneGroupOut,cross_session,1,cnn_ncp_branched_bins,BNCI2014_001,test_perturb,CrossSession,100,False,64.0,0.001,0.001,19.0,,,,,,,MotorImagery,0.4,,,,,,,
gaussian,12.68421052631579,0.8055555555555556,0.7827932098765432,0.8055555555555556,0.6111111111111112,0.5625,1.0,0.72,0.7827932098765432,0.6111111111111112,0.5625,1.0,0.72,0.0282567049808429,37.25606989860535,0.7053437232971191,37.96141362190247,1test,LeaveOneGroupOut,cross_session,1,cnn_ncp_branched_bins,BNCI2014_001,test_perturb,CrossSession,100,False,64.0,0.001,0.001,19.0,,,,,,,MotorImagery,0.4,,,,,,,
gaussian,16.578947368421055,0.8055555555555556,0.7662037037037037,0.8055555555555556,0.6111111111111112,0.5625,1.0,0.72,0.7662037037037037,0.625,0.5714285714285714,1.0,0.7272727272727273,0.0488505747126436,37.25606989860535,0.662015438079834,37.91808533668518,1test,LeaveOneGroupOut,cross_session,1,cnn_ncp_branched_bins,BNCI2014_001,test_perturb,CrossSession,100,False,64.0,0.001,0.001,19.0,,,,,,,MotorImagery,0.4,,,,,,,
gaussian,20.473684210526315,0.8055555555555556,0.705054012345679,0.8055555555555556,0.6111111111111112,0.5625,1.0,0.72,0.705054012345679,0.5902777777777778,0.5528455284552846,0.9444444444444444,0.6974358974358974,0.1247605363984674,37.25606989860535,0.6927368640899658,37.94880676269531,1test,LeaveOneGroupOut,cross_session,1,cnn_ncp_branched_bins,BNCI2014_001,test_perturb,CrossSession,100,False,64.0,0.001,0.001,19.0,,,,,,,MotorImagery,0.4,,,,,,,
gaussian,24.36842105263158,0.8055555555555556,0.6668595679012346,0.8055555555555556,0.6111111111111112,0.5625,1.0,0.72,0.6668595679012346,0.6041666666666666,0.5641025641025641,0.9166666666666666,0.6984126984126983,0.1721743295019157,37.25606989860535,0.6979680061340332,37.95403790473938,1test,LeaveOneGroupOut,cross_session,1,cnn_ncp_branched_bins,BNCI2014_001,test_perturb,CrossSession,100,False,64.0,0.001,0.001,19.0,,,,,,,MotorImagery,0.4,,,,,,,
gaussian,28.26315789473684,0.8055555555555556,0.6778549382716049,0.8055555555555556,0.6111111111111112,0.5625,1.0,0.72,0.6778549382716049,0.5555555555555556,0.5333333333333333,0.8888888888888888,0.6666666666666667,0.1585249042145594,37.25606989860535,0.6863040924072266,37.94237399101257,1test,LeaveOneGroupOut,cross_session,1,cnn_ncp_branched_bins,BNCI2014_001,test_perturb,CrossSession,100,False,64.0,0.001,0.001,19.0,,,,,,,MotorImagery,0.4,,,,,,,
gaussian,32.15789473684211,0.8055555555555556,0.5609567901234568,0.8055555555555556,0.6111111111111112,0.5625,1.0,0.72,0.5609567901234568,0.5416666666666666,0.5258620689655172,0.8472222222222222,0.648936170212766,0.303639846743295,37.25606989860535,0.682302713394165,37.93837261199951,1test,LeaveOneGroupOut,cross_session,1,cnn_ncp_branched_bins,BNCI2014_001,test_perturb,CrossSession,100,False,64.0,0.001,0.001,19.0,,,,,,,MotorImagery,0.4,,,,,,,
gaussian,36.05263157894737,0.8055555555555556,0.6805555555555556,0.8055555555555556,0.6111111111111112,0.5625,1.0,0.72,0.6805555555555556,0.5763888888888888,0.5495495495495496,0.8472222222222222,0.6666666666666666,0.1551724137931034,37.25606989860535,0.7076869010925293,37.96375679969788,1test,LeaveOneGroupOut,cross_session,1,cnn_ncp_branched_bins,BNCI2014_001,test_perturb,CrossSession,100,False,64.0,0.001,0.001,19.0,,,,,,,MotorImagery,0.4,,,,,,,
gaussian,39.94736842105263,0.8055555555555556,0.6525848765432098,0.8055555555555556,0.6111111111111112,0.5625,1.0,0.72,0.6525848765432098,0.5763888888888888,0.5504587155963303,0.8333333333333334,0.6629834254143647,0.1898946360153257,37.25606989860535,0.6927149295806885,37.94878482818604,1test,LeaveOneGroupOut,cross_session,1,cnn_ncp_branched_bins,BNCI2014_001,test_perturb,CrossSession,100,False,64.0,0.001,0.001,19.0,,,,,,,MotorImagery,0.4,,,,,,,
gaussian,43.8421052631579,0.8055555555555556,0.6456404320987655,0.8055555555555556,0.6111111111111112,0.5625,1.0,0.72,0.6456404320987655,0.5972222222222222,0.5714285714285714,0.7777777777777778,0.6588235294117646,0.1985153256704979,37.25606989860535,0.7077879905700684,37.963857889175415,1test,LeaveOneGroupOut,cross_session,1,cnn_ncp_branched_bins,BNCI2014_001,test_perturb,CrossSession,100,False,64.0,0.001,0.001,19.0,,,,,,,MotorImagery,0.4,,,,,,,
gaussian,47.73684210526316,0.8055555555555556,0.5858410493827161,0.8055555555555556,0.6111111111111112,0.5625,1.0,0.72,0.5858410493827161,0.5277777777777778,0.5192307692307693,0.75,0.6136363636363638,0.2727490421455938,37.25606989860535,0.6586077213287354,37.91467761993408,1test,LeaveOneGroupOut,cross_session,1,cnn_ncp_branched_bins,BNCI2014_001,test_perturb,CrossSession,100,False,64.0,0.001,0.001,19.0,,,,,,,MotorImagery,0.4,,,,,,,
gaussian,51.631578947368425,0.8055555555555556,0.5823688271604938,0.8055555555555556,0.6111111111111112,0.5625,1.0,0.72,0.5823688271604938,0.5277777777777778,0.5192307692307693,0.75,0.6136363636363638,0.2770593869731801,37.25606989860535,0.6878182888031006,37.94388818740845,1test,LeaveOneGroupOut,cross_session,1,cnn_ncp_branched_bins,BNCI2014_001,test_perturb,CrossSession,100,False,64.0,0.001,0.001,19.0,,,,,,,MotorImagery,0.4,,,,,,,
gaussian,55.526315789473685,0.8055555555555556,0.584104938271605,0.8055555555555556,0.6111111111111112,0.5625,1.0,0.72,0.584104938271605,0.5486111111111112,0.5376344086021505,0.6944444444444444,0.6060606060606061,0.2749042145593868,37.25606989860535,0.6815192699432373,37.93758916854858,1test,LeaveOneGroupOut,cross_session,1,cnn_ncp_branched_bins,BNCI2014_001,test_perturb,CrossSession,100,False,64.0,0.001,0.001,19.0,,,,,,,MotorImagery,0.4,,,,,,,
gaussian,59.42105263157895,0.8055555555555556,0.533179012345679,0.8055555555555556,0.6111111111111112,0.5625,1.0,0.72,0.533179012345679,0.5277777777777778,0.52,0.7222222222222222,0.6046511627906976,0.3381226053639847,37.25606989860535,0.6728024482727051,37.92887234687805,1test,LeaveOneGroupOut,cross_session,1,cnn_ncp_branched_bins,BNCI2014_001,test_perturb,CrossSession,100,False,64.0,0.001,0.001,19.0,,,,,,,MotorImagery,0.4,,,,,,,
gaussian,63.31578947368421,0.8055555555555556,0.4793595679012346,0.8055555555555556,0.6111111111111112,0.5625,1.0,0.72,0.4793595679012346,0.4444444444444444,0.4622641509433962,0.6805555555555556,0.550561797752809,0.4049329501915709,37.25606989860535,0.6984713077545166,37.95454120635986,1test,LeaveOneGroupOut,cross_session,1,cnn_ncp_branched_bins,BNCI2014_001,test_perturb,CrossSession,100,False,64.0,0.001,0.001,19.0,,,,,,,MotorImagery,0.4,,,,,,,
gaussian,67.21052631578948,0.8055555555555556,0.6375385802469137,0.8055555555555556,0.6111111111111112,0.5625,1.0,0.72,0.6375385802469137,0.5694444444444444,0.5480769230769231,0.7916666666666666,0.6477272727272727,0.2085727969348658,37.25606989860535,0.6943297386169434,37.95039963722229,1test,LeaveOneGroupOut,cross_session,1,cnn_ncp_branched_bins,BNCI2014_001,test_perturb,CrossSession,100,False,64.0,0.001,0.001,19.0,,,,,,,MotorImagery,0.4,,,,,,,
gaussian,71.10526315789474,0.8055555555555556,0.5401234567901234,0.8055555555555556,0.6111111111111112,0.5625,1.0,0.72,0.5401234567901234,0.5347222222222222,0.5263157894736842,0.6944444444444444,0.5988023952095808,0.3295019157088123,37.25606989860535,0.6880850791931152,37.94415497779846,1test,LeaveOneGroupOut,cross_session,1,cnn_ncp_branched_bins,BNCI2014_001,test_perturb,CrossSession,100,False,64.0,0.001,0.001,19.0,,,,,,,MotorImagery,0.4,,,,,,,
gaussian,75.0,0.8055555555555556,0.5387731481481481,0.8055555555555556,0.6111111111111112,0.5625,1.0,0.72,0.5387731481481481,0.5277777777777778,0.5217391304347826,0.6666666666666666,0.5853658536585366,0.3311781609195403,37.25606989860535,0.7065095901489258,37.96257948875427,1test,LeaveOneGroupOut,cross_session,1,cnn_ncp_branched_bins,BNCI2014_001,test_perturb,CrossSession,100,False,64.0,0.001,0.001,19.0,,,,,,,MotorImagery,0.4,,,,,,,
dropout,1.0,0.8055555555555556,0.6994598765432098,0.8055555555555556,0.6111111111111112,0.5625,1.0,0.72,0.6994598765432098,0.6388888888888888,0.5847457627118644,0.9583333333333334,0.7263157894736842,0.1317049808429119,37.25606989860535,0.7077493667602539,37.9638192653656,1test,LeaveOneGroupOut,cross_session,1,cnn_ncp_branched_bins,BNCI2014_001,test_perturb,CrossSession,100,False,64.0,0.001,0.001,19.0,,,,,,,MotorImagery,0.4,,,,,,,
dropout,4.894736842105264,0.8055555555555556,0.6994598765432098,0.8055555555555556,0.6111111111111112,0.5625,1.0,0.72,0.6994598765432098,0.6388888888888888,0.5847457627118644,0.9583333333333334,0.7263157894736842,0.1317049808429119,37.25606989860535,0.7015132904052734,37.95758318901062,1test,LeaveOneGroupOut,cross_session,1,cnn_ncp_branched_bins,BNCI2014_001,test_perturb,CrossSession,100,False,64.0,0.001,0.001,19.0,,,,,,,MotorImagery,0.4,,,,,,,
dropout,8.789473684210527,0.8055555555555556,0.6994598765432098,0.8055555555555556,0.6111111111111112,0.5625,1.0,0.72,0.6994598765432098,0.6388888888888888,0.5847457627118644,0.9583333333333334,0.7263157894736842,0.1317049808429119,37.25606989860535,0.6819701194763184,37.93804001808167,1test,LeaveOneGroupOut,cross_session,1,cnn_ncp_branched_bins,BNCI2014_001,test_perturb,CrossSession,100,False,64.0,0.001,0.001,19.0,,,,,,,MotorImagery,0.4,,,,,,,
dropout,12.68421052631579,0.8055555555555556,0.6745756172839505,0.8055555555555556,0.6111111111111112,0.5625,1.0,0.72,0.6745756172839505,0.6041666666666666,0.5742574257425742,0.8055555555555556,0.6705202312138728,0.1625957854406131,37.25606989860535,0.6812741756439209,37.93734407424927,1test,LeaveOneGroupOut,cross_session,1,cnn_ncp_branched_bins,BNCI2014_001,test_perturb,CrossSession,100,False,64.0,0.001,0.001,19.0,,,,,,,MotorImagery,0.4,,,,,,,
dropout,16.578947368421055,0.8055555555555556,0.6421682098765432,0.8055555555555556,0.6111111111111112,0.5625,1.0,0.72,0.6421682098765432,0.5972222222222222,0.5760869565217391,0.7361111111111112,0.646341463414634,0.2028256704980843,37.25606989860535,0.6902866363525391,37.946356534957886,1test,LeaveOneGroupOut,cross_session,1,cnn_ncp_branched_bins,BNCI2014_001,test_perturb,CrossSession,100,False,64.0,0.001,0.001,19.0,,,,,,,MotorImagery,0.4,,,,,,,
dropout,20.473684210526315,0.8055555555555556,0.5285493827160493,0.8055555555555556,0.6111111111111112,0.5625,1.0,0.72,0.5285493827160493,0.5069444444444444,0.504950495049505,0.7083333333333334,0.5895953757225434,0.3438697318007663,37.25606989860535,0.6892595291137695,37.94532942771912,1test,LeaveOneGroupOut,cross_session,1,cnn_ncp_branched_bins,BNCI2014_001,test_perturb,CrossSession,100,False,64.0,0.001,0.001,19.0,,,,,,,MotorImagery,0.4,,,,,,,
dropout,24.36842105263158,0.8055555555555556,0.6624228395061728,0.8055555555555556,0.6111111111111112,0.5625,1.0,0.72,0.6624228395061728,0.5972222222222222,0.5795454545454546,0.7083333333333334,0.6375,0.1776819923371649,37.25606989860535,0.698840856552124,37.95491075515747,1test,LeaveOneGroupOut,cross_session,1,cnn_ncp_branched_bins,BNCI2014_001,test_perturb,CrossSession,100,False,64.0,0.001,0.001,19.0,,,,,,,MotorImagery,0.4,,,,,,,
dropout,28.26315789473684,0.8055555555555556,0.5407021604938271,0.8055555555555556,0.6111111111111112,0.5625,1.0,0.72,0.5407021604938271,0.5277777777777778,0.5232558139534884,0.625,0.569620253164557,0.3287835249042146,37.25606989860535,0.6820971965789795,37.938167095184326,1test,LeaveOneGroupOut,cross_session,1,cnn_ncp_branched_bins,BNCI2014_001,test_perturb,CrossSession,100,False,64.0,0.001,0.001,19.0,,,,,,,MotorImagery,0.4,,,,,,,
dropout,32.15789473684211,0.8055555555555556,0.5185185185185185,0.8055555555555556,0.6111111111111112,0.5625,1.0,0.72,0.5185185185185185,0.4791666666666667,0.4819277108433735,0.5555555555555556,0.5161290322580645,0.3563218390804598,37.25606989860535,0.6865794658660889,37.94264936447144,1test,LeaveOneGroupOut,cross_session,1,cnn_ncp_branched_bins,BNCI2014_001,test_perturb,CrossSession,100,False,64.0,0.001,0.001,19.0,,,,,,,MotorImagery,0.4,,,,,,,
dropout,36.05263157894737,0.8055555555555556,0.5185185185185185,0.8055555555555556,0.6111111111111112,0.5625,1.0,0.72,0.5185185185185185,0.4791666666666667,0.4819277108433735,0.5555555555555556,0.5161290322580645,0.3563218390804598,37.25606989860535,0.7028226852416992,37.958892583847046,1test,LeaveOneGroupOut,cross_session,1,cnn_ncp_branched_bins,BNCI2014_001,test_perturb,CrossSession,100,False,64.0,0.001,0.001,19.0,,,,,,,MotorImagery,0.4,,,,,,,
dropout,39.94736842105263,0.8055555555555556,0.5841049382716049,0.8055555555555556,0.6111111111111112,0.5625,1.0,0.72,0.5841049382716049,0.5555555555555556,0.55,0.6111111111111112,0.5789473684210527,0.274904214559387,37.25606989860535,0.6851904392242432,37.94126033782959,1test,LeaveOneGroupOut,cross_session,1,cnn_ncp_branched_bins,BNCI2014_001,test_perturb,CrossSession,100,False,64.0,0.001,0.001,19.0,,,,,,,MotorImagery,0.4,,,,,,,
dropout,43.8421052631579,0.8055555555555556,0.5790895061728395,0.8055555555555556,0.6111111111111112,0.5625,1.0,0.72,0.5790895061728395,0.5416666666666666,0.5454545454545454,0.5,0.5217391304347826,0.2811302681992337,37.25606989860535,0.6825125217437744,37.93858242034912,1test,LeaveOneGroupOut,cross_session,1,cnn_ncp_branched_bins,BNCI2014_001,test_perturb,CrossSession,100,False,64.0,0.001,0.001,19.0,,,,,,,MotorImagery,0.4,,,,,,,
dropout,47.73684210526316,0.8055555555555556,0.5653935185185185,0.8055555555555556,0.6111111111111112,0.5625,1.0,0.72,0.5653935185185185,0.5555555555555556,0.5512820512820513,0.5972222222222222,0.5733333333333334,0.298132183908046,37.25606989860535,0.6775152683258057,37.93358516693115,1test,LeaveOneGroupOut,cross_session,1,cnn_ncp_branched_bins,BNCI2014_001,test_perturb,CrossSession,100,False,64.0,0.001,0.001,19.0,,,,,,,MotorImagery,0.4,,,,,,,
dropout,51.631578947368425,0.8055555555555556,0.6585648148148148,0.8055555555555556,0.6111111111111112,0.5625,1.0,0.72,0.6585648148148148,0.6180555555555556,0.6103896103896104,0.6527777777777778,0.6308724832214765,0.1824712643678161,37.25606989860535,0.7009961605072021,37.95706605911255,1test,LeaveOneGroupOut,cross_session,1,cnn_ncp_branched_bins,BNCI2014_001,test_perturb,CrossSession,100,False,64.0,0.001,0.001,19.0,,,,,,,MotorImagery,0.4,,,,,,,
dropout,55.526315789473685,0.8055555555555556,0.5966435185185185,0.8055555555555556,0.6111111111111112,0.5625,1.0,0.72,0.5966435185185185,0.5902777777777778,0.5915492957746479,0.5833333333333334,0.5874125874125875,0.2593390804597701,37.25606989860535,0.675696849822998,37.931766748428345,1test,LeaveOneGroupOut,cross_session,1,cnn_ncp_branched_bins,BNCI2014_001,test_perturb,CrossSession,100,False,64.0,0.001,0.001,19.0,,,,,,,MotorImagery,0.4,,,,,,,
dropout,59.42105263157895,0.8055555555555556,0.5343364197530863,0.8055555555555556,0.6111111111111112,0.5625,1.0,0.72,0.5343364197530863,0.5555555555555556,0.5512820512820513,0.5972222222222222,0.5733333333333334,0.3366858237547894,37.25606989860535,0.664982795715332,37.92105269432068,1test,LeaveOneGroupOut,cross_session,1,cnn_ncp_branched_bins,BNCI2014_001,test_perturb,CrossSession,100,False,64.0,0.001,0.001,19.0,,,,,,,MotorImagery,0.4,,,,,,,
dropout,63.31578947368421,0.8055555555555556,0.5343364197530863,0.8055555555555556,0.6111111111111112,0.5625,1.0,0.72,0.5343364197530863,0.5555555555555556,0.5512820512820513,0.5972222222222222,0.5733333333333334,0.3366858237547894,37.25606989860535,0.6682586669921875,37.924328565597534,1test,LeaveOneGroupOut,cross_session,1,cnn_ncp_branched_bins,BNCI2014_001,test_perturb,CrossSession,100,False,64.0,0.001,0.001,19.0,,,,,,,MotorImagery,0.4,,,,,,,
dropout,67.21052631578948,0.8055555555555556,0.5086805555555556,0.8055555555555556,0.6111111111111112,0.5625,1.0,0.72,0.5086805555555556,0.4722222222222222,0.4714285714285714,0.4583333333333333,0.4647887323943661,0.3685344827586206,37.25606989860535,0.6978282928466797,37.953898191452026,1test,LeaveOneGroupOut,cross_session,1,cnn_ncp_branched_bins,BNCI2014_001,test_perturb,CrossSession,100,False,64.0,0.001,0.001,19.0,,,,,,,MotorImagery,0.4,,,,,,,
dropout,71.10526315789474,0.8055555555555556,0.5700231481481481,0.8055555555555556,0.6111111111111112,0.5625,1.0,0.72,0.5700231481481481,0.5625,0.5616438356164384,0.5694444444444444,0.5655172413793104,0.2923850574712644,37.25606989860535,0.6844902038574219,37.94056010246277,1test,LeaveOneGroupOut,cross_session,1,cnn_ncp_branched_bins,BNCI2014_001,test_perturb,CrossSession,100,False,64.0,0.001,0.001,19.0,,,,,,,MotorImagery,0.4,,,,,,,
dropout,75.0,0.8055555555555556,0.4996141975308642,0.8055555555555556,0.6111111111111112,0.5625,1.0,0.72,0.4996141975308642,0.4861111111111111,0.4875,0.5416666666666666,0.5131578947368421,0.3797892720306513,37.25606989860535,0.6738100051879883,37.929879903793335,1test,LeaveOneGroupOut,cross_session,1,cnn_ncp_branched_bins,BNCI2014_001,test_perturb,CrossSession,100,False,64.0,0.001,0.001,19.0,,,,,,,MotorImagery,0.4,,,,,,,
eog,1.0,0.8736496913580247,0.8736496913580247,0.8736496913580247,0.8055555555555556,0.7972972972972973,0.8194444444444444,0.8082191780821918,0.8736496913580247,0.8055555555555556,0.7972972972972973,0.8194444444444444,0.8082191780821918,0.0,47.87748575210571,0.6300883293151855,48.5075740814209,0train,LeaveOneGroupOut,cross_session,1,diva_full,BNCI2014_001,test_perturb,CrossSession,42,False,64.0,0.001,0.0,8.0,0.5,8.0,2.0,125.0,3.0,2.0,MotorImagery,,True,True,False,False,False,True,
eog,6.2105263157894735,0.8736496913580247,0.8505015432098765,0.8736496913580247,0.8055555555555556,0.7972972972972973,0.8194444444444444,0.8082191780821918,0.8505015432098765,0.7777777777777778,0.7857142857142857,0.7638888888888888,0.7746478873239437,0.0264959152130714,47.87748575210571,0.5958874225616455,48.47337317466736,0train,LeaveOneGroupOut,cross_session,1,diva_full,BNCI2014_001,test_perturb,CrossSession,42,False,64.0,0.001,0.0,8.0,0.5,8.0,2.0,125.0,3.0,2.0,MotorImagery,,True,True,False,False,False,True,
eog,11.421052631578949,0.8736496913580247,0.8290895061728394,0.8736496913580247,0.8055555555555556,0.7972972972972973,0.8194444444444444,0.8082191780821918,0.8290895061728394,0.7638888888888888,0.7714285714285715,0.75,0.7605633802816902,0.0510046367851624,47.87748575210571,0.5272741317749023,48.404759883880615,0train,LeaveOneGroupOut,cross_session,1,diva_full,BNCI2014_001,test_perturb,CrossSession,42,False,64.0,0.001,0.0,8.0,0.5,8.0,2.0,125.0,3.0,2.0,MotorImagery,,True,True,False,False,False,True,
eog,16.63157894736842,0.8736496913580247,0.8557098765432098,0.8736496913580247,0.8055555555555556,0.7972972972972973,0.8194444444444444,0.8082191780821918,0.8557098765432098,0.7847222222222222,0.8153846153846154,0.7361111111111112,0.7737226277372263,0.0205343342901303,47.87748575210571,0.4385051727294922,48.315990924835205,0train,LeaveOneGroupOut,cross_session,1,diva_full,BNCI2014_001,test_perturb,CrossSession,42,False,64.0,0.001,0.0,8.0,0.5,8.0,2.0,125.0,3.0,2.0,MotorImagery,,True,True,False,False,False,True,
eog,21.84210526315789,0.8736496913580247,0.7860725308641975,0.8736496913580247,0.8055555555555556,0.7972972972972973,0.8194444444444444,0.8082191780821918,0.7860725308641975,0.7222222222222222,0.7580645161290323,0.6527777777777778,0.7014925373134328,0.1002428792227865,47.87748575210571,0.5477871894836426,48.42527294158936,0train,LeaveOneGroupOut,cross_session,1,diva_full,BNCI2014_001,test_perturb,CrossSession,42,False,64.0,0.001,0.0,8.0,0.5,8.0,2.0,125.0,3.0,2.0,MotorImagery,,True,True,False,False,False,True,
eog,27.052631578947366,0.8736496913580247,0.767554012345679,0.8736496913580247,0.8055555555555556,0.7972972972972973,0.8194444444444444,0.8082191780821918,0.767554012345679,0.6944444444444444,0.7333333333333333,0.6111111111111112,0.6666666666666666,0.1214396113932436,47.87748575210571,0.5338871479034424,48.41137290000916,0train,LeaveOneGroupOut,cross_session,1,diva_full,BNCI2014_001,test_perturb,CrossSession,42,False,64.0,0.001,0.0,8.0,0.5,8.0,2.0,125.0,3.0,2.0,MotorImagery,,True,True,False,False,False,True,
eog,32.26315789473684,0.8736496913580247,0.826388888888889,0.8736496913580247,0.8055555555555556,0.7972972972972973,0.8194444444444444,0.8082191780821918,0.826388888888889,0.7430555555555556,0.8181818181818182,0.625,0.7086614173228345,0.0540958268933539,47.87748575210571,0.524965763092041,48.40245151519776,0train,LeaveOneGroupOut,cross_session,1,diva_full,BNCI2014_001,test_perturb,CrossSession,42,False,64.0,0.001,0.0,8.0,0.5,8.0,2.0,125.0,3.0,2.0,MotorImagery,,True,True,False,False,False,True,
eog,37.47368421052632,0.8736496913580247,0.8449074074074074,0.8736496913580247,0.8055555555555556,0.7972972972972973,0.8194444444444444,0.8082191780821918,0.8449074074074074,0.7361111111111112,0.84,0.5833333333333334,0.6885245901639344,0.0328990947228968,47.87748575210571,0.4320323467254638,48.30951809883118,0train,LeaveOneGroupOut,cross_session,1,diva_full,BNCI2014_001,test_perturb,CrossSession,42,False,64.0,0.001,0.0,8.0,0.5,8.0,2.0,125.0,3.0,2.0,MotorImagery,,True,True,False,False,False,True,
eog,42.68421052631579,0.8736496913580247,0.7501929012345678,0.8736496913580247,0.8055555555555556,0.7972972972972973,0.8194444444444444,0.8082191780821918,0.7501929012345678,0.7013888888888888,0.7959183673469388,0.5416666666666666,0.6446280991735536,0.1413115478030471,47.87748575210571,0.4900104999542236,48.36749625205994,0train,LeaveOneGroupOut,cross_session,1,diva_full,BNCI2014_001,test_perturb,CrossSession,42,False,64.0,0.001,0.0,8.0,0.5,8.0,2.0,125.0,3.0,2.0,MotorImagery,,True,True,False,False,False,True,
eog,47.89473684210526,0.8736496913580247,0.7430555555555556,0.8736496913580247,0.8055555555555556,0.7972972972972973,0.8194444444444444,0.8082191780821918,0.7430555555555556,0.625,0.7045454545454546,0.4305555555555556,0.5344827586206896,0.1494811216604107,47.87748575210571,0.5618345737457275,48.43932032585144,0train,LeaveOneGroupOut,cross_session,1,diva_full,BNCI2014_001,test_perturb,CrossSession,42,False,64.0,0.001,0.0,8.0,0.5,8.0,2.0,125.0,3.0,2.0,MotorImagery,,True,True,False,False,False,True,
eog,53.10526315789473,0.8736496913580247,0.8177083333333334,0.8736496913580247,0.8055555555555556,0.7972972972972973,0.8194444444444444,0.8082191780821918,0.8177083333333334,0.6805555555555556,0.8421052631578947,0.4444444444444444,0.5818181818181818,0.0640317950982556,47.87748575210571,0.5399246215820312,48.417410373687744,0train,LeaveOneGroupOut,cross_session,1,diva_full,BNCI2014_001,test_perturb,CrossSession,42,False,64.0,0.001,0.0,8.0,0.5,8.0,2.0,125.0,3.0,2.0,MotorImagery,,True,True,False,False,False,True,
eog,58.315789473684205,0.8736496913580247,0.7943672839506173,0.8736496913580247,0.8055555555555556,0.7972972972972973,0.8194444444444444,0.8082191780821918,0.7943672839506173,0.6875,0.8292682926829268,0.4722222222222222,0.6017699115044247,0.0907485096047693,47.87748575210571,0.5302178859710693,48.40770363807678,0train,LeaveOneGroupOut,cross_session,1,diva_full,BNCI2014_001,test_perturb,CrossSession,42,False,64.0,0.001,0.0,8.0,0.5,8.0,2.0,125.0,3.0,2.0,MotorImagery,,True,True,False,False,False,True,
eog,63.526315789473685,0.8736496913580247,0.7455632716049382,0.8736496913580247,0.8055555555555556,0.7972972972972973,0.8194444444444444,0.8082191780821918,0.7455632716049382,0.6458333333333334,0.7692307692307693,0.4166666666666667,0.5405405405405406,0.1466107308456614,47.87748575210571,0.540585994720459,48.41807174682617,0train,LeaveOneGroupOut,cross_session,1,diva_full,BNCI2014_001,test_perturb,CrossSession,42,False,64.0,0.001,0.0,8.0,0.5,8.0,2.0,125.0,3.0,2.0,MotorImagery,,True,True,False,False,False,True,
eog,68.73684210526315,0.8736496913580247,0.8051697530864197,0.8736496913580247,0.8055555555555556,0.7972972972972973,0.8194444444444444,0.8082191780821918,0.8051697530864197,0.6944444444444444,0.85,0.4722222222222222,0.6071428571428571,0.0783837491720027,47.87748575210571,0.530001163482666,48.40748691558838,0train,LeaveOneGroupOut,cross_session,1,diva_full,BNCI2014_001,test_perturb,CrossSession,42,False,64.0,0.001,0.0,8.0,0.5,8.0,2.0,125.0,3.0,2.0,MotorImagery,,True,True,False,False,False,True,
eog,73.94736842105263,0.8736496913580247,0.7770061728395061,0.8736496913580247,0.8055555555555556,0.7972972972972973,0.8194444444444444,0.8082191780821918,0.7770061728395061,0.6458333333333334,0.8181818181818182,0.375,0.5142857142857142,0.1106204460145728,47.87748575210571,0.4932177066802978,48.37070345878601,0train,LeaveOneGroupOut,cross_session,1,diva_full,BNCI2014_001,test_perturb,CrossSession,42,False,64.0,0.001,0.0,8.0,0.5,8.0,2.0,125.0,3.0,2.0,MotorImagery,,True,True,False,False,False,True,
eog,79.1578947368421,0.8736496913580247,0.7320601851851853,0.8736496913580247,0.8055555555555556,0.7972972972972973,0.8194444444444444,0.8082191780821918,0.7320601851851853,0.5902777777777778,0.7407407407407407,0.2777777777777778,0.404040404040404,0.1620666813866194,47.87748575210571,0.5597062110900879,48.4371919631958,0train,LeaveOneGroupOut,cross_session,1,diva_full,BNCI2014_001,test_perturb,CrossSession,42,False,64.0,0.001,0.0,8.0,0.5,8.0,2.0,125.0,3.0,2.0,MotorImagery,,True,True,False,False,False,True,
eog,84.36842105263158,0.8736496913580247,0.6981095679012346,0.8736496913580247,0.8055555555555556,0.7972972972972973,0.8194444444444444,0.8082191780821918,0.6981095679012346,0.6041666666666666,0.8260869565217391,0.2638888888888889,0.3999999999999999,0.2009273570324575,47.87748575210571,0.5308811664581299,48.40836691856384,0train,LeaveOneGroupOut,cross_session,1,diva_full,BNCI2014_001,test_perturb,CrossSession,42,False,64.0,0.001,0.0,8.0,0.5,8.0,2.0,125.0,3.0,2.0,MotorImagery,,True,True,False,False,False,True,
eog,89.57894736842105,0.8736496913580247,0.7818287037037036,0.8736496913580247,0.8055555555555556,0.7972972972972973,0.8194444444444444,0.8082191780821918,0.7818287037037036,0.6458333333333334,0.8387096774193549,0.3611111111111111,0.5048543689320389,0.1051004636785163,47.87748575210571,0.5698063373565674,48.44729208946228,0train,LeaveOneGroupOut,cross_session,1,diva_full,BNCI2014_001,test_perturb,CrossSession,42,False,64.0,0.001,0.0,8.0,0.5,8.0,2.0,125.0,3.0,2.0,MotorImagery,,True,True,False,False,False,True,
eog,94.78947368421052,0.8736496913580247,0.7677469135802469,0.8736496913580247,0.8055555555555556,0.7972972972972973,0.8194444444444444,0.8082191780821918,0.7677469135802469,0.5763888888888888,0.8235294117647058,0.1944444444444444,0.3146067415730337,0.1212188120998012,47.87748575210571,0.5326151847839355,48.41010093688965,0train,LeaveOneGroupOut,cross_session,1,diva_full,BNCI2014_001,test_perturb,CrossSession,42,False,64.0,0.001,0.0,8.0,0.5,8.0,2.0,125.0,3.0,2.0,MotorImagery,,True,True,False,False,False,True,
eog,100.0,0.8736496913580247,0.6618441358024693,0.8736496913580247,0.8055555555555556,0.7972972972972973,0.8194444444444444,0.8082191780821918,0.6618441358024693,0.5555555555555556,0.8333333333333334,0.1388888888888889,0.2380952380952381,0.2424376241996024,47.87748575210571,0.5547935962677002,48.43227934837341,0train,LeaveOneGroupOut,cross_session,1,diva_full,BNCI2014_001,test_perturb,CrossSession,42,False,64.0,0.001,0.0,8.0,0.5,8.0,2.0,125.0,3.0,2.0,MotorImagery,,True,True,False,False,False,True,
gaussian,1.0,0.8736496913580247,0.8732638888888888,0.8736496913580247,0.8055555555555556,0.7972972972972973,0.8194444444444444,0.8082191780821918,0.8732638888888888,0.8125,0.8082191780821918,0.8194444444444444,0.8137931034482759,0.0004415985868846,47.87748575210571,0.4360911846160888,48.3135769367218,0train,LeaveOneGroupOut,cross_session,1,diva_full,BNCI2014_001,test_perturb,CrossSession,42,False,64.0,0.001,0.0,8.0,0.5,8.0,2.0,125.0,3.0,2.0,MotorImagery,,True,True,False,False,False,True,
gaussian,4.894736842105264,0.8736496913580247,0.8713348765432098,0.8736496913580247,0.8055555555555556,0.7972972972972973,0.8194444444444444,0.8082191780821918,0.8713348765432098,0.7986111111111112,0.7866666666666666,0.8194444444444444,0.802721088435374,0.0026495915213072,47.87748575210571,0.3950467109680176,48.27253246307373,0train,LeaveOneGroupOut,cross_session,1,diva_full,BNCI2014_001,test_perturb,CrossSession,42,False,64.0,0.001,0.0,8.0,0.5,8.0,2.0,125.0,3.0,2.0,MotorImagery,,True,True,False,False,False,True,
gaussian,8.789473684210527,0.8736496913580247,0.8722993827160493,0.8736496913580247,0.8055555555555556,0.7972972972972973,0.8194444444444444,0.8082191780821918,0.8722993827160493,0.7986111111111112,0.7945205479452054,0.8055555555555556,0.8,0.0015455950540959,47.87748575210571,0.4109869003295898,48.2884726524353,0train,LeaveOneGroupOut,cross_session,1,diva_full,BNCI2014_001,test_perturb,CrossSession,42,False,64.0,0.001,0.0,8.0,0.5,8.0,2.0,125.0,3.0,2.0,MotorImagery,,True,True,False,False,False,True,
gaussian,12.68421052631579,0.8736496913580247,0.8605324074074073,0.8736496913580247,0.8055555555555556,0.7972972972972973,0.8194444444444444,0.8082191780821918,0.8605324074074073,0.7916666666666666,0.8,0.7777777777777778,0.7887323943661971,0.0150143519540738,47.87748575210571,0.517714262008667,48.39520001411438,0train,LeaveOneGroupOut,cross_session,1,diva_full,BNCI2014_001,test_perturb,CrossSession,42,False,64.0,0.001,0.0,8.0,0.5,8.0,2.0,125.0,3.0,2.0,MotorImagery,,True,True,False,False,False,True,
gaussian,16.578947368421055,0.8736496913580247,0.8153935185185185,0.8736496913580247,0.8055555555555556,0.7972972972972973,0.8194444444444444,0.8082191780821918,0.8153935185185185,0.7222222222222222,0.7424242424242424,0.6805555555555556,0.7101449275362319,0.0666813866195628,47.87748575210571,0.3793344497680664,48.25682020187378,0train,LeaveOneGroupOut,cross_session,1,diva_full,BNCI2014_001,test_perturb,CrossSession,42,False,64.0,0.001,0.0,8.0,0.5,8.0,2.0,125.0,3.0,2.0,MotorImagery,,True,True,False,False,False,True,
gaussian,20.473684210526315,0.8736496913580247,0.7472993827160493,0.8736496913580247,0.8055555555555556,0.7972972972972973,0.8194444444444444,0.8082191780821918,0.7472993827160493,0.6666666666666666,0.7,0.5833333333333334,0.6363636363636365,0.144623537204681,47.87748575210571,0.4223430156707763,48.29982876777649,0train,LeaveOneGroupOut,cross_session,1,diva_full,BNCI2014_001,test_perturb,CrossSession,42,False,64.0,0.001,0.0,8.0,0.5,8.0,2.0,125.0,3.0,2.0,MotorImagery,,True,True,False,False,False,True,
gaussian,24.36842105263158,0.8736496913580247,0.70679012345679,0.8736496913580247,0.8055555555555556,0.7972972972972973,0.8194444444444444,0.8082191780821918,0.70679012345679,0.6458333333333334,0.6842105263157895,0.5416666666666666,0.6046511627906976,0.1909913888275558,47.87748575210571,0.4390878677368164,48.31657361984253,0train,LeaveOneGroupOut,cross_session,1,diva_full,BNCI2014_001,test_perturb,CrossSession,42,False,64.0,0.001,0.0,8.0,0.5,8.0,2.0,125.0,3.0,2.0,MotorImagery,,True,True,False,False,False,True,
gaussian,28.26315789473684,0.8736496913580247,0.6548996913580247,0.8736496913580247,0.8055555555555556,0.7972972972972973,0.8194444444444444,0.8082191780821918,0.6548996913580247,0.6111111111111112,0.6379310344827587,0.5138888888888888,0.5692307692307692,0.2503863987635239,47.87748575210571,0.5536067485809326,48.431092500686646,0train,LeaveOneGroupOut,cross_session,1,diva_full,BNCI2014_001,test_perturb,CrossSession,42,False,64.0,0.001,0.0,8.0,0.5,8.0,2.0,125.0,3.0,2.0,MotorImagery,,True,True,False,False,False,True,
gaussian,32.15789473684211,0.8736496913580247,0.6712962962962963,0.8736496913580247,0.8055555555555556,0.7972972972972973,0.8194444444444444,0.8082191780821918,0.6712962962962963,0.5972222222222222,0.6346153846153846,0.4583333333333333,0.532258064516129,0.2316184588209318,47.87748575210571,0.522141695022583,48.399627447128296,0train,LeaveOneGroupOut,cross_session,1,diva_full,BNCI2014_001,test_perturb,CrossSession,42,False,64.0,0.001,0.0,8.0,0.5,8.0,2.0,125.0,3.0,2.0,MotorImagery,,True,True,False,False,False,True,
gaussian,36.05263157894737,0.8736496913580247,0.6086033950617284,0.8736496913580247,0.8055555555555556,0.7972972972972973,0.8194444444444444,0.8082191780821918,0.6086033950617284,0.5833333333333334,0.5857142857142857,0.5694444444444444,0.5774647887323944,0.3033782291896665,47.87748575210571,0.473501443862915,48.35098719596863,0train,LeaveOneGroupOut,cross_session,1,diva_full,BNCI2014_001,test_perturb,CrossSession,42,False,64.0,0.001,0.0,8.0,0.5,8.0,2.0,125.0,3.0,2.0,MotorImagery,,True,True,False,False,False,True,
gaussian,39.94736842105263,0.8736496913580247,0.6610725308641975,0.8736496913580247,0.8055555555555556,0.7972972972972973,0.8194444444444444,0.8082191780821918,0.6610725308641975,0.6111111111111112,0.6666666666666666,0.4444444444444444,0.5333333333333333,0.2433208213733717,47.87748575210571,0.4331331253051758,48.31061887741089,0train,LeaveOneGroupOut,cross_session,1,diva_full,BNCI2014_001,test_perturb,CrossSession,42,False,64.0,0.001,0.0,8.0,0.5,8.0,2.0,125.0,3.0,2.0,MotorImagery,,True,True,False,False,False,True,
gaussian,43.8421052631579,0.8736496913580247,0.626736111111111,0.8736496913580247,0.8055555555555556,0.7972972972972973,0.8194444444444444,0.8082191780821918,0.626736111111111,0.5694444444444444,0.5892857142857143,0.4583333333333333,0.5156249999999999,0.2826230956060941,47.87748575210571,0.4276924133300781,48.30517816543579,0train,LeaveOneGroupOut,cross_session,1,diva_full,BNCI2014_001,test_perturb,CrossSession,42,False,64.0,0.001,0.0,8.0,0.5,8.0,2.0,125.0,3.0,2.0,MotorImagery,,True,True,False,False,False,True,
gaussian,47.73684210526316,0.8736496913580247,0.6604938271604938,0.8736496913580247,0.8055555555555556,0.7972972972972973,0.8194444444444444,0.8082191780821918,0.6604938271604938,0.6111111111111112,0.625,0.5555555555555556,0.5882352941176471,0.2439832192536984,47.87748575210571,0.4228708744049072,48.30035662651062,0train,LeaveOneGroupOut,cross_session,1,diva_full,BNCI2014_001,test_perturb,CrossSession,42,False,64.0,0.001,0.0,8.0,0.5,8.0,2.0,125.0,3.0,2.0,MotorImagery,,True,True,False,False,False,True,
gaussian,51.631578947368425,0.8736496913580247,0.6498842592592592,0.8736496913580247,0.8055555555555556,0.7972972972972973,0.8194444444444444,0.8082191780821918,0.6498842592592592,0.5902777777777778,0.6031746031746031,0.5277777777777778,0.562962962962963,0.2561271803930228,47.87748575210571,0.5832293033599854,48.4607150554657,0train,LeaveOneGroupOut,cross_session,1,diva_full,BNCI2014_001,test_perturb,CrossSession,42,False,64.0,0.001,0.0,8.0,0.5,8.0,2.0,125.0,3.0,2.0,MotorImagery,,True,True,False,False,False,True,
gaussian,55.526315789473685,0.8736496913580247,0.5925925925925926,0.8736496913580247,0.8055555555555556,0.7972972972972973,0.8194444444444444,0.8082191780821918,0.5925925925925926,0.5416666666666666,0.5625,0.375,0.45,0.3217045705453743,47.87748575210571,0.3800568580627441,48.25754261016846,0train,LeaveOneGroupOut,cross_session,1,diva_full,BNCI2014_001,test_perturb,CrossSession,42,False,64.0,0.001,0.0,8.0,0.5,8.0,2.0,125.0,3.0,2.0,MotorImagery,,True,True,False,False,False,True,
gaussian,59.42105263157895,0.8736496913580247,0.6003086419753088,0.8736496913580247,0.8055555555555556,0.7972972972972973,0.8194444444444444,0.8082191780821918,0.6003086419753088,0.5833333333333334,0.625,0.4166666666666667,0.5,0.3128725988076837,47.87748575210571,0.4271531105041504,48.30463886260986,0train,LeaveOneGroupOut,cross_session,1,diva_full,BNCI2014_001,test_perturb,CrossSession,42,False,64.0,0.001,0.0,8.0,0.5,8.0,2.0,125.0,3.0,2.0,MotorImagery,,True,True,False,False,False,True,
gaussian,63.31578947368421,0.8736496913580247,0.5613425925925926,0.8736496913580247,0.8055555555555556,0.7972972972972973,0.8194444444444444,0.8082191780821918,0.5613425925925926,0.5416666666666666,0.5714285714285714,0.3333333333333333,0.4210526315789474,0.3574740560830206,47.87748575210571,0.4385597705841064,48.31604552268982,0train,LeaveOneGroupOut,cross_session,1,diva_full,BNCI2014_001,test_perturb,CrossSession,42,False,64.0,0.001,0.0,8.0,0.5,8.0,2.0,125.0,3.0,2.0,MotorImagery,,True,True,False,False,False,True,
gaussian,67.21052631578948,0.8736496913580247,0.4878472222222222,0.8736496913580247,0.8055555555555556,0.7972972972972973,0.8194444444444444,0.8082191780821918,0.4878472222222222,0.5625,0.6666666666666666,0.25,0.3636363636363636,0.4415985868845219,47.87748575210571,0.5397043228149414,48.417190074920654,0train,LeaveOneGroupOut,cross_session,1,diva_full,BNCI2014_001,test_perturb,CrossSession,42,False,64.0,0.001,0.0,8.0,0.5,8.0,2.0,125.0,3.0,2.0,MotorImagery,,True,True,False,False,False,True,
gaussian,71.10526315789474,0.8736496913580247,0.507716049382716,0.8736496913580247,0.8055555555555556,0.7972972972972973,0.8194444444444444,0.8082191780821918,0.507716049382716,0.5208333333333334,0.5483870967741935,0.2361111111111111,0.3300970873786407,0.4188562596599692,47.87748575210571,0.4592304229736328,48.33671617507935,0train,LeaveOneGroupOut,cross_session,1,diva_full,BNCI2014_001,test_perturb,CrossSession,42,False,64.0,0.001,0.0,8.0,0.5,8.0,2.0,125.0,3.0,2.0,MotorImagery,,True,True,False,False,False,True,
gaussian,75.0,0.8736496913580247,0.5028935185185186,0.8736496913580247,0.8055555555555556,0.7972972972972973,0.8194444444444444,0.8082191780821918,0.5028935185185186,0.5138888888888888,0.5333333333333333,0.2222222222222222,0.3137254901960784,0.4243762419960255,47.87748575210571,0.3910744190216064,48.26856017112732,0train,LeaveOneGroupOut,cross_session,1,diva_full,BNCI2014_001,test_perturb,CrossSession,42,False,64.0,0.001,0.0,8.0,0.5,8.0,2.0,125.0,3.0,2.0,MotorImagery,,True,True,False,False,False,True,
dropout,1.0,0.8736496913580247,0.7592592592592593,0.8736496913580247,0.8055555555555556,0.7972972972972973,0.8194444444444444,0.8082191780821918,0.7592592592592593,0.6666666666666666,0.6578947368421053,0.6944444444444444,0.6756756756756757,0.1309339810112607,47.87748575210571,0.4593007564544678,48.33678650856018,0train,LeaveOneGroupOut,cross_session,1,diva_full,BNCI2014_001,test_perturb,CrossSession,42,False,64.0,0.001,0.0,8.0,0.5,8.0,2.0,125.0,3.0,2.0,MotorImagery,,True,True,False,False,False,True,
dropout,4.894736842105264,0.8736496913580247,0.7592592592592593,0.8736496913580247,0.8055555555555556,0.7972972972972973,0.8194444444444444,0.8082191780821918,0.7592592592592593,0.6666666666666666,0.6578947368421053,0.6944444444444444,0.6756756756756757,0.1309339810112607,47.87748575210571,0.3994002342224121,48.276885986328125,0train,LeaveOneGroupOut,cross_session,1,diva_full,BNCI2014_001,test_perturb,CrossSession,42,False,64.0,0.001,0.0,8.0,0.5,8.0,2.0,125.0,3.0,2.0,MotorImagery,,True,True,False,False,False,True,
dropout,8.789473684210527,0.8736496913580247,0.7592592592592593,0.8736496913580247,0.8055555555555556,0.7972972972972973,0.8194444444444444,0.8082191780821918,0.7592592592592593,0.6666666666666666,0.6578947368421053,0.6944444444444444,0.6756756756756757,0.1309339810112607,47.87748575210571,0.4133853912353515,48.29087114334106,0train,LeaveOneGroupOut,cross_session,1,diva_full,BNCI2014_001,test_perturb,CrossSession,42,False,64.0,0.001,0.0,8.0,0.5,8.0,2.0,125.0,3.0,2.0,MotorImagery,,True,True,False,False,False,True,
dropout,12.68421052631579,0.8736496913580247,0.7075617283950617,0.8736496913580247,0.8055555555555556,0.7972972972972973,0.8194444444444444,0.8082191780821918,0.7075617283950617,0.6041666666666666,0.6119402985074627,0.5694444444444444,0.5899280575539567,0.1901081916537867,47.87748575210571,0.3906829357147217,48.26816868782044,0train,LeaveOneGroupOut,cross_session,1,diva_full,BNCI2014_001,test_perturb,CrossSession,42,False,64.0,0.001,0.0,8.0,0.5,8.0,2.0,125.0,3.0,2.0,MotorImagery,,True,True,False,False,False,True,
dropout,16.578947368421055,0.8736496913580247,0.6886574074074074,0.8736496913580247,0.8055555555555556,0.7972972972972973,0.8194444444444444,0.8082191780821918,0.6886574074074074,0.625,0.6153846153846154,0.6666666666666666,0.64,0.2117465224111283,47.87748575210571,0.5274102687835693,48.40489602088928,0train,LeaveOneGroupOut,cross_session,1,diva_full,BNCI2014_001,test_perturb,CrossSession,42,False,64.0,0.001,0.0,8.0,0.5,8.0,2.0,125.0,3.0,2.0,MotorImagery,,True,True,False,False,False,True,
dropout,20.473684210526315,0.8736496913580247,0.6359953703703705,0.8736496913580247,0.8055555555555556,0.7972972972972973,0.8194444444444444,0.8082191780821918,0.6359953703703705,0.5902777777777778,0.5866666666666667,0.6111111111111112,0.598639455782313,0.2720247295208655,47.87748575210571,0.5279264450073242,48.40541219711304,0train,LeaveOneGroupOut,cross_session,1,diva_full,BNCI2014_001,test_perturb,CrossSession,42,False,64.0,0.001,0.0,8.0,0.5,8.0,2.0,125.0,3.0,2.0,MotorImagery,,True,True,False,False,False,True,
dropout,24.36842105263158,0.8736496913580247,0.6747685185185185,0.8736496913580247,0.8055555555555556,0.7972972972972973,0.8194444444444444,0.8082191780821918,0.6747685185185185,0.625,0.65,0.5416666666666666,0.5909090909090908,0.2276440715389711,47.87748575210571,0.4164626598358154,48.29394841194153,0train,LeaveOneGroupOut,cross_session,1,diva_full,BNCI2014_001,test_perturb,CrossSession,42,False,64.0,0.001,0.0,8.0,0.5,8.0,2.0,125.0,3.0,2.0,MotorImagery,,True,True,False,False,False,True,
dropout,28.26315789473684,0.8736496913580247,0.6224922839506173,0.8736496913580247,0.8055555555555556,0.7972972972972973,0.8194444444444444,0.8082191780821918,0.6224922839506173,0.5902777777777778,0.589041095890411,0.5972222222222222,0.593103448275862,0.2874806800618238,47.87748575210571,0.4126791954040527,48.290164947509766,0train,LeaveOneGroupOut,cross_session,1,diva_full,BNCI2014_001,test_perturb,CrossSession,42,False,64.0,0.001,0.0,8.0,0.5,8.0,2.0,125.0,3.0,2.0,MotorImagery,,True,True,False,False,False,True,
dropout,32.15789473684211,0.8736496913580247,0.6581790123456789,0.8736496913580247,0.8055555555555556,0.7972972972972973,0.8194444444444444,0.8082191780821918,0.6581790123456789,0.5902777777777778,0.589041095890411,0.5972222222222222,0.593103448275862,0.2466328107750057,47.87748575210571,0.3925619125366211,48.270047664642334,0train,LeaveOneGroupOut,cross_session,1,diva_full,BNCI2014_001,test_perturb,CrossSession,42,False,64.0,0.001,0.0,8.0,0.5,8.0,2.0,125.0,3.0,2.0,MotorImagery,,True,True,False,False,False,True,
dropout,36.05263157894737,0.8736496913580247,0.6581790123456789,0.8736496913580247,0.8055555555555556,0.7972972972972973,0.8194444444444444,0.8082191780821918,0.6581790123456789,0.5902777777777778,0.589041095890411,0.5972222222222222,0.593103448275862,0.2466328107750057,47.87748575210571,0.424227237701416,48.30171298980713,0train,LeaveOneGroupOut,cross_session,1,diva_full,BNCI2014_001,test_perturb,CrossSession,42,False,64.0,0.001,0.0,8.0,0.5,8.0,2.0,125.0,3.0,2.0,MotorImagery,,True,True,False,False,False,True,
dropout,39.94736842105263,0.8736496913580247,0.6851851851851852,0.8736496913580247,0.8055555555555556,0.7972972972972973,0.8194444444444444,0.8082191780821918,0.6851851851851852,0.6111111111111112,0.6212121212121212,0.5694444444444444,0.5942028985507246,0.2157209096930889,47.87748575210571,0.4065110683441162,48.28399682044983,0train,LeaveOneGroupOut,cross_session,1,diva_full,BNCI2014_001,test_perturb,CrossSession,42,False,64.0,0.001,0.0,8.0,0.5,8.0,2.0,125.0,3.0,2.0,MotorImagery,,True,True,False,False,False,True,
dropout,43.8421052631579,0.8736496913580247,0.5241126543209876,0.8736496913580247,0.8055555555555556,0.7972972972972973,0.8194444444444444,0.8082191780821918,0.5241126543209876,0.5347222222222222,0.5384615384615384,0.4861111111111111,0.510948905109489,0.4000883197173769,47.87748575210571,0.3909287452697754,48.26841449737549,0train,LeaveOneGroupOut,cross_session,1,diva_full,BNCI2014_001,test_perturb,CrossSession,42,False,64.0,0.001,0.0,8.0,0.5,8.0,2.0,125.0,3.0,2.0,MotorImagery,,True,True,False,False,False,True,
dropout,47.73684210526316,0.8736496913580247,0.5478395061728396,0.8736496913580247,0.8055555555555556,0.7972972972972973,0.8194444444444444,0.8082191780821918,0.5478395061728396,0.5069444444444444,0.5066666666666667,0.5277777777777778,0.5170068027210885,0.3729300066239787,47.87748575210571,0.4010722637176513,48.27855801582336,0train,LeaveOneGroupOut,cross_session,1,diva_full,BNCI2014_001,test_perturb,CrossSession,42,False,64.0,0.001,0.0,8.0,0.5,8.0,2.0,125.0,3.0,2.0,MotorImagery,,True,True,False,False,False,True,
dropout,51.631578947368425,0.8736496913580247,0.5802469135802469,0.8736496913580247,0.8055555555555556,0.7972972972972973,0.8194444444444444,0.8082191780821918,0.5802469135802469,0.5486111111111112,0.5492957746478874,0.5416666666666666,0.5454545454545454,0.3358357253256789,47.87748575210571,0.4297113418579101,48.30719709396362,0train,LeaveOneGroupOut,cross_session,1,diva_full,BNCI2014_001,test_perturb,CrossSession,42,False,64.0,0.001,0.0,8.0,0.5,8.0,2.0,125.0,3.0,2.0,MotorImagery,,True,True,False,False,False,True,
dropout,55.526315789473685,0.8736496913580247,0.5692515432098765,0.8736496913580247,0.8055555555555556,0.7972972972972973,0.8194444444444444,0.8082191780821918,0.5692515432098765,0.5347222222222222,0.5384615384615384,0.4861111111111111,0.510948905109489,0.3484212850518879,47.87748575210571,0.575244665145874,48.45273041725159,0train,LeaveOneGroupOut,cross_session,1,diva_full,BNCI2014_001,test_perturb,CrossSession,42,False,64.0,0.001,0.0,8.0,0.5,8.0,2.0,125.0,3.0,2.0,MotorImagery,,True,True,False,False,False,True,
dropout,59.42105263157895,0.8736496913580247,0.5308641975308642,0.8736496913580247,0.8055555555555556,0.7972972972972973,0.8194444444444444,0.8082191780821918,0.5308641975308642,0.4652777777777778,0.4666666666666667,0.4861111111111111,0.4761904761904762,0.3923603444468977,47.87748575210571,0.4291844367980957,48.30667018890381,0train,LeaveOneGroupOut,cross_session,1,diva_full,BNCI2014_001,test_perturb,CrossSession,42,False,64.0,0.001,0.0,8.0,0.5,8.0,2.0,125.0,3.0,2.0,MotorImagery,,True,True,False,False,False,True,
dropout,63.31578947368421,0.8736496913580247,0.5308641975308642,0.8736496913580247,0.8055555555555556,0.7972972972972973,0.8194444444444444,0.8082191780821918,0.5308641975308642,0.4652777777777778,0.4666666666666667,0.4861111111111111,0.4761904761904762,0.3923603444468977,47.87748575210571,0.3733892440795898,48.2508749961853,0train,LeaveOneGroupOut,cross_session,1,diva_full,BNCI2014_001,test_perturb,CrossSession,42,False,64.0,0.001,0.0,8.0,0.5,8.0,2.0,125.0,3.0,2.0,MotorImagery,,True,True,False,False,False,True,
dropout,67.21052631578948,0.8736496913580247,0.6099537037037036,0.8736496913580247,0.8055555555555556,0.7972972972972973,0.8194444444444444,0.8082191780821918,0.6099537037037036,0.5694444444444444,0.578125,0.5138888888888888,0.5441176470588235,0.3018326341355709,47.87748575210571,0.4095625877380371,48.28704833984375,0train,LeaveOneGroupOut,cross_session,1,diva_full,BNCI2014_001,test_perturb,CrossSession,42,False,64.0,0.001,0.0,8.0,0.5,8.0,2.0,125.0,3.0,2.0,MotorImagery,,True,True,False,False,False,True,
dropout,71.10526315789474,0.8736496913580247,0.5599922839506173,0.8736496913580247,0.8055555555555556,0.7972972972972973,0.8194444444444444,0.8082191780821918,0.5599922839506173,0.5625,0.5671641791044776,0.5277777777777778,0.5467625899280575,0.3590196511371163,47.87748575210571,0.413783311843872,48.29126906394959,0train,LeaveOneGroupOut,cross_session,1,diva_full,BNCI2014_001,test_perturb,CrossSession,42,False,64.0,0.001,0.0,8.0,0.5,8.0,2.0,125.0,3.0,2.0,MotorImagery,,True,True,False,False,False,True,
dropout,75.0,0.8736496913580247,0.4361496913580247,0.8736496913580247,0.8055555555555556,0.7972972972972973,0.8194444444444444,0.8082191780821918,0.4361496913580247,0.4930555555555556,0.4901960784313725,0.3472222222222222,0.4065040650406504,0.5007727975270478,47.87748575210571,0.4312634468078613,48.30874919891357,0train,LeaveOneGroupOut,cross_session,1,diva_full,BNCI2014_001,test_perturb,CrossSession,42,False,64.0,0.001,0.0,8.0,0.5,8.0,2.0,125.0,3.0,2.0,MotorImagery,,True,True,False,False,False,True,
eog,1.0,0.8748070987654321,0.8786651234567902,0.8748070987654321,0.6736111111111112,0.6050420168067226,1.0,0.7539267015706805,0.8786651234567902,0.6736111111111112,0.6050420168067226,1.0,0.7539267015706805,-0.0044101433296582,110.00082278251648,0.4587271213531494,110.45954990386964,1test,LeaveOneGroupOut,cross_session,1,diva_full,BNCI2014_001,test_perturb,CrossSession,42,False,64.0,0.001,0.0,8.0,0.5,8.0,2.0,125.0,3.0,2.0,MotorImagery,,True,True,False,False,False,True,
eog,6.2105263157894735,0.8748070987654321,0.855516975308642,0.8748070987654321,0.6736111111111112,0.6050420168067226,1.0,0.7539267015706805,0.855516975308642,0.6736111111111112,0.6050420168067226,1.0,0.7539267015706805,0.0220507166482909,110.00082278251648,0.6581597328186035,110.65898251533508,1test,LeaveOneGroupOut,cross_session,1,diva_full,BNCI2014_001,test_perturb,CrossSession,42,False,64.0,0.001,0.0,8.0,0.5,8.0,2.0,125.0,3.0,2.0,MotorImagery,,True,True,False,False,False,True,
eog,11.421052631578949,0.8748070987654321,0.8553240740740741,0.8748070987654321,0.6736111111111112,0.6050420168067226,1.0,0.7539267015706805,0.8553240740740741,0.6805555555555556,0.6101694915254238,1.0,0.7578947368421053,0.0222712238147739,110.00082278251648,0.4122991561889648,110.41312193870544,1test,LeaveOneGroupOut,cross_session,1,diva_full,BNCI2014_001,test_perturb,CrossSession,42,False,64.0,0.001,0.0,8.0,0.5,8.0,2.0,125.0,3.0,2.0,MotorImagery,,True,True,False,False,False,True,
eog,16.63157894736842,0.8748070987654321,0.8312114197530863,0.8748070987654321,0.6736111111111112,0.6050420168067226,1.0,0.7539267015706805,0.8312114197530863,0.6736111111111112,0.6086956521739131,0.9722222222222222,0.7486631016042781,0.0498346196251378,110.00082278251648,0.4056739807128906,110.40649676322936,1test,LeaveOneGroupOut,cross_session,1,diva_full,BNCI2014_001,test_perturb,CrossSession,42,False,64.0,0.001,0.0,8.0,0.5,8.0,2.0,125.0,3.0,2.0,MotorImagery,,True,True,False,False,False,True,
eog,21.84210526315789,0.8748070987654321,0.8640046296296295,0.8748070987654321,0.6736111111111112,0.6050420168067226,1.0,0.7539267015706805,0.8640046296296295,0.7013888888888888,0.6260869565217392,1.0,0.770053475935829,0.012348401323043,110.00082278251648,0.6178102493286133,110.61863303184508,1test,LeaveOneGroupOut,cross_session,1,diva_full,BNCI2014_001,test_perturb,CrossSession,42,False,64.0,0.001,0.0,8.0,0.5,8.0,2.0,125.0,3.0,2.0,MotorImagery,,True,True,False,False,False,True,
eog,27.052631578947366,0.8748070987654321,0.8302469135802469,0.8748070987654321,0.6736111111111112,0.6050420168067226,1.0,0.7539267015706805,0.8302469135802469,0.7152777777777778,0.6371681415929203,1.0,0.7783783783783783,0.0509371554575523,110.00082278251648,0.5585892200469971,110.55941200256348,1test,LeaveOneGroupOut,cross_session,1,diva_full,BNCI2014_001,test_perturb,CrossSession,42,False,64.0,0.001,0.0,8.0,0.5,8.0,2.0,125.0,3.0,2.0,MotorImagery,,True,True,False,False,False,True,
eog,32.26315789473684,0.8748070987654321,0.8665123456790124,0.8748070987654321,0.6736111111111112,0.6050420168067226,1.0,0.7539267015706805,0.8665123456790124,0.7152777777777778,0.6371681415929203,1.0,0.7783783783783783,0.009481808158765,110.00082278251648,0.5434894561767578,110.54431223869324,1test,LeaveOneGroupOut,cross_session,1,diva_full,BNCI2014_001,test_perturb,CrossSession,42,False,64.0,0.001,0.0,8.0,0.5,8.0,2.0,125.0,3.0,2.0,MotorImagery,,True,True,False,False,False,True,
eog,37.47368421052632,0.8748070987654321,0.7914737654320987,0.8748070987654321,0.6736111111111112,0.6050420168067226,1.0,0.7539267015706805,0.7914737654320987,0.6944444444444444,0.6228070175438597,0.9861111111111112,0.7634408602150538,0.0952590959206174,110.00082278251648,0.5695784091949463,110.57040119171144,1test,LeaveOneGroupOut,cross_session,1,diva_full,BNCI2014_001,test_perturb,CrossSession,42,False,64.0,0.001,0.0,8.0,0.5,8.0,2.0,125.0,3.0,2.0,MotorImagery,,True,True,False,False,False,True,
eog,42.68421052631579,0.8748070987654321,0.7953317901234568,0.8748070987654321,0.6736111111111112,0.6050420168067226,1.0,0.7539267015706805,0.7953317901234568,0.7083333333333334,0.6339285714285714,0.9861111111111112,0.7717391304347826,0.0908489525909591,110.00082278251648,0.5515580177307129,110.5523808002472,1test,LeaveOneGroupOut,cross_session,1,diva_full,BNCI2014_001,test_perturb,CrossSession,42,False,64.0,0.001,0.0,8.0,0.5,8.0,2.0,125.0,3.0,2.0,MotorImagery,,True,True,False,False,False,True,
eog,47.89473684210526,0.8748070987654321,0.8161651234567902,0.8748070987654321,0.6736111111111112,0.6050420168067226,1.0,0.7539267015706805,0.8161651234567902,0.7083333333333334,0.6363636363636364,0.9722222222222222,0.7692307692307692,0.0670341786108047,110.00082278251648,0.5480413436889648,110.54886412620544,1test,LeaveOneGroupOut,cross_session,1,diva_full,BNCI2014_001,test_perturb,CrossSession,42,False,64.0,0.001,0.0,8.0,0.5,8.0,2.0,125.0,3.0,2.0,MotorImagery,,True,True,False,False,False,True,
eog,53.10526315789473,0.8748070987654321,0.8572530864197532,0.8748070987654321,0.6736111111111112,0.6050420168067226,1.0,0.7539267015706805,0.8572530864197532,0.7013888888888888,0.6283185840707964,0.9861111111111112,0.7675675675675676,0.0200661521499447,110.00082278251648,0.5290825366973877,110.52990531921388,1test,LeaveOneGroupOut,cross_session,1,diva_full,BNCI2014_001,test_perturb,CrossSession,42,False,64.0,0.001,0.0,8.0,0.5,8.0,2.0,125.0,3.0,2.0,MotorImagery,,True,True,False,False,False,True,
eog,58.315789473684205,0.8748070987654321,0.789158950617284,0.8748070987654321,0.6736111111111112,0.6050420168067226,1.0,0.7539267015706805,0.789158950617284,0.7152777777777778,0.6422018348623854,0.9722222222222222,0.7734806629834254,0.0979051819184122,110.00082278251648,0.5455820560455322,110.546404838562,1test,LeaveOneGroupOut,cross_session,1,diva_full,BNCI2014_001,test_perturb,CrossSession,42,False,64.0,0.001,0.0,8.0,0.5,8.0,2.0,125.0,3.0,2.0,MotorImagery,,True,True,False,False,False,True,
eog,63.526315789473685,0.8748070987654321,0.8433641975308642,0.8748070987654321,0.6736111111111112,0.6050420168067226,1.0,0.7539267015706805,0.8433641975308642,0.75,0.6698113207547169,0.9861111111111112,0.797752808988764,0.0359426681367143,110.00082278251648,0.5812911987304688,110.58211398124696,1test,LeaveOneGroupOut,cross_session,1,diva_full,BNCI2014_001,test_perturb,CrossSession,42,False,64.0,0.001,0.0,8.0,0.5,8.0,2.0,125.0,3.0,2.0,MotorImagery,,True,True,False,False,False,True,
eog,68.73684210526315,0.8748070987654321,0.888503086419753,0.8748070987654321,0.6736111111111112,0.6050420168067226,1.0,0.7539267015706805,0.888503086419753,0.7777777777777778,0.6923076923076923,1.0,0.8181818181818181,-0.0156560088202865,110.00082278251648,0.5585074424743652,110.55933022499084,1test,LeaveOneGroupOut,cross_session,1,diva_full,BNCI2014_001,test_perturb,CrossSession,42,False,64.0,0.001,0.0,8.0,0.5,8.0,2.0,125.0,3.0,2.0,MotorImagery,,True,True,False,False,False,True,
eog,73.94736842105263,0.8748070987654321,0.8663194444444445,0.8748070987654321,0.6736111111111112,0.6050420168067226,1.0,0.7539267015706805,0.8663194444444445,0.7708333333333334,0.6857142857142857,1.0,0.8135593220338984,0.0097023153252479,110.00082278251648,0.5655021667480469,110.56632494926453,1test,LeaveOneGroupOut,cross_session,1,diva_full,BNCI2014_001,test_perturb,CrossSession,42,False,64.0,0.001,0.0,8.0,0.5,8.0,2.0,125.0,3.0,2.0,MotorImagery,,True,True,False,False,False,True,
eog,79.1578947368421,0.8748070987654321,0.8094135802469136,0.8748070987654321,0.6736111111111112,0.6050420168067226,1.0,0.7539267015706805,0.8094135802469136,0.75,0.6698113207547169,0.9861111111111112,0.797752808988764,0.0747519294377067,110.00082278251648,0.5304393768310547,110.53126215934752,1test,LeaveOneGroupOut,cross_session,1,diva_full,BNCI2014_001,test_perturb,CrossSession,42,False,64.0,0.001,0.0,8.0,0.5,8.0,2.0,125.0,3.0,2.0,MotorImagery,,True,True,False,False,False,True,
eog,84.36842105263158,0.8748070987654321,0.8998842592592593,0.8748070987654321,0.6736111111111112,0.6050420168067226,1.0,0.7539267015706805,0.8998842592592593,0.7569444444444444,0.6796116504854369,0.9722222222222222,0.8,-0.0286659316427784,110.00082278251648,0.5424036979675293,110.543226480484,1test,LeaveOneGroupOut,cross_session,1,diva_full,BNCI2014_001,test_perturb,CrossSession,42,False,64.0,0.001,0.0,8.0,0.5,8.0,2.0,125.0,3.0,2.0,MotorImagery,,True,True,False,False,False,True,
eog,89.57894736842105,0.8748070987654321,0.8717206790123457,0.8748070987654321,0.6736111111111112,0.6050420168067226,1.0,0.7539267015706805,0.8717206790123457,0.7847222222222222,0.711340206185567,0.9583333333333334,0.8165680473372781,0.0035281146637264,110.00082278251648,0.5252084732055664,110.52603125572205,1test,LeaveOneGroupOut,cross_session,1,diva_full,BNCI2014_001,test_perturb,CrossSession,42,False,64.0,0.001,0.0,8.0,0.5,8.0,2.0,125.0,3.0,2.0,MotorImagery,,True,True,False,False,False,True,
eog,94.78947368421052,0.8748070987654321,0.902391975308642,0.8748070987654321,0.6736111111111112,0.6050420168067226,1.0,0.7539267015706805,0.902391975308642,0.7847222222222222,0.711340206185567,0.9583333333333334,0.8165680473372781,-0.0315325248070563,110.00082278251648,0.4479389190673828,110.44876170158386,1test,LeaveOneGroupOut,cross_session,1,diva_full,BNCI2014_001,test_perturb,CrossSession,42,False,64.0,0.001,0.0,8.0,0.5,8.0,2.0,125.0,3.0,2.0,MotorImagery,,True,True,False,False,False,True,
eog,100.0,0.8748070987654321,0.9018132716049384,0.8748070987654321,0.6736111111111112,0.6050420168067226,1.0,0.7539267015706805,0.9018132716049384,0.7847222222222222,0.7029702970297029,0.9861111111111112,0.8208092485549132,-0.0308710033076075,110.00082278251648,0.4276280403137207,110.4284508228302,1test,LeaveOneGroupOut,cross_session,1,diva_full,BNCI2014_001,test_perturb,CrossSession,42,False,64.0,0.001,0.0,8.0,0.5,8.0,2.0,125.0,3.0,2.0,MotorImagery,,True,True,False,False,False,True,
gaussian,1.0,0.8748070987654321,0.8748070987654321,0.8748070987654321,0.6736111111111112,0.6050420168067226,1.0,0.7539267015706805,0.8748070987654321,0.6736111111111112,0.6050420168067226,1.0,0.7539267015706805,0.0,110.00082278251648,0.451594591140747,110.45241737365724,1test,LeaveOneGroupOut,cross_session,1,diva_full,BNCI2014_001,test_perturb,CrossSession,42,False,64.0,0.001,0.0,8.0,0.5,8.0,2.0,125.0,3.0,2.0,MotorImagery,,True,True,False,False,False,True,
gaussian,4.894736842105264,0.8748070987654321,0.875,0.8748070987654321,0.6736111111111112,0.6050420168067226,1.0,0.7539267015706805,0.875,0.6736111111111112,0.6050420168067226,1.0,0.7539267015706805,-0.0002205071664829,110.00082278251648,0.4488623142242431,110.44968509674072,1test,LeaveOneGroupOut,cross_session,1,diva_full,BNCI2014_001,test_perturb,CrossSession,42,False,64.0,0.001,0.0,8.0,0.5,8.0,2.0,125.0,3.0,2.0,MotorImagery,,True,True,False,False,False,True,
gaussian,8.789473684210527,0.8748070987654321,0.8746141975308643,0.8748070987654321,0.6736111111111112,0.6050420168067226,1.0,0.7539267015706805,0.8746141975308643,0.6736111111111112,0.6050420168067226,1.0,0.7539267015706805,0.0002205071664827,110.00082278251648,0.4506328105926513,110.45145559310912,1test,LeaveOneGroupOut,cross_session,1,diva_full,BNCI2014_001,test_perturb,CrossSession,42,False,64.0,0.001,0.0,8.0,0.5,8.0,2.0,125.0,3.0,2.0,MotorImagery,,True,True,False,False,False,True,
gaussian,12.68421052631579,0.8748070987654321,0.8755787037037037,0.8748070987654321,0.6736111111111112,0.6050420168067226,1.0,0.7539267015706805,0.8755787037037037,0.6527777777777778,0.5901639344262295,1.0,0.7422680412371134,-0.0008820286659317,110.00082278251648,0.4342267513275146,110.435049533844,1test,LeaveOneGroupOut,cross_session,1,diva_full,BNCI2014_001,test_perturb,CrossSession,42,False,64.0,0.001,0.0,8.0,0.5,8.0,2.0,125.0,3.0,2.0,MotorImagery,,True,True,False,False,False,True,
gaussian,16.578947368421055,0.8748070987654321,0.8587962962962963,0.8748070987654321,0.6736111111111112,0.6050420168067226,1.0,0.7539267015706805,0.8587962962962963,0.6597222222222222,0.5950413223140496,1.0,0.7461139896373057,0.0183020948180815,110.00082278251648,0.4403932094573974,110.44121599197388,1test,LeaveOneGroupOut,cross_session,1,diva_full,BNCI2014_001,test_perturb,CrossSession,42,False,64.0,0.001,0.0,8.0,0.5,8.0,2.0,125.0,3.0,2.0,MotorImagery,,True,True,False,False,False,True,
gaussian,20.473684210526315,0.8748070987654321,0.8186728395061729,0.8748070987654321,0.6736111111111112,0.6050420168067226,1.0,0.7539267015706805,0.8186728395061729,0.6388888888888888,0.5806451612903226,1.0,0.7346938775510204,0.0641675854465269,110.00082278251648,0.4321362972259521,110.43295907974245,1test,LeaveOneGroupOut,cross_session,1,diva_full,BNCI2014_001,test_perturb,CrossSession,42,False,64.0,0.001,0.0,8.0,0.5,8.0,2.0,125.0,3.0,2.0,MotorImagery,,True,True,False,False,False,True,
gaussian,24.36842105263158,0.8748070987654321,0.7903163580246914,0.8748070987654321,0.6736111111111112,0.6050420168067226,1.0,0.7539267015706805,0.7903163580246914,0.6319444444444444,0.5785123966942148,0.9722222222222222,0.7253886010362693,0.0965821389195148,110.00082278251648,0.5061259269714355,110.50694870948792,1test,LeaveOneGroupOut,cross_session,1,diva_full,BNCI2014_001,test_perturb,CrossSession,42,False,64.0,0.001,0.0,8.0,0.5,8.0,2.0,125.0,3.0,2.0,MotorImagery,,True,True,False,False,False,True,
gaussian,28.26315789473684,0.8748070987654321,0.8038194444444444,0.8748070987654321,0.6736111111111112,0.6050420168067226,1.0,0.7539267015706805,0.8038194444444444,0.6527777777777778,0.5948275862068966,0.9583333333333334,0.7340425531914895,0.0811466372657111,110.00082278251648,0.4388926029205322,110.439715385437,1test,LeaveOneGroupOut,cross_session,1,diva_full,BNCI2014_001,test_perturb,CrossSession,42,False,64.0,0.001,0.0,8.0,0.5,8.0,2.0,125.0,3.0,2.0,MotorImagery,,True,True,False,False,False,True,
gaussian,32.15789473684211,0.8748070987654321,0.7565586419753088,0.8748070987654321,0.6736111111111112,0.6050420168067226,1.0,0.7539267015706805,0.7565586419753088,0.6666666666666666,0.6090909090909091,0.9305555555555556,0.7362637362637363,0.135170893054024,110.00082278251648,0.447861909866333,110.4486846923828,1test,LeaveOneGroupOut,cross_session,1,diva_full,BNCI2014_001,test_perturb,CrossSession,42,False,64.0,0.001,0.0,8.0,0.5,8.0,2.0,125.0,3.0,2.0,MotorImagery,,True,True,False,False,False,True,
gaussian,36.05263157894737,0.8748070987654321,0.6957947530864198,0.8748070987654321,0.6736111111111112,0.6050420168067226,1.0,0.7539267015706805,0.6957947530864198,0.5902777777777778,0.5619047619047619,0.8194444444444444,0.6666666666666666,0.204630650496141,110.00082278251648,0.4297795295715332,110.430602312088,1test,LeaveOneGroupOut,cross_session,1,diva_full,BNCI2014_001,test_perturb,CrossSession,42,False,64.0,0.001,0.0,8.0,0.5,8.0,2.0,125.0,3.0,2.0,MotorImagery,,True,True,False,False,False,True,
gaussian,39.94736842105263,0.8748070987654321,0.662037037037037,0.8748070987654321,0.6736111111111112,0.6050420168067226,1.0,0.7539267015706805,0.662037037037037,0.5833333333333334,0.5566037735849056,0.8194444444444444,0.6629213483146067,0.2432194046306505,110.00082278251648,0.4536120891571045,110.45443487167358,1test,LeaveOneGroupOut,cross_session,1,diva_full,BNCI2014_001,test_perturb,CrossSession,42,False,64.0,0.001,0.0,8.0,0.5,8.0,2.0,125.0,3.0,2.0,MotorImagery,,True,True,False,False,False,True,
gaussian,43.8421052631579,0.8748070987654321,0.5671296296296297,0.8748070987654321,0.6736111111111112,0.6050420168067226,1.0,0.7539267015706805,0.5671296296296297,0.5347222222222222,0.5268817204301075,0.6805555555555556,0.593939393939394,0.3517089305402425,110.00082278251648,0.443575382232666,110.44439816474916,1test,LeaveOneGroupOut,cross_session,1,diva_full,BNCI2014_001,test_perturb,CrossSession,42,False,64.0,0.001,0.0,8.0,0.5,8.0,2.0,125.0,3.0,2.0,MotorImagery,,True,True,False,False,False,True,
gaussian,47.73684210526316,0.8748070987654321,0.6994598765432098,0.8748070987654321,0.6736111111111112,0.6050420168067226,1.0,0.7539267015706805,0.6994598765432098,0.6388888888888888,0.6,0.8333333333333334,0.6976744186046512,0.2004410143329658,110.00082278251648,0.4513566493988037,110.45217943191528,1test,LeaveOneGroupOut,cross_session,1,diva_full,BNCI2014_001,test_perturb,CrossSession,42,False,64.0,0.001,0.0,8.0,0.5,8.0,2.0,125.0,3.0,2.0,MotorImagery,,True,True,False,False,False,True,
gaussian,51.631578947368425,0.8748070987654321,0.6840277777777778,0.8748070987654321,0.6736111111111112,0.6050420168067226,1.0,0.7539267015706805,0.6840277777777778,0.6180555555555556,0.5858585858585859,0.8055555555555556,0.6783625730994152,0.2180815876515986,110.00082278251648,0.4339706897735595,110.43479347229004,1test,LeaveOneGroupOut,cross_session,1,diva_full,BNCI2014_001,test_perturb,CrossSession,42,False,64.0,0.001,0.0,8.0,0.5,8.0,2.0,125.0,3.0,2.0,MotorImagery,,True,True,False,False,False,True,
gaussian,55.526315789473685,0.8748070987654321,0.6250000000000001,0.8748070987654321,0.6736111111111112,0.6050420168067226,1.0,0.7539267015706805,0.6250000000000001,0.6111111111111112,0.5833333333333334,0.7777777777777778,0.6666666666666666,0.2855567805953692,110.00082278251648,0.4071633815765381,110.40798616409302,1test,LeaveOneGroupOut,cross_session,1,diva_full,BNCI2014_001,test_perturb,CrossSession,42,False,64.0,0.001,0.0,8.0,0.5,8.0,2.0,125.0,3.0,2.0,MotorImagery,,True,True,False,False,False,True,
gaussian,59.42105263157895,0.8748070987654321,0.6358024691358025,0.8748070987654321,0.6736111111111112,0.6050420168067226,1.0,0.7539267015706805,0.6358024691358025,0.5972222222222222,0.5833333333333334,0.6805555555555556,0.6282051282051283,0.2732083792723263,110.00082278251648,0.3973813056945801,110.39820408821106,1test,LeaveOneGroupOut,cross_session,1,diva_full,BNCI2014_001,test_perturb,CrossSession,42,False,64.0,0.001,0.0,8.0,0.5,8.0,2.0,125.0,3.0,2.0,MotorImagery,,True,True,False,False,False,True,
gaussian,63.31578947368421,0.8748070987654321,0.5883487654320987,0.8748070987654321,0.6736111111111112,0.6050420168067226,1.0,0.7539267015706805,0.5883487654320987,0.5277777777777778,0.5238095238095238,0.6111111111111112,0.5641025641025642,0.3274531422271224,110.00082278251648,0.4130451679229736,110.41386795043944,1test,LeaveOneGroupOut,cross_session,1,diva_full,BNCI2014_001,test_perturb,CrossSession,42,False,64.0,0.001,0.0,8.0,0.5,8.0,2.0,125.0,3.0,2.0,MotorImagery,,True,True,False,False,False,True,
gaussian,67.21052631578948,0.8748070987654321,0.5641396604938272,0.8748070987654321,0.6736111111111112,0.6050420168067226,1.0,0.7539267015706805,0.5641396604938272,0.5138888888888888,0.5135135135135135,0.5277777777777778,0.5205479452054794,0.3551267916207275,110.00082278251648,0.4156777858734131,110.41650056838988,1test,LeaveOneGroupOut,cross_session,1,diva_full,BNCI2014_001,test_perturb,CrossSession,42,False,64.0,0.001,0.0,8.0,0.5,8.0,2.0,125.0,3.0,2.0,MotorImagery,,True,True,False,False,False,True,
gaussian,71.10526315789474,0.8748070987654321,0.5046296296296297,0.8748070987654321,0.6736111111111112,0.6050420168067226,1.0,0.7539267015706805,0.5046296296296297,0.5,0.5,0.5,0.5,0.4231532524807055,110.00082278251648,0.3861620426177978,110.38698482513428,1test,LeaveOneGroupOut,cross_session,1,diva_full,BNCI2014_001,test_perturb,CrossSession,42,False,64.0,0.001,0.0,8.0,0.5,8.0,2.0,125.0,3.0,2.0,MotorImagery,,True,True,False,False,False,True,
gaussian,75.0,0.8748070987654321,0.4990354938271605,0.8748070987654321,0.6736111111111112,0.6050420168067226,1.0,0.7539267015706805,0.4990354938271605,0.4930555555555556,0.4927536231884058,0.4722222222222222,0.4822695035460992,0.42954796030871,110.00082278251648,0.459573745727539,110.46039652824402,1test,LeaveOneGroupOut,cross_session,1,diva_full,BNCI2014_001,test_perturb,CrossSession,42,False,64.0,0.001,0.0,8.0,0.5,8.0,2.0,125.0,3.0,2.0,MotorImagery,,True,True,False,False,False,True,
dropout,1.0,0.8748070987654321,0.8084490740740741,0.8748070987654321,0.6736111111111112,0.6050420168067226,1.0,0.7539267015706805,0.8084490740740741,0.6388888888888888,0.5877192982456141,0.9305555555555556,0.7204301075268819,0.0758544652701212,110.00082278251648,0.3937077522277832,110.39453053474426,1test,LeaveOneGroupOut,cross_session,1,diva_full,BNCI2014_001,test_perturb,CrossSession,42,False,64.0,0.001,0.0,8.0,0.5,8.0,2.0,125.0,3.0,2.0,MotorImagery,,True,True,False,False,False,True,
dropout,4.894736842105264,0.8748070987654321,0.8084490740740741,0.8748070987654321,0.6736111111111112,0.6050420168067226,1.0,0.7539267015706805,0.8084490740740741,0.6388888888888888,0.5877192982456141,0.9305555555555556,0.7204301075268819,0.0758544652701212,110.00082278251648,0.3977546691894531,110.39857745170592,1test,LeaveOneGroupOut,cross_session,1,diva_full,BNCI2014_001,test_perturb,CrossSession,42,False,64.0,0.001,0.0,8.0,0.5,8.0,2.0,125.0,3.0,2.0,MotorImagery,,True,True,False,False,False,True,
dropout,8.789473684210527,0.8748070987654321,0.8084490740740741,0.8748070987654321,0.6736111111111112,0.6050420168067226,1.0,0.7539267015706805,0.8084490740740741,0.6388888888888888,0.5877192982456141,0.9305555555555556,0.7204301075268819,0.0758544652701212,110.00082278251648,0.3866200447082519,110.38744282722472,1test,LeaveOneGroupOut,cross_session,1,diva_full,BNCI2014_001,test_perturb,CrossSession,42,False,64.0,0.001,0.0,8.0,0.5,8.0,2.0,125.0,3.0,2.0,MotorImagery,,True,True,False,False,False,True,
dropout,12.68421052631579,0.8748070987654321,0.7532793209876544,0.8748070987654321,0.6736111111111112,0.6050420168067226,1.0,0.7539267015706805,0.7532793209876544,0.6944444444444444,0.6296296296296297,0.9444444444444444,0.7555555555555556,0.1389195148842336,110.00082278251648,0.4315588474273681,110.43238162994383,1test,LeaveOneGroupOut,cross_session,1,diva_full,BNCI2014_001,test_perturb,CrossSession,42,False,64.0,0.001,0.0,8.0,0.5,8.0,2.0,125.0,3.0,2.0,MotorImagery,,True,True,False,False,False,True,
dropout,16.578947368421055,0.8748070987654321,0.7056327160493827,0.8748070987654321,0.6736111111111112,0.6050420168067226,1.0,0.7539267015706805,0.7056327160493827,0.6458333333333334,0.6060606060606061,0.8333333333333334,0.7017543859649124,0.1933847850055126,110.00082278251648,0.4846193790435791,110.48544216156006,1test,LeaveOneGroupOut,cross_session,1,diva_full,BNCI2014_001,test_perturb,CrossSession,42,False,64.0,0.001,0.0,8.0,0.5,8.0,2.0,125.0,3.0,2.0,MotorImagery,,True,True,False,False,False,True,
dropout,20.473684210526315,0.8748070987654321,0.6834490740740741,0.8748070987654321,0.6736111111111112,0.6050420168067226,1.0,0.7539267015706805,0.6834490740740741,0.6597222222222222,0.6263736263736264,0.7916666666666666,0.6993865030674847,0.2187431091510474,110.00082278251648,0.4716527462005615,110.47247552871704,1test,LeaveOneGroupOut,cross_session,1,diva_full,BNCI2014_001,test_perturb,CrossSession,42,False,64.0,0.001,0.0,8.0,0.5,8.0,2.0,125.0,3.0,2.0,MotorImagery,,True,True,False,False,False,True,
dropout,24.36842105263158,0.8748070987654321,0.6689814814814814,0.8748070987654321,0.6736111111111112,0.6050420168067226,1.0,0.7539267015706805,0.6689814814814814,0.5972222222222222,0.5777777777777777,0.7222222222222222,0.6419753086419753,0.2352811466372657,110.00082278251648,0.4364495277404785,110.43727231025696,1test,LeaveOneGroupOut,cross_session,1,diva_full,BNCI2014_001,test_perturb,CrossSession,42,False,64.0,0.001,0.0,8.0,0.5,8.0,2.0,125.0,3.0,2.0,MotorImagery,,True,True,False,False,False,True,
dropout,28.26315789473684,0.8748070987654321,0.7256944444444444,0.8748070987654321,0.6736111111111112,0.6050420168067226,1.0,0.7539267015706805,0.7256944444444444,0.6736111111111112,0.6344086021505376,0.8194444444444444,0.7151515151515151,0.1704520396912899,110.00082278251648,0.4692554473876953,110.47007822990416,1test,LeaveOneGroupOut,cross_session,1,diva_full,BNCI2014_001,test_perturb,CrossSession,42,False,64.0,0.001,0.0,8.0,0.5,8.0,2.0,125.0,3.0,2.0,MotorImagery,,True,True,False,False,False,True,
dropout,32.15789473684211,0.8748070987654321,0.5949074074074074,0.8748070987654321,0.6736111111111112,0.6050420168067226,1.0,0.7539267015706805,0.5949074074074074,0.5694444444444444,0.5510204081632653,0.75,0.6352941176470588,0.3199558985667033,110.00082278251648,0.4162819385528564,110.41710472106934,1test,LeaveOneGroupOut,cross_session,1,diva_full,BNCI2014_001,test_perturb,CrossSession,42,False,64.0,0.001,0.0,8.0,0.5,8.0,2.0,125.0,3.0,2.0,MotorImagery,,True,True,False,False,False,True,
dropout,36.05263157894737,0.8748070987654321,0.5949074074074074,0.8748070987654321,0.6736111111111112,0.6050420168067226,1.0,0.7539267015706805,0.5949074074074074,0.5694444444444444,0.5510204081632653,0.75,0.6352941176470588,0.3199558985667033,110.00082278251648,0.4107677936553955,110.41159057617188,1test,LeaveOneGroupOut,cross_session,1,diva_full,BNCI2014_001,test_perturb,CrossSession,42,False,64.0,0.001,0.0,8.0,0.5,8.0,2.0,125.0,3.0,2.0,MotorImagery,,True,True,False,False,False,True,
dropout,39.94736842105263,0.8748070987654321,0.6246141975308642,0.8748070987654321,0.6736111111111112,0.6050420168067226,1.0,0.7539267015706805,0.6246141975308642,0.5763888888888888,0.5647058823529412,0.6666666666666666,0.6114649681528662,0.2859977949283351,110.00082278251648,0.3706278800964355,110.37145066261292,1test,LeaveOneGroupOut,cross_session,1,diva_full,BNCI2014_001,test_perturb,CrossSession,42,False,64.0,0.001,0.0,8.0,0.5,8.0,2.0,125.0,3.0,2.0,MotorImagery,,True,True,False,False,False,True,
dropout,43.8421052631579,0.8748070987654321,0.6155478395061729,0.8748070987654321,0.6736111111111112,0.6050420168067226,1.0,0.7539267015706805,0.6155478395061729,0.5833333333333334,0.5789473684210527,0.6111111111111112,0.5945945945945946,0.2963616317530319,110.00082278251648,0.3775429725646972,110.37836575508118,1test,LeaveOneGroupOut,cross_session,1,diva_full,BNCI2014_001,test_perturb,CrossSession,42,False,64.0,0.001,0.0,8.0,0.5,8.0,2.0,125.0,3.0,2.0,MotorImagery,,True,True,False,False,False,True,
dropout,47.73684210526316,0.8748070987654321,0.5852623456790124,0.8748070987654321,0.6736111111111112,0.6050420168067226,1.0,0.7539267015706805,0.5852623456790124,0.5625,0.5569620253164557,0.6111111111111112,0.5827814569536424,0.3309812568908489,110.00082278251648,0.3727765083312988,110.37359929084778,1test,LeaveOneGroupOut,cross_session,1,diva_full,BNCI2014_001,test_perturb,CrossSession,42,False,64.0,0.001,0.0,8.0,0.5,8.0,2.0,125.0,3.0,2.0,MotorImagery,,True,True,False,False,False,True,
dropout,51.631578947368425,0.8748070987654321,0.587962962962963,0.8748070987654321,0.6736111111111112,0.6050420168067226,1.0,0.7539267015706805,0.587962962962963,0.5763888888888888,0.5662650602409639,0.6527777777777778,0.6064516129032258,0.3278941565600881,110.00082278251648,0.3687319755554199,110.3695547580719,1test,LeaveOneGroupOut,cross_session,1,diva_full,BNCI2014_001,test_perturb,CrossSession,42,False,64.0,0.001,0.0,8.0,0.5,8.0,2.0,125.0,3.0,2.0,MotorImagery,,True,True,False,False,False,True,
dropout,55.526315789473685,0.8748070987654321,0.5883487654320987,0.8748070987654321,0.6736111111111112,0.6050420168067226,1.0,0.7539267015706805,0.5883487654320987,0.5763888888888888,0.5753424657534246,0.5833333333333334,0.5793103448275863,0.3274531422271224,110.00082278251648,0.3771984577178955,110.37802124023438,1test,LeaveOneGroupOut,cross_session,1,diva_full,BNCI2014_001,test_perturb,CrossSession,42,False,64.0,0.001,0.0,8.0,0.5,8.0,2.0,125.0,3.0,2.0,MotorImagery,,True,True,False,False,False,True,
dropout,59.42105263157895,0.8748070987654321,0.5711805555555555,0.8748070987654321,0.6736111111111112,0.6050420168067226,1.0,0.7539267015706805,0.5711805555555555,0.5347222222222222,0.5333333333333333,0.5555555555555556,0.5442176870748299,0.3470782800441015,110.00082278251648,0.3590188026428222,110.3598415851593,1test,LeaveOneGroupOut,cross_session,1,diva_full,BNCI2014_001,test_perturb,CrossSession,42,False,64.0,0.001,0.0,8.0,0.5,8.0,2.0,125.0,3.0,2.0,MotorImagery,,True,True,False,False,False,True,
dropout,63.31578947368421,0.8748070987654321,0.5711805555555555,0.8748070987654321,0.6736111111111112,0.6050420168067226,1.0,0.7539267015706805,0.5711805555555555,0.5347222222222222,0.5333333333333333,0.5555555555555556,0.5442176870748299,0.3470782800441015,110.00082278251648,0.3841671943664551,110.38498997688292,1test,LeaveOneGroupOut,cross_session,1,diva_full,BNCI2014_001,test_perturb,CrossSession,42,False,64.0,0.001,0.0,8.0,0.5,8.0,2.0,125.0,3.0,2.0,MotorImagery,,True,True,False,False,False,True,
dropout,67.21052631578948,0.8748070987654321,0.5868055555555555,0.8748070987654321,0.6736111111111112,0.6050420168067226,1.0,0.7539267015706805,0.5868055555555555,0.5625,0.5652173913043478,0.5416666666666666,0.5531914893617021,0.3292171995589857,110.00082278251648,0.3806045055389404,110.38142728805542,1test,LeaveOneGroupOut,cross_session,1,diva_full,BNCI2014_001,test_perturb,CrossSession,42,False,64.0,0.001,0.0,8.0,0.5,8.0,2.0,125.0,3.0,2.0,MotorImagery,,True,True,False,False,False,True,
dropout,71.10526315789474,0.8748070987654321,0.5347222222222223,0.8748070987654321,0.6736111111111112,0.6050420168067226,1.0,0.7539267015706805,0.5347222222222223,0.5138888888888888,0.5128205128205128,0.5555555555555556,0.5333333333333333,0.3887541345093714,110.00082278251648,0.3771047592163086,110.3779275417328,1test,LeaveOneGroupOut,cross_session,1,diva_full,BNCI2014_001,test_perturb,CrossSession,42,False,64.0,0.001,0.0,8.0,0.5,8.0,2.0,125.0,3.0,2.0,MotorImagery,,True,True,False,False,False,True,
dropout,75.0,0.8748070987654321,0.5271990740740741,0.8748070987654321,0.6736111111111112,0.6050420168067226,1.0,0.7539267015706805,0.5271990740740741,0.5277777777777778,0.5294117647058824,0.5,0.5142857142857143,0.397353914002205,110.00082278251648,0.3933796882629394,110.39420247077942,1test,LeaveOneGroupOut,cross_session,1,diva_full,BNCI2014_001,test_perturb,CrossSession,42,False,64.0,0.001,0.0,8.0,0.5,8.0,2.0,125.0,3.0,2.0,MotorImagery,,True,True,False,False,False,True,
eog,1.0,0.892554012345679,0.8919753086419753,0.892554012345679,0.8194444444444444,0.7555555555555555,0.9444444444444444,0.8395061728395062,0.8919753086419753,0.8194444444444444,0.7555555555555555,0.9444444444444444,0.8395061728395062,0.0006483682731791,212.93838739395144,0.635775089263916,213.57416248321533,0train,LeaveOneGroupOut,cross_session,1,diva_ncp,BNCI2014_001,test_perturb,CrossSession,42,False,,0.001,,19.0,,,,,,,MotorImagery,,,,,,,,
eog,6.2105263157894735,0.892554012345679,0.8927469135802469,0.892554012345679,0.8194444444444444,0.7555555555555555,0.9444444444444444,0.8395061728395062,0.8927469135802469,0.8194444444444444,0.7555555555555555,0.9444444444444444,0.8395061728395062,-0.0002161227577264,212.93838739395144,0.5512490272521973,213.4896364212036,0train,LeaveOneGroupOut,cross_session,1,diva_ncp,BNCI2014_001,test_perturb,CrossSession,42,False,,0.001,,19.0,,,,,,,MotorImagery,,,,,,,,
eog,11.421052631578949,0.892554012345679,0.8809799382716049,0.892554012345679,0.8194444444444444,0.7555555555555555,0.9444444444444444,0.8395061728395062,0.8809799382716049,0.7986111111111112,0.7311827956989247,0.9444444444444444,0.8242424242424243,0.0129673654635833,212.93838739395144,0.5149221420288086,213.45330953598025,0train,LeaveOneGroupOut,cross_session,1,diva_ncp,BNCI2014_001,test_perturb,CrossSession,42,False,,0.001,,19.0,,,,,,,MotorImagery,,,,,,,,
eog,16.63157894736842,0.892554012345679,0.8790509259259259,0.892554012345679,0.8194444444444444,0.7555555555555555,0.9444444444444444,0.8395061728395062,0.8790509259259259,0.7916666666666666,0.723404255319149,0.9444444444444444,0.8192771084337349,0.0151285930408471,212.93838739395144,0.5296447277069092,213.46803212165835,0train,LeaveOneGroupOut,cross_session,1,diva_ncp,BNCI2014_001,test_perturb,CrossSession,42,False,,0.001,,19.0,,,,,,,MotorImagery,,,,,,,,
eog,21.84210526315789,0.892554012345679,0.8655478395061729,0.892554012345679,0.8194444444444444,0.7555555555555555,0.9444444444444444,0.8395061728395062,0.8655478395061729,0.7777777777777778,0.7040816326530612,0.9583333333333334,0.8117647058823529,0.0302571860816943,212.93838739395144,0.5287227630615234,213.4671101570129,0train,LeaveOneGroupOut,cross_session,1,diva_ncp,BNCI2014_001,test_perturb,CrossSession,42,False,,0.001,,19.0,,,,,,,MotorImagery,,,,,,,,
eog,27.052631578947366,0.892554012345679,0.8873456790123456,0.892554012345679,0.8194444444444444,0.7555555555555555,0.9444444444444444,0.8395061728395062,0.8873456790123456,0.7916666666666666,0.723404255319149,0.9444444444444444,0.8192771084337349,0.0058353144586125,212.93838739395144,0.5506799221038818,213.4890673160553,0train,LeaveOneGroupOut,cross_session,1,diva_ncp,BNCI2014_001,test_perturb,CrossSession,42,False,,0.001,,19.0,,,,,,,MotorImagery,,,,,,,,
eog,32.26315789473684,0.892554012345679,0.8472222222222222,0.892554012345679,0.8194444444444444,0.7555555555555555,0.9444444444444444,0.8395061728395062,0.8472222222222222,0.7638888888888888,0.6938775510204082,0.9444444444444444,0.7999999999999999,0.0507888480657013,212.93838739395144,0.591947078704834,213.53033447265625,0train,LeaveOneGroupOut,cross_session,1,diva_ncp,BNCI2014_001,test_perturb,CrossSession,42,False,,0.001,,19.0,,,,,,,MotorImagery,,,,,,,,
eog,37.47368421052632,0.892554012345679,0.8427854938271605,0.892554012345679,0.8194444444444444,0.7555555555555555,0.9444444444444444,0.8395061728395062,0.8427854938271605,0.75,0.6836734693877551,0.9305555555555556,0.788235294117647,0.0557596714934082,212.93838739395144,0.5314428806304932,213.4698302745819,0train,LeaveOneGroupOut,cross_session,1,diva_ncp,BNCI2014_001,test_perturb,CrossSession,42,False,,0.001,,19.0,,,,,,,MotorImagery,,,,,,,,
eog,42.68421052631579,0.892554012345679,0.8564814814814816,0.892554012345679,0.8194444444444444,0.7555555555555555,0.9444444444444444,0.8395061728395062,0.8564814814814816,0.7569444444444444,0.6831683168316832,0.9583333333333334,0.7976878612716762,0.0404149556948344,212.93838739395144,0.5686960220336914,213.5070834159851,0train,LeaveOneGroupOut,cross_session,1,diva_ncp,BNCI2014_001,test_perturb,CrossSession,42,False,,0.001,,19.0,,,,,,,MotorImagery,,,,,,,,
eog,47.89473684210526,0.892554012345679,0.8551311728395061,0.892554012345679,0.8194444444444444,0.7555555555555555,0.9444444444444444,0.8395061728395062,0.8551311728395061,0.7430555555555556,0.6666666666666666,0.9722222222222222,0.7909604519774012,0.0419278149989194,212.93838739395144,0.6233940124511719,213.5617814064026,0train,LeaveOneGroupOut,cross_session,1,diva_ncp,BNCI2014_001,test_perturb,CrossSession,42,False,,0.001,,19.0,,,,,,,MotorImagery,,,,,,,,
eog,53.10526315789473,0.892554012345679,0.8366126543209876,0.892554012345679,0.8194444444444444,0.7555555555555555,0.9444444444444444,0.8395061728395062,0.8366126543209876,0.7222222222222222,0.6509433962264151,0.9583333333333334,0.7752808988764045,0.0626755997406526,212.93838739395144,0.5487828254699707,213.4871702194214,0train,LeaveOneGroupOut,cross_session,1,diva_ncp,BNCI2014_001,test_perturb,CrossSession,42,False,,0.001,,19.0,,,,,,,MotorImagery,,,,,,,,
eog,58.315789473684205,0.892554012345679,0.8335262345679012,0.892554012345679,0.8194444444444444,0.7555555555555555,0.9444444444444444,0.8395061728395062,0.8335262345679012,0.6944444444444444,0.6228070175438597,0.9861111111111112,0.7634408602150538,0.0661335638642749,212.93838739395144,0.526968240737915,213.46535563468933,0train,LeaveOneGroupOut,cross_session,1,diva_ncp,BNCI2014_001,test_perturb,CrossSession,42,False,,0.001,,19.0,,,,,,,MotorImagery,,,,,,,,
eog,63.526315789473685,0.892554012345679,0.8578317901234568,0.892554012345679,0.8194444444444444,0.7555555555555555,0.9444444444444444,0.8395061728395062,0.8578317901234568,0.7083333333333334,0.6388888888888888,0.9583333333333334,0.7666666666666666,0.0389020963907499,212.93838739395144,0.640021800994873,213.5784091949463,0train,LeaveOneGroupOut,cross_session,1,diva_ncp,BNCI2014_001,test_perturb,CrossSession,42,False,,0.001,,19.0,,,,,,,MotorImagery,,,,,,,,
eog,68.73684210526315,0.892554012345679,0.8207947530864198,0.892554012345679,0.8194444444444444,0.7555555555555555,0.9444444444444444,0.8395061728395062,0.8207947530864198,0.7291666666666666,0.6513761467889908,0.9861111111111112,0.7845303867403315,0.0803976658742164,212.93838739395144,0.6446776390075684,213.58306503295896,0train,LeaveOneGroupOut,cross_session,1,diva_ncp,BNCI2014_001,test_perturb,CrossSession,42,False,,0.001,,19.0,,,,,,,MotorImagery,,,,,,,,
eog,73.94736842105263,0.892554012345679,0.8369984567901234,0.892554012345679,0.8194444444444444,0.7555555555555555,0.9444444444444444,0.8395061728395062,0.8369984567901234,0.7222222222222222,0.6481481481481481,0.9722222222222222,0.7777777777777778,0.0622433542251999,212.93838739395144,0.8012197017669678,213.7396070957184,0train,LeaveOneGroupOut,cross_session,1,diva_ncp,BNCI2014_001,test_perturb,CrossSession,42,False,,0.001,,19.0,,,,,,,MotorImagery,,,,,,,,
eog,79.1578947368421,0.892554012345679,0.8369984567901235,0.892554012345679,0.8194444444444444,0.7555555555555555,0.9444444444444444,0.8395061728395062,0.8369984567901235,0.6736111111111112,0.6068376068376068,0.9861111111111112,0.7513227513227512,0.0622433542251998,212.93838739395144,0.5817584991455078,213.52014589309687,0train,LeaveOneGroupOut,cross_session,1,diva_ncp,BNCI2014_001,test_perturb,CrossSession,42,False,,0.001,,19.0,,,,,,,MotorImagery,,,,,,,,
eog,84.36842105263158,0.892554012345679,0.8464506172839507,0.892554012345679,0.8194444444444444,0.7555555555555555,0.9444444444444444,0.8395061728395062,0.8464506172839507,0.6805555555555556,0.6120689655172413,0.9861111111111112,0.7553191489361702,0.0516533390966068,212.93838739395144,0.5857627391815186,213.5241501331329,0train,LeaveOneGroupOut,cross_session,1,diva_ncp,BNCI2014_001,test_perturb,CrossSession,42,False,,0.001,,19.0,,,,,,,MotorImagery,,,,,,,,
eog,89.57894736842105,0.892554012345679,0.8061342592592593,0.892554012345679,0.8194444444444444,0.7555555555555555,0.9444444444444444,0.8395061728395062,0.8061342592592593,0.6527777777777778,0.5932203389830508,0.9722222222222222,0.736842105263158,0.096822995461422,212.93838739395144,0.6086540222167969,213.5470414161682,0train,LeaveOneGroupOut,cross_session,1,diva_ncp,BNCI2014_001,test_perturb,CrossSession,42,False,,0.001,,19.0,,,,,,,MotorImagery,,,,,,,,
eog,94.78947368421052,0.892554012345679,0.8117283950617284,0.892554012345679,0.8194444444444444,0.7555555555555555,0.9444444444444444,0.8395061728395062,0.8117283950617284,0.6597222222222222,0.5966386554621849,0.9861111111111112,0.743455497382199,0.0905554354873567,212.93838739395144,0.726269006729126,213.6646564006805,0train,LeaveOneGroupOut,cross_session,1,diva_ncp,BNCI2014_001,test_perturb,CrossSession,42,False,,0.001,,19.0,,,,,,,MotorImagery,,,,,,,,
eog,100.0,0.892554012345679,0.8599537037037037,0.892554012345679,0.8194444444444444,0.7555555555555555,0.9444444444444444,0.8395061728395062,0.8599537037037037,0.6805555555555556,0.6120689655172413,0.9861111111111112,0.7553191489361702,0.0365247460557596,212.93838739395144,0.7770946025848389,213.71548199653623,0train,LeaveOneGroupOut,cross_session,1,diva_ncp,BNCI2014_001,test_perturb,CrossSession,42,False,,0.001,,19.0,,,,,,,MotorImagery,,,,,,,,
gaussian,1.0,0.892554012345679,0.8935185185185185,0.892554012345679,0.8194444444444444,0.7555555555555555,0.9444444444444444,0.8395061728395062,0.8935185185185185,0.8194444444444444,0.7555555555555555,0.9444444444444444,0.8395061728395062,-0.0010806137886319,212.93838739395144,0.6405463218688965,213.5789337158203,0train,LeaveOneGroupOut,cross_session,1,diva_ncp,BNCI2014_001,test_perturb,CrossSession,42,False,,0.001,,19.0,,,,,,,MotorImagery,,,,,,,,
gaussian,4.894736842105264,0.892554012345679,0.8958333333333334,0.892554012345679,0.8194444444444444,0.7555555555555555,0.9444444444444444,0.8395061728395062,0.8958333333333334,0.8194444444444444,0.7555555555555555,0.9444444444444444,0.8395061728395062,-0.0036740868813486,212.93838739395144,0.690692663192749,213.62908005714417,0train,LeaveOneGroupOut,cross_session,1,diva_ncp,BNCI2014_001,test_perturb,CrossSession,42,False,,0.001,,19.0,,,,,,,MotorImagery,,,,,,,,
gaussian,8.789473684210527,0.892554012345679,0.8927469135802469,0.892554012345679,0.8194444444444444,0.7555555555555555,0.9444444444444444,0.8395061728395062,0.8927469135802469,0.8333333333333334,0.7727272727272727,0.9444444444444444,0.85,-0.0002161227577264,212.93838739395144,0.6985299587249756,213.6369173526764,0train,LeaveOneGroupOut,cross_session,1,diva_ncp,BNCI2014_001,test_perturb,CrossSession,42,False,,0.001,,19.0,,,,,,,MotorImagery,,,,,,,,
gaussian,12.68421052631579,0.892554012345679,0.8935185185185186,0.892554012345679,0.8194444444444444,0.7555555555555555,0.9444444444444444,0.8395061728395062,0.8935185185185186,0.8263888888888888,0.7640449438202247,0.9444444444444444,0.84472049689441,-0.001080613788632,212.93838739395144,0.677281379699707,213.61566877365112,0train,LeaveOneGroupOut,cross_session,1,diva_ncp,BNCI2014_001,test_perturb,CrossSession,42,False,,0.001,,19.0,,,,,,,MotorImagery,,,,,,,,
gaussian,16.578947368421055,0.892554012345679,0.8852237654320988,0.892554012345679,0.8194444444444444,0.7555555555555555,0.9444444444444444,0.8395061728395062,0.8852237654320988,0.7916666666666666,0.723404255319149,0.9444444444444444,0.8192771084337349,0.0082126647936027,212.93838739395144,0.7579290866851807,213.6963164806366,0train,LeaveOneGroupOut,cross_session,1,diva_ncp,BNCI2014_001,test_perturb,CrossSession,42,False,,0.001,,19.0,,,,,,,MotorImagery,,,,,,,,
gaussian,20.473684210526315,0.892554012345679,0.8682484567901235,0.892554012345679,0.8194444444444444,0.7555555555555555,0.9444444444444444,0.8395061728395062,0.8682484567901235,0.7777777777777778,0.7222222222222222,0.9027777777777778,0.802469135802469,0.0272314674735248,212.93838739395144,0.7191455364227295,213.65753293037412,0train,LeaveOneGroupOut,cross_session,1,diva_ncp,BNCI2014_001,test_perturb,CrossSession,42,False,,0.001,,19.0,,,,,,,MotorImagery,,,,,,,,
gaussian,24.36842105263158,0.892554012345679,0.8566743827160495,0.892554012345679,0.8194444444444444,0.7555555555555555,0.9444444444444444,0.8395061728395062,0.8566743827160495,0.7708333333333334,0.7142857142857143,0.9027777777777778,0.7975460122699387,0.0401988329371081,212.93838739395144,0.6759345531463623,213.61432194709775,0train,LeaveOneGroupOut,cross_session,1,diva_ncp,BNCI2014_001,test_perturb,CrossSession,42,False,,0.001,,19.0,,,,,,,MotorImagery,,,,,,,,
gaussian,28.26315789473684,0.892554012345679,0.8555169753086419,0.892554012345679,0.8194444444444444,0.7555555555555555,0.9444444444444444,0.8395061728395062,0.8555169753086419,0.7708333333333334,0.7096774193548387,0.9166666666666666,0.7999999999999999,0.0414955694834666,212.93838739395144,0.7287111282348633,213.66709852218628,0train,LeaveOneGroupOut,cross_session,1,diva_ncp,BNCI2014_001,test_perturb,CrossSession,42,False,,0.001,,19.0,,,,,,,MotorImagery,,,,,,,,
gaussian,32.15789473684211,0.892554012345679,0.824266975308642,0.892554012345679,0.8194444444444444,0.7555555555555555,0.9444444444444444,0.8395061728395062,0.824266975308642,0.7152777777777778,0.6476190476190476,0.9444444444444444,0.7683615819209039,0.0765074562351414,212.93838739395144,0.6855707168579102,213.62395811080933,0train,LeaveOneGroupOut,cross_session,1,diva_ncp,BNCI2014_001,test_perturb,CrossSession,42,False,,0.001,,19.0,,,,,,,MotorImagery,,,,,,,,
gaussian,36.05263157894737,0.892554012345679,0.8125,0.892554012345679,0.8194444444444444,0.7555555555555555,0.9444444444444444,0.8395061728395062,0.8125,0.7222222222222222,0.66,0.9166666666666666,0.7674418604651163,0.0896909444564512,212.93838739395144,0.6861093044281006,213.62449669837952,0train,LeaveOneGroupOut,cross_session,1,diva_ncp,BNCI2014_001,test_perturb,CrossSession,42,False,,0.001,,19.0,,,,,,,MotorImagery,,,,,,,,
gaussian,39.94736842105263,0.892554012345679,0.7961033950617283,0.892554012345679,0.8194444444444444,0.7555555555555555,0.9444444444444444,0.8395061728395062,0.7961033950617283,0.7013888888888888,0.6526315789473685,0.8611111111111112,0.7425149700598802,0.1080613788631943,212.93838739395144,0.6923563480377197,213.63074374198916,0train,LeaveOneGroupOut,cross_session,1,diva_ncp,BNCI2014_001,test_perturb,CrossSession,42,False,,0.001,,19.0,,,,,,,MotorImagery,,,,,,,,
gaussian,43.8421052631579,0.892554012345679,0.6975308641975309,0.892554012345679,0.8194444444444444,0.7555555555555555,0.9444444444444444,0.8395061728395062,0.6975308641975309,0.625,0.5833333333333334,0.875,0.7000000000000001,0.2185001080613788,212.93838739395144,0.6949491500854492,213.6333365440369,0train,LeaveOneGroupOut,cross_session,1,diva_ncp,BNCI2014_001,test_perturb,CrossSession,42,False,,0.001,,19.0,,,,,,,MotorImagery,,,,,,,,
gaussian,47.73684210526316,0.892554012345679,0.7579089506172839,0.892554012345679,0.8194444444444444,0.7555555555555555,0.9444444444444444,0.8395061728395062,0.7579089506172839,0.6111111111111112,0.5689655172413793,0.9166666666666666,0.7021276595744681,0.1508536848930192,212.93838739395144,0.8045520782470703,213.7429394721985,0train,LeaveOneGroupOut,cross_session,1,diva_ncp,BNCI2014_001,test_perturb,CrossSession,42,False,,0.001,,19.0,,,,,,,MotorImagery,,,,,,,,
gaussian,51.631578947368425,0.892554012345679,0.7361111111111112,0.892554012345679,0.8194444444444444,0.7555555555555555,0.9444444444444444,0.8395061728395062,0.7361111111111112,0.6041666666666666,0.5641025641025641,0.9166666666666666,0.6984126984126983,0.175275556516101,212.93838739395144,0.7925105094909668,213.7308979034424,0train,LeaveOneGroupOut,cross_session,1,diva_ncp,BNCI2014_001,test_perturb,CrossSession,42,False,,0.001,,19.0,,,,,,,MotorImagery,,,,,,,,
gaussian,55.526315789473685,0.892554012345679,0.6950231481481481,0.892554012345679,0.8194444444444444,0.7555555555555555,0.9444444444444444,0.8395061728395062,0.6950231481481481,0.5972222222222222,0.5583333333333333,0.9305555555555556,0.6979166666666666,0.2213097039118219,212.93838739395144,0.7368249893188477,213.67521238327024,0train,LeaveOneGroupOut,cross_session,1,diva_ncp,BNCI2014_001,test_perturb,CrossSession,42,False,,0.001,,19.0,,,,,,,MotorImagery,,,,,,,,
gaussian,59.42105263157895,0.892554012345679,0.7071759259259258,0.892554012345679,0.8194444444444444,0.7555555555555555,0.9444444444444444,0.8395061728395062,0.7071759259259258,0.6319444444444444,0.5871559633027523,0.8888888888888888,0.707182320441989,0.2076939701750595,212.93838739395144,0.7114758491516113,213.64986324310303,0train,LeaveOneGroupOut,cross_session,1,diva_ncp,BNCI2014_001,test_perturb,CrossSession,42,False,,0.001,,19.0,,,,,,,MotorImagery,,,,,,,,
gaussian,63.31578947368421,0.892554012345679,0.6008873456790124,0.892554012345679,0.8194444444444444,0.7555555555555555,0.9444444444444444,0.8395061728395062,0.6008873456790124,0.5763888888888888,0.5470085470085471,0.8888888888888888,0.6772486772486773,0.3267776096822995,212.93838739395144,0.7102580070495605,213.64864540100095,0train,LeaveOneGroupOut,cross_session,1,diva_ncp,BNCI2014_001,test_perturb,CrossSession,42,False,,0.001,,19.0,,,,,,,MotorImagery,,,,,,,,
gaussian,67.21052631578948,0.892554012345679,0.5979938271604938,0.892554012345679,0.8194444444444444,0.7555555555555555,0.9444444444444444,0.8395061728395062,0.5979938271604938,0.5208333333333334,0.5121951219512195,0.875,0.6461538461538462,0.3300194510481954,212.93838739395144,0.7166621685028076,213.65504956245425,0train,LeaveOneGroupOut,cross_session,1,diva_ncp,BNCI2014_001,test_perturb,CrossSession,42,False,,0.001,,19.0,,,,,,,MotorImagery,,,,,,,,
gaussian,71.10526315789474,0.892554012345679,0.5785108024691358,0.892554012345679,0.8194444444444444,0.7555555555555555,0.9444444444444444,0.8395061728395062,0.5785108024691358,0.5138888888888888,0.5084745762711864,0.8333333333333334,0.631578947368421,0.3518478495785606,212.93838739395144,0.6982874870300293,213.63667488098145,0train,LeaveOneGroupOut,cross_session,1,diva_ncp,BNCI2014_001,test_perturb,CrossSession,42,False,,0.001,,19.0,,,,,,,MotorImagery,,,,,,,,
gaussian,75.0,0.892554012345679,0.5646219135802469,0.892554012345679,0.8194444444444444,0.7555555555555555,0.9444444444444444,0.8395061728395062,0.5646219135802469,0.5138888888888888,0.5084745762711864,0.8333333333333334,0.631578947368421,0.3674086881348605,212.93838739395144,0.6985626220703125,213.63695001602173,0train,LeaveOneGroupOut,cross_session,1,diva_ncp,BNCI2014_001,test_perturb,CrossSession,42,False,,0.001,,19.0,,,,,,,MotorImagery,,,,,,,,
dropout,1.0,0.892554012345679,0.7912808641975309,0.892554012345679,0.8194444444444444,0.7555555555555555,0.9444444444444444,0.8395061728395062,0.7912808641975309,0.7430555555555556,0.7011494252873564,0.8472222222222222,0.7672955974842768,0.113464447806354,212.93838739395144,0.7112550735473633,213.6496424674988,0train,LeaveOneGroupOut,cross_session,1,diva_ncp,BNCI2014_001,test_perturb,CrossSession,42,False,,0.001,,19.0,,,,,,,MotorImagery,,,,,,,,
dropout,4.894736842105264,0.892554012345679,0.7912808641975309,0.892554012345679,0.8194444444444444,0.7555555555555555,0.9444444444444444,0.8395061728395062,0.7912808641975309,0.7430555555555556,0.7011494252873564,0.8472222222222222,0.7672955974842768,0.113464447806354,212.93838739395144,0.6867415904998779,213.6251289844513,0train,LeaveOneGroupOut,cross_session,1,diva_ncp,BNCI2014_001,test_perturb,CrossSession,42,False,,0.001,,19.0,,,,,,,MotorImagery,,,,,,,,
dropout,8.789473684210527,0.892554012345679,0.7912808641975309,0.892554012345679,0.8194444444444444,0.7555555555555555,0.9444444444444444,0.8395061728395062,0.7912808641975309,0.7430555555555556,0.7011494252873564,0.8472222222222222,0.7672955974842768,0.113464447806354,212.93838739395144,0.6134393215179443,213.55182671546936,0train,LeaveOneGroupOut,cross_session,1,diva_ncp,BNCI2014_001,test_perturb,CrossSession,42,False,,0.001,,19.0,,,,,,,MotorImagery,,,,,,,,
dropout,12.68421052631579,0.892554012345679,0.84741512345679,0.892554012345679,0.8194444444444444,0.7555555555555555,0.9444444444444444,0.8395061728395062,0.84741512345679,0.7708333333333334,0.7349397590361446,0.8472222222222222,0.7870967741935484,0.050572725307975,212.93838739395144,0.6786754131317139,213.61706280708316,0train,LeaveOneGroupOut,cross_session,1,diva_ncp,BNCI2014_001,test_perturb,CrossSession,42,False,,0.001,,19.0,,,,,,,MotorImagery,,,,,,,,
dropout,16.578947368421055,0.892554012345679,0.6674382716049384,0.892554012345679,0.8194444444444444,0.7555555555555555,0.9444444444444444,0.8395061728395062,0.6674382716049384,0.6736111111111112,0.6506024096385542,0.75,0.696774193548387,0.2522152582666953,212.93838739395144,0.69696044921875,213.63534784317017,0train,LeaveOneGroupOut,cross_session,1,diva_ncp,BNCI2014_001,test_perturb,CrossSession,42,False,,0.001,,19.0,,,,,,,MotorImagery,,,,,,,,
dropout,20.473684210526315,0.892554012345679,0.7098765432098766,0.892554012345679,0.8194444444444444,0.7555555555555555,0.9444444444444444,0.8395061728395062,0.7098765432098766,0.6388888888888888,0.6219512195121951,0.7083333333333334,0.6623376623376623,0.2046682515668899,212.93838739395144,0.6499412059783936,213.5883285999298,0train,LeaveOneGroupOut,cross_session,1,diva_ncp,BNCI2014_001,test_perturb,CrossSession,42,False,,0.001,,19.0,,,,,,,MotorImagery,,,,,,,,
dropout,24.36842105263158,0.892554012345679,0.7195216049382717,0.892554012345679,0.8194444444444444,0.7555555555555555,0.9444444444444444,0.8395061728395062,0.7195216049382717,0.6666666666666666,0.6666666666666666,0.6666666666666666,0.6666666666666666,0.1938621136805705,212.93838739395144,0.6239182949066162,213.56230568885803,0train,LeaveOneGroupOut,cross_session,1,diva_ncp,BNCI2014_001,test_perturb,CrossSession,42,False,,0.001,,19.0,,,,,,,MotorImagery,,,,,,,,
dropout,28.26315789473684,0.892554012345679,0.6236496913580246,0.892554012345679,0.8194444444444444,0.7555555555555555,0.9444444444444444,0.8395061728395062,0.6236496913580246,0.5694444444444444,0.5714285714285714,0.5555555555555556,0.5633802816901409,0.3012751242705858,212.93838739395144,0.5998120307922363,213.53819942474365,0train,LeaveOneGroupOut,cross_session,1,diva_ncp,BNCI2014_001,test_perturb,CrossSession,42,False,,0.001,,19.0,,,,,,,MotorImagery,,,,,,,,
dropout,32.15789473684211,0.892554012345679,0.6427469135802468,0.892554012345679,0.8194444444444444,0.7555555555555555,0.9444444444444444,0.8395061728395062,0.6427469135802468,0.5972222222222222,0.5921052631578947,0.625,0.6081081081081081,0.2798789712556733,212.93838739395144,0.709435224533081,213.6478226184845,0train,LeaveOneGroupOut,cross_session,1,diva_ncp,BNCI2014_001,test_perturb,CrossSession,42,False,,0.001,,19.0,,,,,,,MotorImagery,,,,,,,,
dropout,36.05263157894737,0.892554012345679,0.6427469135802468,0.892554012345679,0.8194444444444444,0.7555555555555555,0.9444444444444444,0.8395061728395062,0.6427469135802468,0.5972222222222222,0.5921052631578947,0.625,0.6081081081081081,0.2798789712556733,212.93838739395144,0.6870715618133545,213.6254589557648,0train,LeaveOneGroupOut,cross_session,1,diva_ncp,BNCI2014_001,test_perturb,CrossSession,42,False,,0.001,,19.0,,,,,,,MotorImagery,,,,,,,,
dropout,39.94736842105263,0.892554012345679,0.6134259259259259,0.892554012345679,0.8194444444444444,0.7555555555555555,0.9444444444444444,0.8395061728395062,0.6134259259259259,0.5833333333333334,0.5769230769230769,0.625,0.6,0.3127296304300843,212.93838739395144,0.6542305946350098,213.59261798858645,0train,LeaveOneGroupOut,cross_session,1,diva_ncp,BNCI2014_001,test_perturb,CrossSession,42,False,,0.001,,19.0,,,,,,,MotorImagery,,,,,,,,
dropout,43.8421052631579,0.892554012345679,0.5351080246913581,0.892554012345679,0.8194444444444444,0.7555555555555555,0.9444444444444444,0.8395061728395062,0.5351080246913581,0.5555555555555556,0.5555555555555556,0.5555555555555556,0.5555555555555556,0.4004754700669979,212.93838739395144,0.6612684726715088,213.59965586662287,0train,LeaveOneGroupOut,cross_session,1,diva_ncp,BNCI2014_001,test_perturb,CrossSession,42,False,,0.001,,19.0,,,,,,,MotorImagery,,,,,,,,
dropout,47.73684210526316,0.892554012345679,0.5619212962962963,0.892554012345679,0.8194444444444444,0.7555555555555555,0.9444444444444444,0.8395061728395062,0.5619212962962963,0.5555555555555556,0.5512820512820513,0.5972222222222222,0.5733333333333334,0.37043440674303,212.93838739395144,0.6781277656555176,213.61651515960693,0train,LeaveOneGroupOut,cross_session,1,diva_ncp,BNCI2014_001,test_perturb,CrossSession,42,False,,0.001,,19.0,,,,,,,MotorImagery,,,,,,,,
dropout,51.631578947368425,0.892554012345679,0.5081018518518519,0.892554012345679,0.8194444444444444,0.7555555555555555,0.9444444444444444,0.8395061728395062,0.5081018518518519,0.5416666666666666,0.5483870967741935,0.4722222222222222,0.5074626865671641,0.4307326561486924,212.93838739395144,0.6541149616241455,213.5925023555756,0train,LeaveOneGroupOut,cross_session,1,diva_ncp,BNCI2014_001,test_perturb,CrossSession,42,False,,0.001,,19.0,,,,,,,MotorImagery,,,,,,,,
dropout,55.526315789473685,0.892554012345679,0.5572916666666667,0.892554012345679,0.8194444444444444,0.7555555555555555,0.9444444444444444,0.8395061728395062,0.5572916666666667,0.5416666666666666,0.5365853658536586,0.6111111111111112,0.5714285714285715,0.3756213529284632,212.93838739395144,0.6419970989227295,213.58038449287412,0train,LeaveOneGroupOut,cross_session,1,diva_ncp,BNCI2014_001,test_perturb,CrossSession,42,False,,0.001,,19.0,,,,,,,MotorImagery,,,,,,,,
dropout,59.42105263157895,0.892554012345679,0.5426311728395061,0.892554012345679,0.8194444444444444,0.7555555555555555,0.9444444444444444,0.8395061728395062,0.5426311728395061,0.5486111111111112,0.5443037974683544,0.5972222222222222,0.5695364238410596,0.3920466825156689,212.93838739395144,0.6803395748138428,213.6187269687653,0train,LeaveOneGroupOut,cross_session,1,diva_ncp,BNCI2014_001,test_perturb,CrossSession,42,False,,0.001,,19.0,,,,,,,MotorImagery,,,,,,,,
dropout,63.31578947368421,0.892554012345679,0.5426311728395061,0.892554012345679,0.8194444444444444,0.7555555555555555,0.9444444444444444,0.8395061728395062,0.5426311728395061,0.5486111111111112,0.5443037974683544,0.5972222222222222,0.5695364238410596,0.3920466825156689,212.93838739395144,0.609246015548706,213.5476334095001,0train,LeaveOneGroupOut,cross_session,1,diva_ncp,BNCI2014_001,test_perturb,CrossSession,42,False,,0.001,,19.0,,,,,,,MotorImagery,,,,,,,,
dropout,67.21052631578948,0.892554012345679,0.5412808641975309,0.892554012345679,0.8194444444444444,0.7555555555555555,0.9444444444444444,0.8395061728395062,0.5412808641975309,0.5138888888888888,0.5142857142857142,0.5,0.5070422535211268,0.3935595418197536,212.93838739395144,0.628587007522583,213.566974401474,0train,LeaveOneGroupOut,cross_session,1,diva_ncp,BNCI2014_001,test_perturb,CrossSession,42,False,,0.001,,19.0,,,,,,,MotorImagery,,,,,,,,
dropout,71.10526315789474,0.892554012345679,0.5410879629629629,0.892554012345679,0.8194444444444444,0.7555555555555555,0.9444444444444444,0.8395061728395062,0.5410879629629629,0.5208333333333334,0.52,0.5416666666666666,0.5306122448979592,0.39377566457748,212.93838739395144,0.6781885623931885,213.6165759563446,0train,LeaveOneGroupOut,cross_session,1,diva_ncp,BNCI2014_001,test_perturb,CrossSession,42,False,,0.001,,19.0,,,,,,,MotorImagery,,,,,,,,
dropout,75.0,0.892554012345679,0.5044367283950617,0.892554012345679,0.8194444444444444,0.7555555555555555,0.9444444444444444,0.8395061728395062,0.5044367283950617,0.5069444444444444,0.5072463768115942,0.4861111111111111,0.4964539007092198,0.4348389885454938,212.93838739395144,0.6493644714355469,213.58775186538696,0train,LeaveOneGroupOut,cross_session,1,diva_ncp,BNCI2014_001,test_perturb,CrossSession,42,False,,0.001,,19.0,,,,,,,MotorImagery,,,,,,,,
eog,1.0,0.8933256172839507,0.894483024691358,0.8933256172839507,0.7777777777777778,0.696078431372549,0.9861111111111112,0.8160919540229885,0.894483024691358,0.7847222222222222,0.7029702970297029,0.9861111111111112,0.8208092485549132,-0.0012956164975166,194.68058371543884,0.6501462459564209,195.3307299613953,1test,LeaveOneGroupOut,cross_session,1,diva_ncp,BNCI2014_001,test_perturb,CrossSession,42,False,,0.001,,19.0,,,,,,,MotorImagery,,,,,,,,
eog,6.2105263157894735,0.8933256172839507,0.8580246913580247,0.8933256172839507,0.7777777777777778,0.696078431372549,0.9861111111111112,0.8160919540229885,0.8580246913580247,0.7569444444444444,0.6907216494845361,0.9305555555555556,0.7928994082840237,0.0395163031742604,194.68058371543884,0.5620994567871094,195.24268317222595,1test,LeaveOneGroupOut,cross_session,1,diva_ncp,BNCI2014_001,test_perturb,CrossSession,42,False,,0.001,,19.0,,,,,,,MotorImagery,,,,,,,,
eog,11.421052631578949,0.8933256172839507,0.8493441358024691,0.8933256172839507,0.7777777777777778,0.696078431372549,0.9861111111111112,0.8160919540229885,0.8493441358024691,0.7708333333333334,0.7191011235955056,0.8888888888888888,0.7950310559006211,0.0492334269056359,194.68058371543884,0.6450815200805664,195.3256652355194,1test,LeaveOneGroupOut,cross_session,1,diva_ncp,BNCI2014_001,test_perturb,CrossSession,42,False,,0.001,,19.0,,,,,,,MotorImagery,,,,,,,,
eog,16.63157894736842,0.8933256172839507,0.8038194444444443,0.8933256172839507,0.7777777777777778,0.696078431372549,0.9861111111111112,0.8160919540229885,0.8038194444444443,0.7361111111111112,0.6931818181818182,0.8472222222222222,0.7625000000000001,0.1001943424746277,194.68058371543884,0.7305397987365723,195.41112351417544,1test,LeaveOneGroupOut,cross_session,1,diva_ncp,BNCI2014_001,test_perturb,CrossSession,42,False,,0.001,,19.0,,,,,,,MotorImagery,,,,,,,,
eog,21.84210526315789,0.8933256172839507,0.8128858024691359,0.8933256172839507,0.7777777777777778,0.696078431372549,0.9861111111111112,0.8160919540229885,0.8128858024691359,0.7638888888888888,0.7317073170731707,0.8333333333333334,0.7792207792207793,0.090045346577413,194.68058371543884,0.6740128993988037,195.35459661483765,1test,LeaveOneGroupOut,cross_session,1,diva_ncp,BNCI2014_001,test_perturb,CrossSession,42,False,,0.001,,19.0,,,,,,,MotorImagery,,,,,,,,
eog,27.052631578947366,0.8933256172839507,0.7644675925925924,0.8933256172839507,0.7777777777777778,0.696078431372549,0.9861111111111112,0.8160919540229885,0.7644675925925924,0.7222222222222222,0.7105263157894737,0.75,0.7297297297297298,0.1442453033901967,194.68058371543884,0.7867698669433594,195.4673535823822,1test,LeaveOneGroupOut,cross_session,1,diva_ncp,BNCI2014_001,test_perturb,CrossSession,42,False,,0.001,,19.0,,,,,,,MotorImagery,,,,,,,,
eog,32.26315789473684,0.8933256172839507,0.8061342592592594,0.8933256172839507,0.7777777777777778,0.696078431372549,0.9861111111111112,0.8160919540229885,0.8061342592592594,0.75,0.7432432432432432,0.7638888888888888,0.7534246575342465,0.0976031094795939,194.68058371543884,0.8324894905090332,195.51307320594788,1test,LeaveOneGroupOut,cross_session,1,diva_ncp,BNCI2014_001,test_perturb,CrossSession,42,False,,0.001,,19.0,,,,,,,MotorImagery,,,,,,,,
eog,37.47368421052632,0.8933256172839507,0.7008101851851851,0.8933256172839507,0.7777777777777778,0.696078431372549,0.9861111111111112,0.8160919540229885,0.7008101851851851,0.6805555555555556,0.703125,0.625,0.6617647058823529,0.215504210753617,194.68058371543884,0.6968905925750732,195.37747430801392,1test,LeaveOneGroupOut,cross_session,1,diva_ncp,BNCI2014_001,test_perturb,CrossSession,42,False,,0.001,,19.0,,,,,,,MotorImagery,,,,,,,,
eog,42.68421052631579,0.8933256172839507,0.7183641975308641,0.8933256172839507,0.7777777777777778,0.696078431372549,0.9861111111111112,0.8160919540229885,0.7183641975308641,0.6597222222222222,0.6885245901639344,0.5833333333333334,0.631578947368421,0.1958540272079466,194.68058371543884,0.7282929420471191,195.408876657486,1test,LeaveOneGroupOut,cross_session,1,diva_ncp,BNCI2014_001,test_perturb,CrossSession,42,False,,0.001,,19.0,,,,,,,MotorImagery,,,,,,,,
eog,47.89473684210526,0.8933256172839507,0.7455632716049383,0.8933256172839507,0.7777777777777778,0.696078431372549,0.9861111111111112,0.8160919540229885,0.7455632716049383,0.6736111111111112,0.7049180327868853,0.5972222222222222,0.6466165413533835,0.1654070395163032,194.68058371543884,0.7147464752197266,195.39533019065857,1test,LeaveOneGroupOut,cross_session,1,diva_ncp,BNCI2014_001,test_perturb,CrossSession,42,False,,0.001,,19.0,,,,,,,MotorImagery,,,,,,,,
eog,53.10526315789473,0.8933256172839507,0.7854938271604938,0.8933256172839507,0.7777777777777778,0.696078431372549,0.9861111111111112,0.8160919540229885,0.7854938271604938,0.7152777777777778,0.7818181818181819,0.5972222222222222,0.6771653543307087,0.1207082703519759,194.68058371543884,0.7184133529663086,195.39899706840515,1test,LeaveOneGroupOut,cross_session,1,diva_ncp,BNCI2014_001,test_perturb,CrossSession,42,False,,0.001,,19.0,,,,,,,MotorImagery,,,,,,,,
eog,58.315789473684205,0.8933256172839507,0.7364969135802468,0.8933256172839507,0.7777777777777778,0.696078431372549,0.9861111111111112,0.8160919540229885,0.7364969135802468,0.6666666666666666,0.7307692307692307,0.5277777777777778,0.6129032258064515,0.1755560354135177,194.68058371543884,0.7000133991241455,195.380597114563,1test,LeaveOneGroupOut,cross_session,1,diva_ncp,BNCI2014_001,test_perturb,CrossSession,42,False,,0.001,,19.0,,,,,,,MotorImagery,,,,,,,,
eog,63.526315789473685,0.8933256172839507,0.779513888888889,0.8933256172839507,0.7777777777777778,0.696078431372549,0.9861111111111112,0.8160919540229885,0.779513888888889,0.6666666666666666,0.74,0.5138888888888888,0.6065573770491802,0.1274022889224789,194.68058371543884,0.7224304676055908,195.40301418304443,1test,LeaveOneGroupOut,cross_session,1,diva_ncp,BNCI2014_001,test_perturb,CrossSession,42,False,,0.001,,19.0,,,,,,,MotorImagery,,,,,,,,
eog,68.73684210526315,0.8933256172839507,0.8206018518518519,0.8933256172839507,0.7777777777777778,0.696078431372549,0.9861111111111112,0.8160919540229885,0.8206018518518519,0.6805555555555556,0.7954545454545454,0.4861111111111111,0.603448275862069,0.0814079032606348,194.68058371543884,0.7208690643310547,195.4014527797699,1test,LeaveOneGroupOut,cross_session,1,diva_ncp,BNCI2014_001,test_perturb,CrossSession,42,False,,0.001,,19.0,,,,,,,MotorImagery,,,,,,,,
eog,73.94736842105263,0.8933256172839507,0.7791280864197531,0.8933256172839507,0.7777777777777778,0.696078431372549,0.9861111111111112,0.8160919540229885,0.7791280864197531,0.6041666666666666,0.7586206896551724,0.3055555555555556,0.4356435643564357,0.1278341610883179,194.68058371543884,0.7224977016448975,195.4030814170837,1test,LeaveOneGroupOut,cross_session,1,diva_ncp,BNCI2014_001,test_perturb,CrossSession,42,False,,0.001,,19.0,,,,,,,MotorImagery,,,,,,,,
eog,79.1578947368421,0.8933256172839507,0.7395833333333333,0.8933256172839507,0.7777777777777778,0.696078431372549,0.9861111111111112,0.8160919540229885,0.7395833333333333,0.6111111111111112,0.8076923076923077,0.2916666666666667,0.4285714285714286,0.1721010580868064,194.68058371543884,0.7612419128417969,195.44182562828064,1test,LeaveOneGroupOut,cross_session,1,diva_ncp,BNCI2014_001,test_perturb,CrossSession,42,False,,0.001,,19.0,,,,,,,MotorImagery,,,,,,,,
eog,84.36842105263158,0.8933256172839507,0.8180941358024691,0.8933256172839507,0.7777777777777778,0.696078431372549,0.9861111111111112,0.8160919540229885,0.8180941358024691,0.6527777777777778,0.9583333333333334,0.3194444444444444,0.4791666666666667,0.0842150723385878,194.68058371543884,0.7888388633728027,195.46942257881165,1test,LeaveOneGroupOut,cross_session,1,diva_ncp,BNCI2014_001,test_perturb,CrossSession,42,False,,0.001,,19.0,,,,,,,MotorImagery,,,,,,,,
eog,89.57894736842105,0.8933256172839507,0.8113425925925926,0.8933256172839507,0.7777777777777778,0.696078431372549,0.9861111111111112,0.8160919540229885,0.8113425925925926,0.5694444444444444,0.8125,0.1805555555555555,0.2954545454545454,0.0917728352407688,194.68058371543884,0.8146495819091797,195.495233297348,1test,LeaveOneGroupOut,cross_session,1,diva_ncp,BNCI2014_001,test_perturb,CrossSession,42,False,,0.001,,19.0,,,,,,,MotorImagery,,,,,,,,
eog,94.78947368421052,0.8933256172839507,0.8472222222222222,0.8933256172839507,0.7777777777777778,0.696078431372549,0.9861111111111112,0.8160919540229885,0.8472222222222222,0.5833333333333334,0.9285714285714286,0.1805555555555555,0.3023255813953489,0.05160872381775,194.68058371543884,0.7511122226715088,195.43169593811035,1test,LeaveOneGroupOut,cross_session,1,diva_ncp,BNCI2014_001,test_perturb,CrossSession,42,False,,0.001,,19.0,,,,,,,MotorImagery,,,,,,,,
eog,100.0,0.8933256172839507,0.8831018518518519,0.8933256172839507,0.7777777777777778,0.696078431372549,0.9861111111111112,0.8160919540229885,0.8831018518518519,0.5763888888888888,1.0,0.1527777777777778,0.2650602409638554,0.0114446123947311,194.68058371543884,0.7554259300231934,195.43600964546204,1test,LeaveOneGroupOut,cross_session,1,diva_ncp,BNCI2014_001,test_perturb,CrossSession,42,False,,0.001,,19.0,,,,,,,MotorImagery,,,,,,,,
gaussian,1.0,0.8933256172839507,0.8933256172839507,0.8933256172839507,0.7777777777777778,0.696078431372549,0.9861111111111112,0.8160919540229885,0.8933256172839507,0.7777777777777778,0.696078431372549,0.9861111111111112,0.8160919540229885,0.0,194.68058371543884,0.7925639152526855,195.47314763069156,1test,LeaveOneGroupOut,cross_session,1,diva_ncp,BNCI2014_001,test_perturb,CrossSession,42,False,,0.001,,19.0,,,,,,,MotorImagery,,,,,,,,
gaussian,4.894736842105264,0.8933256172839507,0.892746913580247,0.8933256172839507,0.7777777777777778,0.696078431372549,0.9861111111111112,0.8160919540229885,0.892746913580247,0.7708333333333334,0.6893203883495146,0.9861111111111112,0.8114285714285714,0.0006478082487582,194.68058371543884,0.757007360458374,195.4375910758972,1test,LeaveOneGroupOut,cross_session,1,diva_ncp,BNCI2014_001,test_perturb,CrossSession,42,False,,0.001,,19.0,,,,,,,MotorImagery,,,,,,,,
gaussian,8.789473684210527,0.8933256172839507,0.8923611111111112,0.8933256172839507,0.7777777777777778,0.696078431372549,0.9861111111111112,0.8160919540229885,0.8923611111111112,0.7777777777777778,0.696078431372549,0.9861111111111112,0.8160919540229885,0.0010796804145972,194.68058371543884,0.7552287578582764,195.43581247329712,1test,LeaveOneGroupOut,cross_session,1,diva_ncp,BNCI2014_001,test_perturb,CrossSession,42,False,,0.001,,19.0,,,,,,,MotorImagery,,,,,,,,
gaussian,12.68421052631579,0.8933256172839507,0.8840663580246914,0.8933256172839507,0.7777777777777778,0.696078431372549,0.9861111111111112,0.8160919540229885,0.8840663580246914,0.7638888888888888,0.6826923076923077,0.9861111111111112,0.8068181818181818,0.0103649319801339,194.68058371543884,0.7226545810699463,195.4032382965088,1test,LeaveOneGroupOut,cross_session,1,diva_ncp,BNCI2014_001,test_perturb,CrossSession,42,False,,0.001,,19.0,,,,,,,MotorImagery,,,,,,,,
gaussian,16.578947368421055,0.8933256172839507,0.8483796296296297,0.8933256172839507,0.7777777777777778,0.696078431372549,0.9861111111111112,0.8160919540229885,0.8483796296296297,0.7569444444444444,0.6796116504854369,0.9722222222222222,0.8,0.0503131073202332,194.68058371543884,0.7400758266448975,195.4206595420837,1test,LeaveOneGroupOut,cross_session,1,diva_ncp,BNCI2014_001,test_perturb,CrossSession,42,False,,0.001,,19.0,,,,,,,MotorImagery,,,,,,,,
gaussian,20.473684210526315,0.8933256172839507,0.8391203703703703,0.8933256172839507,0.7777777777777778,0.696078431372549,0.9861111111111112,0.8160919540229885,0.8391203703703703,0.7847222222222222,0.7303370786516854,0.9027777777777778,0.8074534161490682,0.0606780393003671,194.68058371543884,0.7398810386657715,195.4204647541046,1test,LeaveOneGroupOut,cross_session,1,diva_ncp,BNCI2014_001,test_perturb,CrossSession,42,False,,0.001,,19.0,,,,,,,MotorImagery,,,,,,,,
gaussian,24.36842105263158,0.8933256172839507,0.8119212962962963,0.8933256172839507,0.7777777777777778,0.696078431372549,0.9861111111111112,0.8160919540229885,0.8119212962962963,0.7708333333333334,0.7241379310344828,0.875,0.7924528301886793,0.0911250269920104,194.68058371543884,0.7448904514312744,195.4254741668701,1test,LeaveOneGroupOut,cross_session,1,diva_ncp,BNCI2014_001,test_perturb,CrossSession,42,False,,0.001,,19.0,,,,,,,MotorImagery,,,,,,,,
gaussian,28.26315789473684,0.8933256172839507,0.7988040123456791,0.8933256172839507,0.7777777777777778,0.696078431372549,0.9861111111111112,0.8160919540229885,0.7988040123456791,0.6875,0.6708860759493671,0.7361111111111112,0.7019867549668874,0.1058086806305333,194.68058371543884,0.7833781242370605,195.4639618396759,1test,LeaveOneGroupOut,cross_session,1,diva_ncp,BNCI2014_001,test_perturb,CrossSession,42,False,,0.001,,19.0,,,,,,,MotorImagery,,,,,,,,
gaussian,32.15789473684211,0.8933256172839507,0.8263888888888888,0.8933256172839507,0.7777777777777778,0.696078431372549,0.9861111111111112,0.8160919540229885,0.8263888888888888,0.7847222222222222,0.7662337662337663,0.8194444444444444,0.7919463087248323,0.0749298207730512,194.68058371543884,0.7294728755950928,195.41005659103396,1test,LeaveOneGroupOut,cross_session,1,diva_ncp,BNCI2014_001,test_perturb,CrossSession,42,False,,0.001,,19.0,,,,,,,MotorImagery,,,,,,,,
gaussian,36.05263157894737,0.8933256172839507,0.6533564814814815,0.8933256172839507,0.7777777777777778,0.696078431372549,0.9861111111111112,0.8160919540229885,0.6533564814814815,0.6527777777777778,0.6447368421052632,0.6805555555555556,0.6621621621621623,0.2686244871518031,194.68058371543884,0.7715826034545898,195.45216631889343,1test,LeaveOneGroupOut,cross_session,1,diva_ncp,BNCI2014_001,test_perturb,CrossSession,42,False,,0.001,,19.0,,,,,,,MotorImagery,,,,,,,,
gaussian,39.94736842105263,0.8933256172839507,0.6734182098765433,0.8933256172839507,0.7777777777777778,0.696078431372549,0.9861111111111112,0.8160919540229885,0.6734182098765433,0.625,0.6551724137931034,0.5277777777777778,0.5846153846153845,0.2461671345281795,194.68058371543884,0.7694525718688965,195.4500362873077,1test,LeaveOneGroupOut,cross_session,1,diva_ncp,BNCI2014_001,test_perturb,CrossSession,42,False,,0.001,,19.0,,,,,,,MotorImagery,,,,,,,,
gaussian,43.8421052631579,0.8933256172839507,0.6236496913580248,0.8933256172839507,0.7777777777777778,0.696078431372549,0.9861111111111112,0.8160919540229885,0.6236496913580248,0.5486111111111112,0.5614035087719298,0.4444444444444444,0.4961240310077519,0.3018786439213991,194.68058371543884,0.7625892162322998,195.44317293167117,1test,LeaveOneGroupOut,cross_session,1,diva_ncp,BNCI2014_001,test_perturb,CrossSession,42,False,,0.001,,19.0,,,,,,,MotorImagery,,,,,,,,
gaussian,47.73684210526316,0.8933256172839507,0.6579861111111112,0.8933256172839507,0.7777777777777778,0.696078431372549,0.9861111111111112,0.8160919540229885,0.6579861111111112,0.5972222222222222,0.675,0.375,0.4821428571428572,0.2634420211617361,194.68058371543884,0.7443161010742188,195.42489981651303,1test,LeaveOneGroupOut,cross_session,1,diva_ncp,BNCI2014_001,test_perturb,CrossSession,42,False,,0.001,,19.0,,,,,,,MotorImagery,,,,,,,,
gaussian,51.631578947368425,0.8933256172839507,0.6419753086419753,0.8933256172839507,0.7777777777777778,0.696078431372549,0.9861111111111112,0.8160919540229885,0.6419753086419753,0.5972222222222222,0.675,0.375,0.4821428571428572,0.281364716044051,194.68058371543884,0.7481160163879395,195.4286997318268,1test,LeaveOneGroupOut,cross_session,1,diva_ncp,BNCI2014_001,test_perturb,CrossSession,42,False,,0.001,,19.0,,,,,,,MotorImagery,,,,,,,,
gaussian,55.526315789473685,0.8933256172839507,0.5285493827160493,0.8933256172839507,0.7777777777777778,0.696078431372549,0.9861111111111112,0.8160919540229885,0.5285493827160493,0.5625,0.5882352941176471,0.4166666666666667,0.4878048780487805,0.408335132800691,194.68058371543884,0.7420814037322998,195.42266511917117,1test,LeaveOneGroupOut,cross_session,1,diva_ncp,BNCI2014_001,test_perturb,CrossSession,42,False,,0.001,,19.0,,,,,,,MotorImagery,,,,,,,,
gaussian,59.42105263157895,0.8933256172839507,0.6371527777777778,0.8933256172839507,0.7777777777777778,0.696078431372549,0.9861111111111112,0.8160919540229885,0.6371527777777778,0.5902777777777778,0.6511627906976745,0.3888888888888889,0.4869565217391305,0.2867631181170373,194.68058371543884,0.749260425567627,195.42984414100647,1test,LeaveOneGroupOut,cross_session,1,diva_ncp,BNCI2014_001,test_perturb,CrossSession,42,False,,0.001,,19.0,,,,,,,MotorImagery,,,,,,,,
gaussian,63.31578947368421,0.8933256172839507,0.53125,0.8933256172839507,0.7777777777777778,0.696078431372549,0.9861111111111112,0.8160919540229885,0.53125,0.5347222222222222,0.5714285714285714,0.2777777777777778,0.3738317757009345,0.4053120276398186,194.68058371543884,0.7687163352966309,195.44930005073547,1test,LeaveOneGroupOut,cross_session,1,diva_ncp,BNCI2014_001,test_perturb,CrossSession,42,False,,0.001,,19.0,,,,,,,MotorImagery,,,,,,,,
gaussian,67.21052631578948,0.8933256172839507,0.5792824074074074,0.8933256172839507,0.7777777777777778,0.696078431372549,0.9861111111111112,0.8160919540229885,0.5792824074074074,0.5902777777777778,0.696969696969697,0.3194444444444444,0.4380952380952381,0.3515439429928741,194.68058371543884,0.7571454048156738,195.4377291202545,1test,LeaveOneGroupOut,cross_session,1,diva_ncp,BNCI2014_001,test_perturb,CrossSession,42,False,,0.001,,19.0,,,,,,,MotorImagery,,,,,,,,
gaussian,71.10526315789474,0.8933256172839507,0.5306712962962964,0.8933256172839507,0.7777777777777778,0.696078431372549,0.9861111111111112,0.8160919540229885,0.5306712962962964,0.4930555555555556,0.4814814814814814,0.1805555555555555,0.2626262626262626,0.4059598358885769,194.68058371543884,0.7241644859313965,195.40474820137024,1test,LeaveOneGroupOut,cross_session,1,diva_ncp,BNCI2014_001,test_perturb,CrossSession,42,False,,0.001,,19.0,,,,,,,MotorImagery,,,,,,,,
gaussian,75.0,0.8933256172839507,0.5262345679012346,0.8933256172839507,0.7777777777777778,0.696078431372549,0.9861111111111112,0.8160919540229885,0.5262345679012346,0.5,0.5,0.1944444444444444,0.28,0.4109263657957245,194.68058371543884,0.7563581466674805,195.43694186210632,1test,LeaveOneGroupOut,cross_session,1,diva_ncp,BNCI2014_001,test_perturb,CrossSession,42,False,,0.001,,19.0,,,,,,,MotorImagery,,,,,,,,
dropout,1.0,0.8933256172839507,0.8458719135802469,0.8933256172839507,0.7777777777777778,0.696078431372549,0.9861111111111112,0.8160919540229885,0.8458719135802469,0.7569444444444444,0.7078651685393258,0.875,0.782608695652174,0.0531202763981861,194.68058371543884,0.7497546672821045,195.43033838272092,1test,LeaveOneGroupOut,cross_session,1,diva_ncp,BNCI2014_001,test_perturb,CrossSession,42,False,,0.001,,19.0,,,,,,,MotorImagery,,,,,,,,
dropout,4.894736842105264,0.8933256172839507,0.8458719135802469,0.8933256172839507,0.7777777777777778,0.696078431372549,0.9861111111111112,0.8160919540229885,0.8458719135802469,0.7569444444444444,0.7078651685393258,0.875,0.782608695652174,0.0531202763981861,194.68058371543884,0.7320928573608398,195.41267657279968,1test,LeaveOneGroupOut,cross_session,1,diva_ncp,BNCI2014_001,test_perturb,CrossSession,42,False,,0.001,,19.0,,,,,,,MotorImagery,,,,,,,,
dropout,8.789473684210527,0.8933256172839507,0.8458719135802469,0.8933256172839507,0.7777777777777778,0.696078431372549,0.9861111111111112,0.8160919540229885,0.8458719135802469,0.7569444444444444,0.7078651685393258,0.875,0.782608695652174,0.0531202763981861,194.68058371543884,0.7229235172271729,195.403507232666,1test,LeaveOneGroupOut,cross_session,1,diva_ncp,BNCI2014_001,test_perturb,CrossSession,42,False,,0.001,,19.0,,,,,,,MotorImagery,,,,,,,,
dropout,12.68421052631579,0.8933256172839507,0.7679398148148148,0.8933256172839507,0.7777777777777778,0.696078431372549,0.9861111111111112,0.8160919540229885,0.7679398148148148,0.7152777777777778,0.6703296703296703,0.8472222222222222,0.7484662576687117,0.1403584538976464,194.68058371543884,0.7343218326568604,195.4149055480957,1test,LeaveOneGroupOut,cross_session,1,diva_ncp,BNCI2014_001,test_perturb,CrossSession,42,False,,0.001,,19.0,,,,,,,MotorImagery,,,,,,,,
dropout,16.578947368421055,0.8933256172839507,0.7420910493827161,0.8933256172839507,0.7777777777777778,0.696078431372549,0.9861111111111112,0.8160919540229885,0.7420910493827161,0.7083333333333334,0.6744186046511628,0.8055555555555556,0.7341772151898734,0.1692938890088533,194.68058371543884,0.7280027866363525,195.4085865020752,1test,LeaveOneGroupOut,cross_session,1,diva_ncp,BNCI2014_001,test_perturb,CrossSession,42,False,,0.001,,19.0,,,,,,,MotorImagery,,,,,,,,
dropout,20.473684210526315,0.8933256172839507,0.7405478395061729,0.8933256172839507,0.7777777777777778,0.696078431372549,0.9861111111111112,0.8160919540229885,0.7405478395061729,0.6875,0.68,0.7083333333333334,0.6938775510204083,0.171021377672209,194.68058371543884,0.7261464595794678,195.4067301750183,1test,LeaveOneGroupOut,cross_session,1,diva_ncp,BNCI2014_001,test_perturb,CrossSession,42,False,,0.001,,19.0,,,,,,,MotorImagery,,,,,,,,
dropout,24.36842105263158,0.8933256172839507,0.6712962962962963,0.8933256172839507,0.7777777777777778,0.696078431372549,0.9861111111111112,0.8160919540229885,0.6712962962962963,0.6319444444444444,0.6376811594202898,0.6111111111111112,0.624113475177305,0.2485424314402937,194.68058371543884,0.7132880687713623,195.3938717842102,1test,LeaveOneGroupOut,cross_session,1,diva_ncp,BNCI2014_001,test_perturb,CrossSession,42,False,,0.001,,19.0,,,,,,,MotorImagery,,,,,,,,
dropout,28.26315789473684,0.8933256172839507,0.71875,0.8933256172839507,0.7777777777777778,0.696078431372549,0.9861111111111112,0.8160919540229885,0.71875,0.6388888888888888,0.6666666666666666,0.5555555555555556,0.606060606060606,0.1954221550421075,194.68058371543884,0.723447322845459,195.4040310382843,1test,LeaveOneGroupOut,cross_session,1,diva_ncp,BNCI2014_001,test_perturb,CrossSession,42,False,,0.001,,19.0,,,,,,,MotorImagery,,,,,,,,
dropout,32.15789473684211,0.8933256172839507,0.6618441358024691,0.8933256172839507,0.7777777777777778,0.696078431372549,0.9861111111111112,0.8160919540229885,0.6618441358024691,0.6388888888888888,0.6388888888888888,0.6388888888888888,0.6388888888888888,0.259123299503347,194.68058371543884,0.7238926887512207,195.4044764041901,1test,LeaveOneGroupOut,cross_session,1,diva_ncp,BNCI2014_001,test_perturb,CrossSession,42,False,,0.001,,19.0,,,,,,,MotorImagery,,,,,,,,
dropout,36.05263157894737,0.8933256172839507,0.6618441358024691,0.8933256172839507,0.7777777777777778,0.696078431372549,0.9861111111111112,0.8160919540229885,0.6618441358024691,0.6388888888888888,0.6388888888888888,0.6388888888888888,0.6388888888888888,0.259123299503347,194.68058371543884,0.6987066268920898,195.37929034233093,1test,LeaveOneGroupOut,cross_session,1,diva_ncp,BNCI2014_001,test_perturb,CrossSession,42,False,,0.001,,19.0,,,,,,,MotorImagery,,,,,,,,
dropout,39.94736842105263,0.8933256172839507,0.6028163580246915,0.8933256172839507,0.7777777777777778,0.696078431372549,0.9861111111111112,0.8160919540229885,0.6028163580246915,0.5972222222222222,0.6129032258064516,0.5277777777777778,0.5671641791044777,0.3251997408767004,194.68058371543884,0.7189230918884277,195.39950680732727,1test,LeaveOneGroupOut,cross_session,1,diva_ncp,BNCI2014_001,test_perturb,CrossSession,42,False,,0.001,,19.0,,,,,,,MotorImagery,,,,,,,,
dropout,43.8421052631579,0.8933256172839507,0.6174768518518519,0.8933256172839507,0.7777777777777778,0.696078431372549,0.9861111111111112,0.8160919540229885,0.6174768518518519,0.5763888888888888,0.6,0.4583333333333333,0.5196850393700787,0.3087885985748219,194.68058371543884,0.7394974231719971,195.42008113861084,1test,LeaveOneGroupOut,cross_session,1,diva_ncp,BNCI2014_001,test_perturb,CrossSession,42,False,,0.001,,19.0,,,,,,,MotorImagery,,,,,,,,
dropout,47.73684210526316,0.8933256172839507,0.5270061728395061,0.8933256172839507,0.7777777777777778,0.696078431372549,0.9861111111111112,0.8160919540229885,0.5270061728395061,0.5625,0.5849056603773585,0.4305555555555556,0.496,0.4100626214640467,194.68058371543884,0.7219524383544922,195.4025361537933,1test,LeaveOneGroupOut,cross_session,1,diva_ncp,BNCI2014_001,test_perturb,CrossSession,42,False,,0.001,,19.0,,,,,,,MotorImagery,,,,,,,,
dropout,51.631578947368425,0.8933256172839507,0.5381944444444444,0.8933256172839507,0.7777777777777778,0.696078431372549,0.9861111111111112,0.8160919540229885,0.5381944444444444,0.5069444444444444,0.5135135135135135,0.2638888888888889,0.3486238532110091,0.3975383286547183,194.68058371543884,0.7306735515594482,195.4112572669983,1test,LeaveOneGroupOut,cross_session,1,diva_ncp,BNCI2014_001,test_perturb,CrossSession,42,False,,0.001,,19.0,,,,,,,MotorImagery,,,,,,,,
dropout,55.526315789473685,0.8933256172839507,0.6111111111111112,0.8933256172839507,0.7777777777777778,0.696078431372549,0.9861111111111112,0.8160919540229885,0.6111111111111112,0.5902777777777778,0.6666666666666666,0.3611111111111111,0.4684684684684685,0.3159144893111639,194.68058371543884,0.727180004119873,195.40776371955872,1test,LeaveOneGroupOut,cross_session,1,diva_ncp,BNCI2014_001,test_perturb,CrossSession,42,False,,0.001,,19.0,,,,,,,MotorImagery,,,,,,,,
dropout,59.42105263157895,0.8933256172839507,0.6346450617283951,0.8933256172839507,0.7777777777777778,0.696078431372549,0.9861111111111112,0.8160919540229885,0.6346450617283951,0.5902777777777778,0.6382978723404256,0.4166666666666667,0.504201680672269,0.2895702871949903,194.68058371543884,0.7119419574737549,195.3925256729126,1test,LeaveOneGroupOut,cross_session,1,diva_ncp,BNCI2014_001,test_perturb,CrossSession,42,False,,0.001,,19.0,,,,,,,MotorImagery,,,,,,,,
dropout,63.31578947368421,0.8933256172839507,0.6346450617283951,0.8933256172839507,0.7777777777777778,0.696078431372549,0.9861111111111112,0.8160919540229885,0.6346450617283951,0.5902777777777778,0.6382978723404256,0.4166666666666667,0.504201680672269,0.2895702871949903,194.68058371543884,0.7086751461029053,195.38925886154172,1test,LeaveOneGroupOut,cross_session,1,diva_ncp,BNCI2014_001,test_perturb,CrossSession,42,False,,0.001,,19.0,,,,,,,MotorImagery,,,,,,,,
dropout,67.21052631578948,0.8933256172839507,0.5368441358024691,0.8933256172839507,0.7777777777777778,0.696078431372549,0.9861111111111112,0.8160919540229885,0.5368441358024691,0.5138888888888888,0.5217391304347826,0.3333333333333333,0.4067796610169491,0.3990498812351544,194.68058371543884,0.7208447456359863,195.40142846107483,1test,LeaveOneGroupOut,cross_session,1,diva_ncp,BNCI2014_001,test_perturb,CrossSession,42,False,,0.001,,19.0,,,,,,,MotorImagery,,,,,,,,
dropout,71.10526315789474,0.8933256172839507,0.5414737654320988,0.8933256172839507,0.7777777777777778,0.696078431372549,0.9861111111111112,0.8160919540229885,0.5414737654320988,0.5277777777777778,0.5625,0.25,0.3461538461538461,0.3938674152450874,194.68058371543884,0.7195925712585449,195.4001762866974,1test,LeaveOneGroupOut,cross_session,1,diva_ncp,BNCI2014_001,test_perturb,CrossSession,42,False,,0.001,,19.0,,,,,,,MotorImagery,,,,,,,,
dropout,75.0,0.8933256172839507,0.5466820987654321,0.8933256172839507,0.7777777777777778,0.696078431372549,0.9861111111111112,0.8160919540229885,0.5466820987654321,0.5763888888888888,0.7037037037037037,0.2638888888888889,0.3838383838383838,0.3880371410062622,194.68058371543884,0.7195725440979004,195.40015625953677,1test,LeaveOneGroupOut,cross_session,1,diva_ncp,BNCI2014_001,test_perturb,CrossSession,42,False,,0.001,,19.0,,,,,,,MotorImagery,,,,,,,,
eog,1.0,0.7525077160493827,0.7411265432098766,0.7525077160493827,0.5694444444444444,0.5373134328358209,1.0,0.6990291262135923,0.7411265432098766,0.5694444444444444,0.5373134328358209,1.0,0.6990291262135923,0.0151243270956164,25.807840585708615,0.1539804935455322,25.96182107925415,0train,LeaveOneGroupOut,cross_session,1,eegnet,BNCI2014_001,test_perturb,CrossSession,42,False,64.0,0.001,,,,,,,,,MotorImagery,,,,,,,,
eog,6.2105263157894735,0.7525077160493827,0.7530864197530864,0.7525077160493827,0.5694444444444444,0.5373134328358209,1.0,0.6990291262135923,0.7530864197530864,0.5625,0.5343511450381679,0.9722222222222222,0.6896551724137931,-0.000769033581133,25.807840585708615,0.1512701511383056,25.959110736846924,0train,LeaveOneGroupOut,cross_session,1,eegnet,BNCI2014_001,test_perturb,CrossSession,42,False,64.0,0.001,,,,,,,,,MotorImagery,,,,,,,,
eog,11.421052631578949,0.7525077160493827,0.7307098765432098,0.7525077160493827,0.5694444444444444,0.5373134328358209,1.0,0.6990291262135923,0.7307098765432098,0.5625,0.5348837209302325,0.9583333333333334,0.6865671641791045,0.0289669315560113,25.807840585708615,0.1480247974395752,25.955865383148197,0train,LeaveOneGroupOut,cross_session,1,eegnet,BNCI2014_001,test_perturb,CrossSession,42,False,64.0,0.001,,,,,,,,,MotorImagery,,,,,,,,
eog,16.63157894736842,0.7525077160493827,0.7114197530864197,0.7525077160493827,0.5694444444444444,0.5373134328358209,1.0,0.6990291262135923,0.7114197530864197,0.5486111111111112,0.5271317829457365,0.9444444444444444,0.6766169154228856,0.0546013842604461,25.807840585708615,0.150346040725708,25.95818662643433,0train,LeaveOneGroupOut,cross_session,1,eegnet,BNCI2014_001,test_perturb,CrossSession,42,False,64.0,0.001,,,,,,,,,MotorImagery,,,,,,,,
eog,21.84210526315789,0.7525077160493827,0.6655092592592592,0.7525077160493827,0.5694444444444444,0.5373134328358209,1.0,0.6990291262135923,0.6655092592592592,0.5555555555555556,0.53125,0.9444444444444444,0.6799999999999999,0.1156113816970008,25.807840585708615,0.1406323909759521,25.94847297668457,0train,LeaveOneGroupOut,cross_session,1,eegnet,BNCI2014_001,test_perturb,CrossSession,42,False,64.0,0.001,,,,,,,,,MotorImagery,,,,,,,,
eog,27.052631578947366,0.7525077160493827,0.6521990740740741,0.7525077160493827,0.5694444444444444,0.5373134328358209,1.0,0.6990291262135923,0.6521990740740741,0.5069444444444444,0.5042735042735043,0.8194444444444444,0.6243386243386243,0.1332991540630607,25.807840585708615,0.1509528160095214,25.95879340171814,0train,LeaveOneGroupOut,cross_session,1,eegnet,BNCI2014_001,test_perturb,CrossSession,42,False,64.0,0.001,,,,,,,,,MotorImagery,,,,,,,,
eog,32.26315789473684,0.7525077160493827,0.6844135802469136,0.7525077160493827,0.5694444444444444,0.5373134328358209,1.0,0.6990291262135923,0.6844135802469136,0.5763888888888888,0.5447154471544715,0.9305555555555556,0.6871794871794872,0.0904896180466547,25.807840585708615,0.1610498428344726,25.96889042854309,0train,LeaveOneGroupOut,cross_session,1,eegnet,BNCI2014_001,test_perturb,CrossSession,42,False,64.0,0.001,,,,,,,,,MotorImagery,,,,,,,,
eog,37.47368421052632,0.7525077160493827,0.6363811728395062,0.7525077160493827,0.5694444444444444,0.5373134328358209,1.0,0.6990291262135923,0.6363811728395062,0.5902777777777778,0.5565217391304348,0.8888888888888888,0.6844919786096257,0.1543194052806971,25.807840585708615,0.1476655006408691,25.955506086349487,0train,LeaveOneGroupOut,cross_session,1,eegnet,BNCI2014_001,test_perturb,CrossSession,42,False,64.0,0.001,,,,,,,,,MotorImagery,,,,,,,,
eog,42.68421052631579,0.7525077160493827,0.6373456790123457,0.7525077160493827,0.5694444444444444,0.5373134328358209,1.0,0.6990291262135923,0.6373456790123457,0.5416666666666666,0.5263157894736842,0.8333333333333334,0.6451612903225806,0.1530376826454754,25.807840585708615,0.1468062400817871,25.954646825790405,0train,LeaveOneGroupOut,cross_session,1,eegnet,BNCI2014_001,test_perturb,CrossSession,42,False,64.0,0.001,,,,,,,,,MotorImagery,,,,,,,,
eog,47.89473684210526,0.7525077160493827,0.657986111111111,0.7525077160493827,0.5694444444444444,0.5373134328358209,1.0,0.6990291262135923,0.657986111111111,0.5694444444444444,0.5431034482758621,0.875,0.6702127659574468,0.1256088182517304,25.807840585708615,0.1428117752075195,25.950652360916138,0train,LeaveOneGroupOut,cross_session,1,eegnet,BNCI2014_001,test_perturb,CrossSession,42,False,64.0,0.001,,,,,,,,,MotorImagery,,,,,,,,
eog,53.10526315789473,0.7525077160493827,0.5798611111111112,0.7525077160493827,0.5694444444444444,0.5373134328358209,1.0,0.6990291262135923,0.5798611111111112,0.5347222222222222,0.5210084033613446,0.8611111111111112,0.649214659685864,0.229428351704691,25.807840585708615,0.1470558643341064,25.954896450042725,0train,LeaveOneGroupOut,cross_session,1,eegnet,BNCI2014_001,test_perturb,CrossSession,42,False,64.0,0.001,,,,,,,,,MotorImagery,,,,,,,,
eog,58.315789473684205,0.7525077160493827,0.6610725308641976,0.7525077160493827,0.5694444444444444,0.5373134328358209,1.0,0.6990291262135923,0.6610725308641976,0.5972222222222222,0.5625,0.875,0.6847826086956522,0.1215073058190206,25.807840585708615,0.1502623558044433,25.95810294151306,0train,LeaveOneGroupOut,cross_session,1,eegnet,BNCI2014_001,test_perturb,CrossSession,42,False,64.0,0.001,,,,,,,,,MotorImagery,,,,,,,,
eog,63.526315789473685,0.7525077160493827,0.6010802469135802,0.7525077160493827,0.5694444444444444,0.5373134328358209,1.0,0.6990291262135923,0.6010802469135802,0.5416666666666666,0.5288461538461539,0.7638888888888888,0.6250000000000001,0.2012304537298129,25.807840585708615,0.1596612930297851,25.967501878738403,0train,LeaveOneGroupOut,cross_session,1,eegnet,BNCI2014_001,test_perturb,CrossSession,42,False,64.0,0.001,,,,,,,,,MotorImagery,,,,,,,,
eog,68.73684210526315,0.7525077160493827,0.6124614197530864,0.7525077160493827,0.5694444444444444,0.5373134328358209,1.0,0.6990291262135923,0.6124614197530864,0.5763888888888888,0.5495495495495496,0.8472222222222222,0.6666666666666666,0.1861061266341963,25.807840585708615,0.1490571498870849,25.956897735595703,0train,LeaveOneGroupOut,cross_session,1,eegnet,BNCI2014_001,test_perturb,CrossSession,42,False,64.0,0.001,,,,,,,,,MotorImagery,,,,,,,,
eog,73.94736842105263,0.7525077160493827,0.6213348765432098,0.7525077160493827,0.5694444444444444,0.5373134328358209,1.0,0.6990291262135923,0.6213348765432098,0.5625,0.5420560747663551,0.8055555555555556,0.64804469273743,0.1743142783901564,25.807840585708615,0.1380312442779541,25.94587182998657,0train,LeaveOneGroupOut,cross_session,1,eegnet,BNCI2014_001,test_perturb,CrossSession,42,False,64.0,0.001,,,,,,,,,MotorImagery,,,,,,,,
eog,79.1578947368421,0.7525077160493827,0.6302083333333334,0.7525077160493827,0.5694444444444444,0.5373134328358209,1.0,0.6990291262135923,0.6302083333333334,0.5555555555555556,0.5392156862745098,0.7638888888888888,0.632183908045977,0.1625224301461163,25.807840585708615,0.1381285190582275,25.94596910476685,0train,LeaveOneGroupOut,cross_session,1,eegnet,BNCI2014_001,test_perturb,CrossSession,42,False,64.0,0.001,,,,,,,,,MotorImagery,,,,,,,,
eog,84.36842105263158,0.7525077160493827,0.5684799382716049,0.7525077160493827,0.5694444444444444,0.5373134328358209,1.0,0.6990291262135923,0.5684799382716049,0.4861111111111111,0.49,0.6805555555555556,0.5697674418604651,0.2445526788003076,25.807840585708615,0.1481280326843261,25.955968618392944,0train,LeaveOneGroupOut,cross_session,1,eegnet,BNCI2014_001,test_perturb,CrossSession,42,False,64.0,0.001,,,,,,,,,MotorImagery,,,,,,,,
eog,89.57894736842105,0.7525077160493827,0.5833333333333334,0.7525077160493827,0.5694444444444444,0.5373134328358209,1.0,0.6990291262135923,0.5833333333333334,0.5555555555555556,0.5425531914893617,0.7083333333333334,0.6144578313253012,0.2248141502178928,25.807840585708615,0.1568188667297363,25.964659452438354,0train,LeaveOneGroupOut,cross_session,1,eegnet,BNCI2014_001,test_perturb,CrossSession,42,False,64.0,0.001,,,,,,,,,MotorImagery,,,,,,,,
eog,94.78947368421052,0.7525077160493827,0.6033950617283951,0.7525077160493827,0.5694444444444444,0.5373134328358209,1.0,0.6990291262135923,0.6033950617283951,0.5416666666666666,0.5283018867924528,0.7777777777777778,0.6292134831460674,0.1981543194052806,25.807840585708615,0.1355528831481933,25.94339346885681,0train,LeaveOneGroupOut,cross_session,1,eegnet,BNCI2014_001,test_perturb,CrossSession,42,False,64.0,0.001,,,,,,,,,MotorImagery,,,,,,,,
eog,100.0,0.7525077160493827,0.5281635802469136,0.7525077160493827,0.5694444444444444,0.5373134328358209,1.0,0.6990291262135923,0.5281635802469136,0.4791666666666667,0.4845360824742268,0.6527777777777778,0.5562130177514792,0.2981286849525763,25.807840585708615,0.1438014507293701,25.95164203643799,0train,LeaveOneGroupOut,cross_session,1,eegnet,BNCI2014_001,test_perturb,CrossSession,42,False,64.0,0.001,,,,,,,,,MotorImagery,,,,,,,,
gaussian,1.0,0.7525077160493827,0.7523148148148149,0.7525077160493827,0.5694444444444444,0.5373134328358209,1.0,0.6990291262135923,0.7523148148148149,0.5694444444444444,0.5373134328358209,1.0,0.6990291262135923,0.0002563445270442,25.807840585708615,0.1481392383575439,25.95597982406616,0train,LeaveOneGroupOut,cross_session,1,eegnet,BNCI2014_001,test_perturb,CrossSession,42,False,64.0,0.001,,,,,,,,,MotorImagery,,,,,,,,
gaussian,4.894736842105264,0.7525077160493827,0.7496141975308641,0.7525077160493827,0.5694444444444444,0.5373134328358209,1.0,0.6990291262135923,0.7496141975308641,0.5625,0.5333333333333333,1.0,0.6956521739130436,0.0038451679056653,25.807840585708615,0.1475996971130371,25.95544028282165,0train,LeaveOneGroupOut,cross_session,1,eegnet,BNCI2014_001,test_perturb,CrossSession,42,False,64.0,0.001,,,,,,,,,MotorImagery,,,,,,,,
gaussian,8.789473684210527,0.7525077160493827,0.7424768518518519,0.7525077160493827,0.5694444444444444,0.5373134328358209,1.0,0.6990291262135923,0.7424768518518519,0.5625,0.5333333333333333,1.0,0.6956521739130436,0.013329915406306,25.807840585708615,0.1482181549072265,25.956058740615845,0train,LeaveOneGroupOut,cross_session,1,eegnet,BNCI2014_001,test_perturb,CrossSession,42,False,64.0,0.001,,,,,,,,,MotorImagery,,,,,,,,
gaussian,12.68421052631579,0.7525077160493827,0.7554012345679012,0.7525077160493827,0.5694444444444444,0.5373134328358209,1.0,0.6990291262135923,0.7554012345679012,0.5694444444444444,0.5373134328358209,1.0,0.6990291262135923,-0.0038451679056651,25.807840585708615,0.1446583271026611,25.95249891281128,0train,LeaveOneGroupOut,cross_session,1,eegnet,BNCI2014_001,test_perturb,CrossSession,42,False,64.0,0.001,,,,,,,,,MotorImagery,,,,,,,,
gaussian,16.578947368421055,0.7525077160493827,0.7415123456790124,0.7525077160493827,0.5694444444444444,0.5373134328358209,1.0,0.6990291262135923,0.7415123456790124,0.5833333333333334,0.5454545454545454,1.0,0.7058823529411764,0.0146116380415277,25.807840585708615,0.1412880420684814,25.9491286277771,0train,LeaveOneGroupOut,cross_session,1,eegnet,BNCI2014_001,test_perturb,CrossSession,42,False,64.0,0.001,,,,,,,,,MotorImagery,,,,,,,,
gaussian,20.473684210526315,0.7525077160493827,0.7382330246913581,0.7525077160493827,0.5694444444444444,0.5373134328358209,1.0,0.6990291262135923,0.7382330246913581,0.5972222222222222,0.5538461538461539,1.0,0.712871287128713,0.0189694950012816,25.807840585708615,0.1451327800750732,25.95297336578369,0train,LeaveOneGroupOut,cross_session,1,eegnet,BNCI2014_001,test_perturb,CrossSession,42,False,64.0,0.001,,,,,,,,,MotorImagery,,,,,,,,
gaussian,24.36842105263158,0.7525077160493827,0.7274305555555556,0.7525077160493827,0.5694444444444444,0.5373134328358209,1.0,0.6990291262135923,0.7274305555555556,0.6111111111111112,0.5634920634920635,0.9861111111111112,0.7171717171717172,0.0333247885157651,25.807840585708615,0.148003339767456,25.955843925476078,0train,LeaveOneGroupOut,cross_session,1,eegnet,BNCI2014_001,test_perturb,CrossSession,42,False,64.0,0.001,,,,,,,,,MotorImagery,,,,,,,,
gaussian,28.26315789473684,0.7525077160493827,0.7243441358024691,0.7525077160493827,0.5694444444444444,0.5373134328358209,1.0,0.6990291262135923,0.7243441358024691,0.6458333333333334,0.5945945945945946,0.9166666666666666,0.7213114754098361,0.0374263009484747,25.807840585708615,0.1502296924591064,25.958070278167725,0train,LeaveOneGroupOut,cross_session,1,eegnet,BNCI2014_001,test_perturb,CrossSession,42,False,64.0,0.001,,,,,,,,,MotorImagery,,,,,,,,
gaussian,32.15789473684211,0.7525077160493827,0.66820987654321,0.7525077160493827,0.5694444444444444,0.5373134328358209,1.0,0.6990291262135923,0.66820987654321,0.6527777777777778,0.6222222222222222,0.7777777777777778,0.6913580246913581,0.1120225583183797,25.807840585708615,0.1482250690460205,25.95606565475464,0train,LeaveOneGroupOut,cross_session,1,eegnet,BNCI2014_001,test_perturb,CrossSession,42,False,64.0,0.001,,,,,,,,,MotorImagery,,,,,,,,
gaussian,36.05263157894737,0.7525077160493827,0.707175925925926,0.7525077160493827,0.5694444444444444,0.5373134328358209,1.0,0.6990291262135923,0.707175925925926,0.6319444444444444,0.6666666666666666,0.5277777777777778,0.5891472868217055,0.0602409638554215,25.807840585708615,0.146205186843872,25.95404577255249,0train,LeaveOneGroupOut,cross_session,1,eegnet,BNCI2014_001,test_perturb,CrossSession,42,False,64.0,0.001,,,,,,,,,MotorImagery,,,,,,,,
gaussian,39.94736842105263,0.7525077160493827,0.6547067901234568,0.7525077160493827,0.5694444444444444,0.5373134328358209,1.0,0.6990291262135923,0.6547067901234568,0.6180555555555556,0.7741935483870968,0.3333333333333333,0.4660194174757281,0.1299666752114842,25.807840585708615,0.1539690494537353,25.961809635162357,0train,LeaveOneGroupOut,cross_session,1,eegnet,BNCI2014_001,test_perturb,CrossSession,42,False,64.0,0.001,,,,,,,,,MotorImagery,,,,,,,,
gaussian,43.8421052631579,0.7525077160493827,0.617091049382716,0.7525077160493827,0.5694444444444444,0.5373134328358209,1.0,0.6990291262135923,0.617091049382716,0.5138888888888888,0.5555555555555556,0.1388888888888889,0.2222222222222222,0.1799538579851321,25.807840585708615,0.1531248092651367,25.960965394973755,0train,LeaveOneGroupOut,cross_session,1,eegnet,BNCI2014_001,test_perturb,CrossSession,42,False,64.0,0.001,,,,,,,,,MotorImagery,,,,,,,,
gaussian,47.73684210526316,0.7525077160493827,0.6257716049382716,0.7525077160493827,0.5694444444444444,0.5373134328358209,1.0,0.6990291262135923,0.6257716049382716,0.5486111111111112,1.0,0.0972222222222222,0.1772151898734177,0.1684183542681364,25.807840585708615,0.1783127784729004,25.98615336418152,0train,LeaveOneGroupOut,cross_session,1,eegnet,BNCI2014_001,test_perturb,CrossSession,42,False,64.0,0.001,,,,,,,,,MotorImagery,,,,,,,,
gaussian,51.631578947368425,0.7525077160493827,0.6192129629629628,0.7525077160493827,0.5694444444444444,0.5373134328358209,1.0,0.6990291262135923,0.6192129629629628,0.5277777777777778,1.0,0.0555555555555555,0.1052631578947368,0.1771340681876444,25.807840585708615,0.1738643646240234,25.98170495033264,0train,LeaveOneGroupOut,cross_session,1,eegnet,BNCI2014_001,test_perturb,CrossSession,42,False,64.0,0.001,,,,,,,,,MotorImagery,,,,,,,,
gaussian,55.526315789473685,0.7525077160493827,0.6720679012345678,0.7525077160493827,0.5694444444444444,0.5373134328358209,1.0,0.6990291262135923,0.6720679012345678,0.4930555555555556,0.0,0.0,0.0,0.106895667777493,25.807840585708615,0.1522407531738281,25.960081338882446,0train,LeaveOneGroupOut,cross_session,1,eegnet,BNCI2014_001,test_perturb,CrossSession,42,False,64.0,0.001,,,,,,,,,MotorImagery,,,,,,,,
gaussian,59.42105263157895,0.7525077160493827,0.5808256172839505,0.7525077160493827,0.5694444444444444,0.5373134328358209,1.0,0.6990291262135923,0.5808256172839505,0.5,0.0,0.0,0.0,0.2281466290694694,25.807840585708615,0.1502373218536377,25.958077907562256,0train,LeaveOneGroupOut,cross_session,1,eegnet,BNCI2014_001,test_perturb,CrossSession,42,False,64.0,0.001,,,,,,,,,MotorImagery,,,,,,,,
gaussian,63.31578947368421,0.7525077160493827,0.466820987654321,0.7525077160493827,0.5694444444444444,0.5373134328358209,1.0,0.6990291262135923,0.466820987654321,0.5,0.0,0.0,0.0,0.3796462445526787,25.807840585708615,0.1539700031280517,25.96181058883667,0train,LeaveOneGroupOut,cross_session,1,eegnet,BNCI2014_001,test_perturb,CrossSession,42,False,64.0,0.001,,,,,,,,,MotorImagery,,,,,,,,
gaussian,67.21052631578948,0.7525077160493827,0.5711805555555556,0.7525077160493827,0.5694444444444444,0.5373134328358209,1.0,0.6990291262135923,0.5711805555555556,0.5,0.0,0.0,0.0,0.2409638554216867,25.807840585708615,0.150050401687622,25.95789098739624,0train,LeaveOneGroupOut,cross_session,1,eegnet,BNCI2014_001,test_perturb,CrossSession,42,False,64.0,0.001,,,,,,,,,MotorImagery,,,,,,,,
gaussian,71.10526315789474,0.7525077160493827,0.5927854938271605,0.7525077160493827,0.5694444444444444,0.5373134328358209,1.0,0.6990291262135923,0.5927854938271605,0.5,0.0,0.0,0.0,0.2122532683927198,25.807840585708615,0.1500244140625,25.95786499977112,0train,LeaveOneGroupOut,cross_session,1,eegnet,BNCI2014_001,test_perturb,CrossSession,42,False,64.0,0.001,,,,,,,,,MotorImagery,,,,,,,,
gaussian,75.0,0.7525077160493827,0.5896990740740741,0.7525077160493827,0.5694444444444444,0.5373134328358209,1.0,0.6990291262135923,0.5896990740740741,0.5,0.0,0.0,0.0,0.2163547808254294,25.807840585708615,0.1546375751495361,25.962478160858154,0train,LeaveOneGroupOut,cross_session,1,eegnet,BNCI2014_001,test_perturb,CrossSession,42,False,64.0,0.001,,,,,,,,,MotorImagery,,,,,,,,
dropout,1.0,0.7525077160493827,0.7243441358024691,0.7525077160493827,0.5694444444444444,0.5373134328358209,1.0,0.6990291262135923,0.7243441358024691,0.5625,0.5333333333333333,1.0,0.6956521739130436,0.0374263009484747,25.807840585708615,0.152496337890625,25.960336923599243,0train,LeaveOneGroupOut,cross_session,1,eegnet,BNCI2014_001,test_perturb,CrossSession,42,False,64.0,0.001,,,,,,,,,MotorImagery,,,,,,,,
dropout,4.894736842105264,0.7525077160493827,0.7243441358024691,0.7525077160493827,0.5694444444444444,0.5373134328358209,1.0,0.6990291262135923,0.7243441358024691,0.5625,0.5333333333333333,1.0,0.6956521739130436,0.0374263009484747,25.807840585708615,0.1513731479644775,25.959213733673096,0train,LeaveOneGroupOut,cross_session,1,eegnet,BNCI2014_001,test_perturb,CrossSession,42,False,64.0,0.001,,,,,,,,,MotorImagery,,,,,,,,
dropout,8.789473684210527,0.7525077160493827,0.7243441358024691,0.7525077160493827,0.5694444444444444,0.5373134328358209,1.0,0.6990291262135923,0.7243441358024691,0.5625,0.5333333333333333,1.0,0.6956521739130436,0.0374263009484747,25.807840585708615,0.1614813804626464,25.969321966171265,0train,LeaveOneGroupOut,cross_session,1,eegnet,BNCI2014_001,test_perturb,CrossSession,42,False,64.0,0.001,,,,,,,,,MotorImagery,,,,,,,,
dropout,12.68421052631579,0.7525077160493827,0.7478780864197531,0.7525077160493827,0.5694444444444444,0.5373134328358209,1.0,0.6990291262135923,0.7478780864197531,0.5555555555555556,0.5294117647058824,1.0,0.6923076923076924,0.0061522686490643,25.807840585708615,0.1690602302551269,25.976900815963745,0train,LeaveOneGroupOut,cross_session,1,eegnet,BNCI2014_001,test_perturb,CrossSession,42,False,64.0,0.001,,,,,,,,,MotorImagery,,,,,,,,
dropout,16.578947368421055,0.7525077160493827,0.6215277777777778,0.7525077160493827,0.5694444444444444,0.5373134328358209,1.0,0.6990291262135923,0.6215277777777778,0.5625,0.5338345864661654,0.9861111111111112,0.6926829268292682,0.174057933863112,25.807840585708615,0.1605522632598877,25.968392848968502,0train,LeaveOneGroupOut,cross_session,1,eegnet,BNCI2014_001,test_perturb,CrossSession,42,False,64.0,0.001,,,,,,,,,MotorImagery,,,,,,,,
dropout,20.473684210526315,0.7525077160493827,0.6415895061728395,0.7525077160493827,0.5694444444444444,0.5373134328358209,1.0,0.6990291262135923,0.6415895061728395,0.5625,0.5338345864661654,0.9861111111111112,0.6926829268292682,0.1473981030504998,25.807840585708615,0.1615223884582519,25.96936297416687,0train,LeaveOneGroupOut,cross_session,1,eegnet,BNCI2014_001,test_perturb,CrossSession,42,False,64.0,0.001,,,,,,,,,MotorImagery,,,,,,,,
dropout,24.36842105263158,0.7525077160493827,0.6323302469135802,0.7525077160493827,0.5694444444444444,0.5373134328358209,1.0,0.6990291262135923,0.6323302469135802,0.5416666666666666,0.5230769230769231,0.9444444444444444,0.6732673267326732,0.1597026403486286,25.807840585708615,0.1531124114990234,25.96095299720764,0train,LeaveOneGroupOut,cross_session,1,eegnet,BNCI2014_001,test_perturb,CrossSession,42,False,64.0,0.001,,,,,,,,,MotorImagery,,,,,,,,
dropout,28.26315789473684,0.7525077160493827,0.5746527777777778,0.7525077160493827,0.5694444444444444,0.5373134328358209,1.0,0.6990291262135923,0.5746527777777778,0.5347222222222222,0.5196850393700787,0.9166666666666666,0.6633165829145728,0.2363496539348884,25.807840585708615,0.1571333408355713,25.96497392654419,0train,LeaveOneGroupOut,cross_session,1,eegnet,BNCI2014_001,test_perturb,CrossSession,42,False,64.0,0.001,,,,,,,,,MotorImagery,,,,,,,,
dropout,32.15789473684211,0.7525077160493827,0.5704089506172839,0.7525077160493827,0.5694444444444444,0.5373134328358209,1.0,0.6990291262135923,0.5704089506172839,0.5555555555555556,0.5317460317460317,0.9305555555555556,0.6767676767676767,0.2419892335298641,25.807840585708615,0.1557421684265136,25.96358275413513,0train,LeaveOneGroupOut,cross_session,1,eegnet,BNCI2014_001,test_perturb,CrossSession,42,False,64.0,0.001,,,,,,,,,MotorImagery,,,,,,,,
dropout,36.05263157894737,0.7525077160493827,0.5704089506172839,0.7525077160493827,0.5694444444444444,0.5373134328358209,1.0,0.6990291262135923,0.5704089506172839,0.5555555555555556,0.5317460317460317,0.9305555555555556,0.6767676767676767,0.2419892335298641,25.807840585708615,0.1547133922576904,25.96255397796631,0train,LeaveOneGroupOut,cross_session,1,eegnet,BNCI2014_001,test_perturb,CrossSession,42,False,64.0,0.001,,,,,,,,,MotorImagery,,,,,,,,
dropout,39.94736842105263,0.7525077160493827,0.605516975308642,0.7525077160493827,0.5694444444444444,0.5373134328358209,1.0,0.6990291262135923,0.605516975308642,0.5347222222222222,0.5196850393700787,0.9166666666666666,0.6633165829145728,0.1953345296077928,25.807840585708615,0.1589367389678955,25.966777324676517,0train,LeaveOneGroupOut,cross_session,1,eegnet,BNCI2014_001,test_perturb,CrossSession,42,False,64.0,0.001,,,,,,,,,MotorImagery,,,,,,,,
dropout,43.8421052631579,0.7525077160493827,0.5748456790123457,0.7525077160493827,0.5694444444444444,0.5373134328358209,1.0,0.6990291262135923,0.5748456790123457,0.5277777777777778,0.515625,0.9166666666666666,0.66,0.236093309407844,25.807840585708615,0.1591768264770507,25.96701741218567,0train,LeaveOneGroupOut,cross_session,1,eegnet,BNCI2014_001,test_perturb,CrossSession,42,False,64.0,0.001,,,,,,,,,MotorImagery,,,,,,,,
dropout,47.73684210526316,0.7525077160493827,0.54320987654321,0.7525077160493827,0.5694444444444444,0.5373134328358209,1.0,0.6990291262135923,0.54320987654321,0.5208333333333334,0.512396694214876,0.8611111111111112,0.6424870466321243,0.278133811843117,25.807840585708615,0.1611018180847168,25.96894240379333,0train,LeaveOneGroupOut,cross_session,1,eegnet,BNCI2014_001,test_perturb,CrossSession,42,False,64.0,0.001,,,,,,,,,MotorImagery,,,,,,,,
dropout,51.631578947368425,0.7525077160493827,0.5281635802469136,0.7525077160493827,0.5694444444444444,0.5373134328358209,1.0,0.6990291262135923,0.5281635802469136,0.5277777777777778,0.5147058823529411,0.9722222222222222,0.6730769230769229,0.2981286849525763,25.807840585708615,0.1582403182983398,25.96608090400696,0train,LeaveOneGroupOut,cross_session,1,eegnet,BNCI2014_001,test_perturb,CrossSession,42,False,64.0,0.001,,,,,,,,,MotorImagery,,,,,,,,
dropout,55.526315789473685,0.7525077160493827,0.6369598765432098,0.7525077160493827,0.5694444444444444,0.5373134328358209,1.0,0.6990291262135923,0.6369598765432098,0.5069444444444444,0.5038167938931297,0.9166666666666666,0.6502463054187191,0.1535503716995642,25.807840585708615,0.1553409099578857,25.963181495666504,0train,LeaveOneGroupOut,cross_session,1,eegnet,BNCI2014_001,test_perturb,CrossSession,42,False,64.0,0.001,,,,,,,,,MotorImagery,,,,,,,,
dropout,59.42105263157895,0.7525077160493827,0.5341435185185185,0.7525077160493827,0.5694444444444444,0.5373134328358209,1.0,0.6990291262135923,0.5341435185185185,0.5069444444444444,0.5037037037037037,0.9444444444444444,0.6570048309178743,0.2901820046142015,25.807840585708615,0.1542363166809082,25.962076902389526,0train,LeaveOneGroupOut,cross_session,1,eegnet,BNCI2014_001,test_perturb,CrossSession,42,False,64.0,0.001,,,,,,,,,MotorImagery,,,,,,,,
dropout,63.31578947368421,0.7525077160493827,0.5341435185185185,0.7525077160493827,0.5694444444444444,0.5373134328358209,1.0,0.6990291262135923,0.5341435185185185,0.5069444444444444,0.5037037037037037,0.9444444444444444,0.6570048309178743,0.2901820046142015,25.807840585708615,0.1503596305847168,25.95820021629333,0train,LeaveOneGroupOut,cross_session,1,eegnet,BNCI2014_001,test_perturb,CrossSession,42,False,64.0,0.001,,,,,,,,,MotorImagery,,,,,,,,
dropout,67.21052631578948,0.7525077160493827,0.4957561728395061,0.7525077160493827,0.5694444444444444,0.5373134328358209,1.0,0.6990291262135923,0.4957561728395061,0.5347222222222222,0.5190839694656488,0.9444444444444444,0.6699507389162561,0.3411945654960267,25.807840585708615,0.1575465202331543,25.96538710594177,0train,LeaveOneGroupOut,cross_session,1,eegnet,BNCI2014_001,test_perturb,CrossSession,42,False,64.0,0.001,,,,,,,,,MotorImagery,,,,,,,,
dropout,71.10526315789474,0.7525077160493827,0.5246913580246914,0.7525077160493827,0.5694444444444444,0.5373134328358209,1.0,0.6990291262135923,0.5246913580246914,0.5138888888888888,0.5072463768115942,0.9722222222222222,0.6666666666666666,0.3027428864393745,25.807840585708615,0.1627466678619384,25.97058725357056,0train,LeaveOneGroupOut,cross_session,1,eegnet,BNCI2014_001,test_perturb,CrossSession,42,False,64.0,0.001,,,,,,,,,MotorImagery,,,,,,,,
dropout,75.0,0.7525077160493827,0.5792824074074074,0.7525077160493827,0.5694444444444444,0.5373134328358209,1.0,0.6990291262135923,0.5792824074074074,0.5347222222222222,0.518796992481203,0.9583333333333334,0.6731707317073171,0.2301973852858241,25.807840585708615,0.1592199802398681,25.967060565948486,0train,LeaveOneGroupOut,cross_session,1,eegnet,BNCI2014_001,test_perturb,CrossSession,42,False,64.0,0.001,,,,,,,,,MotorImagery,,,,,,,,
eog,1.0,0.9311342592592592,0.931712962962963,0.9311342592592592,0.8333333333333334,0.7727272727272727,0.9444444444444444,0.85,0.931712962962963,0.8333333333333334,0.7727272727272727,0.9444444444444444,0.85,-0.0006215040397762,35.25449299812317,0.1468250751495361,35.401318073272705,1test,LeaveOneGroupOut,cross_session,1,eegnet,BNCI2014_001,test_perturb,CrossSession,42,False,64.0,0.001,,,,,,,,,MotorImagery,,,,,,,,
eog,6.2105263157894735,0.9311342592592592,0.9037422839506174,0.9311342592592592,0.8333333333333334,0.7727272727272727,0.9444444444444444,0.85,0.9037422839506174,0.8055555555555556,0.7619047619047619,0.8888888888888888,0.8205128205128205,0.0294178578827428,35.25449299812317,0.1551158428192138,35.40960884094238,1test,LeaveOneGroupOut,cross_session,1,eegnet,BNCI2014_001,test_perturb,CrossSession,42,False,64.0,0.001,,,,,,,,,MotorImagery,,,,,,,,
eog,11.421052631578949,0.9311342592592592,0.8935185185185186,0.9311342592592592,0.8333333333333334,0.7727272727272727,0.9444444444444444,0.85,0.8935185185185186,0.8125,0.7848101265822784,0.8611111111111112,0.8211920529801324,0.0403977625854567,35.25449299812317,0.1490154266357422,35.40350842475891,1test,LeaveOneGroupOut,cross_session,1,eegnet,BNCI2014_001,test_perturb,CrossSession,42,False,64.0,0.001,,,,,,,,,MotorImagery,,,,,,,,
eog,16.63157894736842,0.9311342592592592,0.8452932098765432,0.9311342592592592,0.8333333333333334,0.7727272727272727,0.9444444444444444,0.85,0.8452932098765432,0.7708333333333334,0.7468354430379747,0.8194444444444444,0.781456953642384,0.092189765900145,35.25449299812317,0.1588366031646728,35.41332960128784,1test,LeaveOneGroupOut,cross_session,1,eegnet,BNCI2014_001,test_perturb,CrossSession,42,False,64.0,0.001,,,,,,,,,MotorImagery,,,,,,,,
eog,21.84210526315789,0.9311342592592592,0.8582175925925926,0.9311342592592592,0.8333333333333334,0.7727272727272727,0.9444444444444444,0.85,0.8582175925925926,0.8055555555555556,0.8142857142857143,0.7916666666666666,0.8028169014084506,0.0783095090118086,35.25449299812317,0.1467642784118652,35.401257276535034,1test,LeaveOneGroupOut,cross_session,1,eegnet,BNCI2014_001,test_perturb,CrossSession,42,False,64.0,0.001,,,,,,,,,MotorImagery,,,,,,,,
eog,27.052631578947366,0.9311342592592592,0.8339120370370371,0.9311342592592592,0.8333333333333334,0.7727272727272727,0.9444444444444444,0.85,0.8339120370370371,0.7986111111111112,0.8115942028985508,0.7777777777777778,0.7943262411347518,0.1044126786824114,35.25449299812317,0.1661763191223144,35.42066931724548,1test,LeaveOneGroupOut,cross_session,1,eegnet,BNCI2014_001,test_perturb,CrossSession,42,False,64.0,0.001,,,,,,,,,MotorImagery,,,,,,,,
eog,32.26315789473684,0.9311342592592592,0.8248456790123456,0.9311342592592592,0.8333333333333334,0.7727272727272727,0.9444444444444444,0.85,0.8248456790123456,0.7777777777777778,0.7941176470588235,0.75,0.7714285714285715,0.1141495753055729,35.25449299812317,0.1431231498718261,35.397616147994995,1test,LeaveOneGroupOut,cross_session,1,eegnet,BNCI2014_001,test_perturb,CrossSession,42,False,64.0,0.001,,,,,,,,,MotorImagery,,,,,,,,
eog,37.47368421052632,0.9311342592592592,0.7818287037037037,0.9311342592592592,0.8333333333333334,0.7727272727272727,0.9444444444444444,0.85,0.7818287037037037,0.7083333333333334,0.7586206896551724,0.6111111111111112,0.676923076923077,0.1603480422622747,35.25449299812317,0.1602516174316406,35.41474461555481,1test,LeaveOneGroupOut,cross_session,1,eegnet,BNCI2014_001,test_perturb,CrossSession,42,False,64.0,0.001,,,,,,,,,MotorImagery,,,,,,,,
eog,42.68421052631579,0.9311342592592592,0.7642746913580247,0.9311342592592592,0.8333333333333334,0.7727272727272727,0.9444444444444444,0.85,0.7642746913580247,0.6944444444444444,0.7413793103448276,0.5972222222222222,0.6615384615384615,0.1792003314688212,35.25449299812317,0.1558332443237304,35.4103262424469,1test,LeaveOneGroupOut,cross_session,1,eegnet,BNCI2014_001,test_perturb,CrossSession,42,False,64.0,0.001,,,,,,,,,MotorImagery,,,,,,,,
eog,47.89473684210526,0.9311342592592592,0.7719907407407407,0.9311342592592592,0.8333333333333334,0.7727272727272727,0.9444444444444444,0.85,0.7719907407407407,0.6805555555555556,0.7321428571428571,0.5694444444444444,0.640625,0.1709136109384711,35.25449299812317,0.1536478996276855,35.408140897750854,1test,LeaveOneGroupOut,cross_session,1,eegnet,BNCI2014_001,test_perturb,CrossSession,42,False,64.0,0.001,,,,,,,,,MotorImagery,,,,,,,,
eog,53.10526315789473,0.9311342592592592,0.8449074074074074,0.9311342592592592,0.8333333333333334,0.7727272727272727,0.9444444444444444,0.85,0.8449074074074074,0.7291666666666666,0.8367346938775511,0.5694444444444444,0.6776859504132232,0.0926041019266625,35.25449299812317,0.1518480777740478,35.40634107589722,1test,LeaveOneGroupOut,cross_session,1,eegnet,BNCI2014_001,test_perturb,CrossSession,42,False,64.0,0.001,,,,,,,,,MotorImagery,,,,,,,,
eog,58.315789473684205,0.9311342592592592,0.7783564814814815,0.9311342592592592,0.8333333333333334,0.7727272727272727,0.9444444444444444,0.85,0.7783564814814815,0.7083333333333334,0.8260869565217391,0.5277777777777778,0.6440677966101694,0.1640770665009322,35.25449299812317,0.1484801769256591,35.40297317504883,1test,LeaveOneGroupOut,cross_session,1,eegnet,BNCI2014_001,test_perturb,CrossSession,42,False,64.0,0.001,,,,,,,,,MotorImagery,,,,,,,,
eog,63.526315789473685,0.9311342592592592,0.8024691358024691,0.9311342592592592,0.8333333333333334,0.7727272727272727,0.9444444444444444,0.85,0.8024691358024691,0.7013888888888888,0.7735849056603774,0.5694444444444444,0.656,0.1381810648435881,35.25449299812317,0.1552543640136718,35.40974736213684,1test,LeaveOneGroupOut,cross_session,1,eegnet,BNCI2014_001,test_perturb,CrossSession,42,False,64.0,0.001,,,,,,,,,MotorImagery,,,,,,,,
eog,68.73684210526315,0.9311342592592592,0.782986111111111,0.9311342592592592,0.8333333333333334,0.7727272727272727,0.9444444444444444,0.85,0.782986111111111,0.6944444444444444,0.8181818181818182,0.5,0.6206896551724137,0.1591050341827223,35.25449299812317,0.1543495655059814,35.40884256362915,1test,LeaveOneGroupOut,cross_session,1,eegnet,BNCI2014_001,test_perturb,CrossSession,42,False,64.0,0.001,,,,,,,,,MotorImagery,,,,,,,,
eog,73.94736842105263,0.9311342592592592,0.7563657407407407,0.9311342592592592,0.8333333333333334,0.7727272727272727,0.9444444444444444,0.85,0.7563657407407407,0.6458333333333334,0.8181818181818182,0.375,0.5142857142857142,0.1876942200124301,35.25449299812317,0.1582505702972412,35.41274356842041,1test,LeaveOneGroupOut,cross_session,1,eegnet,BNCI2014_001,test_perturb,CrossSession,42,False,64.0,0.001,,,,,,,,,MotorImagery,,,,,,,,
eog,79.1578947368421,0.9311342592592592,0.6736111111111112,0.9311342592592592,0.8333333333333334,0.7727272727272727,0.9444444444444444,0.85,0.6736111111111112,0.5972222222222222,0.71875,0.3194444444444444,0.4423076923076923,0.276569297700435,35.25449299812317,0.150609016418457,35.405102014541626,1test,LeaveOneGroupOut,cross_session,1,eegnet,BNCI2014_001,test_perturb,CrossSession,42,False,64.0,0.001,,,,,,,,,MotorImagery,,,,,,,,
eog,84.36842105263158,0.9311342592592592,0.8211805555555557,0.9311342592592592,0.8333333333333334,0.7727272727272727,0.9444444444444444,0.85,0.8211805555555557,0.6597222222222222,0.925925925925926,0.3472222222222222,0.505050505050505,0.118085767557489,35.25449299812317,0.1519882678985595,35.40648126602173,1test,LeaveOneGroupOut,cross_session,1,eegnet,BNCI2014_001,test_perturb,CrossSession,42,False,64.0,0.001,,,,,,,,,MotorImagery,,,,,,,,
eog,89.57894736842105,0.9311342592592592,0.757908950617284,0.9311342592592592,0.8333333333333334,0.7727272727272727,0.9444444444444444,0.85,0.757908950617284,0.6319444444444444,0.88,0.3055555555555556,0.4536082474226803,0.18603687590636,35.25449299812317,0.1520254611968994,35.40651845932007,1test,LeaveOneGroupOut,cross_session,1,eegnet,BNCI2014_001,test_perturb,CrossSession,42,False,64.0,0.001,,,,,,,,,MotorImagery,,,,,,,,
eog,94.78947368421052,0.9311342592592592,0.7629243827160495,0.9311342592592592,0.8333333333333334,0.7727272727272727,0.9444444444444444,0.85,0.7629243827160495,0.5972222222222222,0.85,0.2361111111111111,0.3695652173913043,0.1806505075616324,35.25449299812317,0.1545469760894775,35.40903997421265,1test,LeaveOneGroupOut,cross_session,1,eegnet,BNCI2014_001,test_perturb,CrossSession,42,False,64.0,0.001,,,,,,,,,MotorImagery,,,,,,,,
eog,100.0,0.9311342592592592,0.7978395061728395,0.9311342592592592,0.8333333333333334,0.7727272727272727,0.9444444444444444,0.85,0.7978395061728395,0.5902777777777778,0.782608695652174,0.25,0.3789473684210527,0.1431530971617982,35.25449299812317,0.1523365974426269,35.4068295955658,1test,LeaveOneGroupOut,cross_session,1,eegnet,BNCI2014_001,test_perturb,CrossSession,42,False,64.0,0.001,,,,,,,,,MotorImagery,,,,,,,,
gaussian,1.0,0.9311342592592592,0.9313271604938272,0.9311342592592592,0.8333333333333334,0.7727272727272727,0.9444444444444444,0.85,0.9313271604938272,0.8333333333333334,0.7727272727272727,0.9444444444444444,0.85,-0.0002071680132586,35.25449299812317,0.1514275074005127,35.40592050552368,1test,LeaveOneGroupOut,cross_session,1,eegnet,BNCI2014_001,test_perturb,CrossSession,42,False,64.0,0.001,,,,,,,,,MotorImagery,,,,,,,,
gaussian,4.894736842105264,0.9311342592592592,0.9311342592592592,0.9311342592592592,0.8333333333333334,0.7727272727272727,0.9444444444444444,0.85,0.9311342592592592,0.8333333333333334,0.7727272727272727,0.9444444444444444,0.85,0.0,35.25449299812317,0.1491663455963134,35.40365934371948,1test,LeaveOneGroupOut,cross_session,1,eegnet,BNCI2014_001,test_perturb,CrossSession,42,False,64.0,0.001,,,,,,,,,MotorImagery,,,,,,,,
gaussian,8.789473684210527,0.9311342592592592,0.9301697530864198,0.9311342592592592,0.8333333333333334,0.7727272727272727,0.9444444444444444,0.85,0.9301697530864198,0.8263888888888888,0.7640449438202247,0.9444444444444444,0.84472049689441,0.0010358400662937,35.25449299812317,0.1526892185211181,35.40718221664429,1test,LeaveOneGroupOut,cross_session,1,eegnet,BNCI2014_001,test_perturb,CrossSession,42,False,64.0,0.001,,,,,,,,,MotorImagery,,,,,,,,
gaussian,12.68421052631579,0.9311342592592592,0.9211033950617284,0.9311342592592592,0.8333333333333334,0.7727272727272727,0.9444444444444444,0.85,0.9211033950617284,0.8402777777777778,0.7816091954022989,0.9444444444444444,0.8553459119496855,0.0107727366894551,35.25449299812317,0.1532621383666992,35.40775513648987,1test,LeaveOneGroupOut,cross_session,1,eegnet,BNCI2014_001,test_perturb,CrossSession,42,False,64.0,0.001,,,,,,,,,MotorImagery,,,,,,,,
gaussian,16.578947368421055,0.9311342592592592,0.907986111111111,0.9311342592592592,0.8333333333333334,0.7727272727272727,0.9444444444444444,0.85,0.907986111111111,0.8333333333333334,0.7926829268292683,0.9027777777777778,0.8441558441558441,0.0248601615910504,35.25449299812317,0.1547625064849853,35.409255504608154,1test,LeaveOneGroupOut,cross_session,1,eegnet,BNCI2014_001,test_perturb,CrossSession,42,False,64.0,0.001,,,,,,,,,MotorImagery,,,,,,,,
gaussian,20.473684210526315,0.9311342592592592,0.8794367283950617,0.9311342592592592,0.8333333333333334,0.7727272727272727,0.9444444444444444,0.85,0.8794367283950617,0.7847222222222222,0.7662337662337663,0.8194444444444444,0.7919463087248323,0.0555210275533458,35.25449299812317,0.1510405540466308,35.4055335521698,1test,LeaveOneGroupOut,cross_session,1,eegnet,BNCI2014_001,test_perturb,CrossSession,42,False,64.0,0.001,,,,,,,,,MotorImagery,,,,,,,,
gaussian,24.36842105263158,0.9311342592592592,0.8595679012345678,0.9311342592592592,0.8333333333333334,0.7727272727272727,0.9444444444444444,0.85,0.8595679012345678,0.75,0.7647058823529411,0.7222222222222222,0.7428571428571428,0.0768593329189974,35.25449299812317,0.1557538509368896,35.41024684906006,1test,LeaveOneGroupOut,cross_session,1,eegnet,BNCI2014_001,test_perturb,CrossSession,42,False,64.0,0.001,,,,,,,,,MotorImagery,,,,,,,,
gaussian,28.26315789473684,0.9311342592592592,0.8748070987654322,0.9311342592592592,0.8333333333333334,0.7727272727272727,0.9444444444444444,0.85,0.8748070987654322,0.7222222222222222,0.9,0.5,0.6428571428571429,0.0604930598715558,35.25449299812317,0.1553394794464111,35.40983247756958,1test,LeaveOneGroupOut,cross_session,1,eegnet,BNCI2014_001,test_perturb,CrossSession,42,False,64.0,0.001,,,,,,,,,MotorImagery,,,,,,,,
gaussian,32.15789473684211,0.9311342592592592,0.8533950617283951,0.9311342592592592,0.8333333333333334,0.7727272727272727,0.9444444444444444,0.85,0.8533950617283951,0.6875,0.935483870967742,0.4027777777777778,0.5631067961165049,0.0834887093432774,35.25449299812317,0.1534316539764404,35.40792465209961,1test,LeaveOneGroupOut,cross_session,1,eegnet,BNCI2014_001,test_perturb,CrossSession,42,False,64.0,0.001,,,,,,,,,MotorImagery,,,,,,,,
gaussian,36.05263157894737,0.9311342592592592,0.8271604938271605,0.9311342592592592,0.8333333333333334,0.7727272727272727,0.9444444444444444,0.85,0.8271604938271605,0.6180555555555556,1.0,0.2361111111111111,0.3820224719101123,0.1116635591464678,35.25449299812317,0.1553993225097656,35.409892320632935,1test,LeaveOneGroupOut,cross_session,1,eegnet,BNCI2014_001,test_perturb,CrossSession,42,False,64.0,0.001,,,,,,,,,MotorImagery,,,,,,,,
gaussian,39.94736842105263,0.9311342592592592,0.7997685185185185,0.9311342592592592,0.8333333333333334,0.7727272727272727,0.9444444444444444,0.85,0.7997685185185185,0.5277777777777778,0.75,0.0833333333333333,0.15,0.1410814170292107,35.25449299812317,0.1486999988555908,35.40319299697876,1test,LeaveOneGroupOut,cross_session,1,eegnet,BNCI2014_001,test_perturb,CrossSession,42,False,64.0,0.001,,,,,,,,,MotorImagery,,,,,,,,
gaussian,43.8421052631579,0.9311342592592592,0.7912808641975309,0.9311342592592592,0.8333333333333334,0.7727272727272727,0.9444444444444444,0.85,0.7912808641975309,0.5555555555555556,0.9,0.125,0.2195121951219512,0.1501968096125958,35.25449299812317,0.1560034751892089,35.41049647331238,1test,LeaveOneGroupOut,cross_session,1,eegnet,BNCI2014_001,test_perturb,CrossSession,42,False,64.0,0.001,,,,,,,,,MotorImagery,,,,,,,,
gaussian,47.73684210526316,0.9311342592592592,0.7627314814814814,0.9311342592592592,0.8333333333333334,0.7727272727272727,0.9444444444444444,0.85,0.7627314814814814,0.5277777777777778,1.0,0.0555555555555555,0.1052631578947368,0.1808576755748913,35.25449299812317,0.1517171859741211,35.40621018409729,1test,LeaveOneGroupOut,cross_session,1,eegnet,BNCI2014_001,test_perturb,CrossSession,42,False,64.0,0.001,,,,,,,,,MotorImagery,,,,,,,,
gaussian,51.631578947368425,0.9311342592592592,0.7444058641975309,0.9311342592592592,0.8333333333333334,0.7727272727272727,0.9444444444444444,0.85,0.7444058641975309,0.5208333333333334,1.0,0.0416666666666666,0.0799999999999999,0.2005386368344728,35.25449299812317,0.1472237110137939,35.40171670913696,1test,LeaveOneGroupOut,cross_session,1,eegnet,BNCI2014_001,test_perturb,CrossSession,42,False,64.0,0.001,,,,,,,,,MotorImagery,,,,,,,,
gaussian,55.526315789473685,0.9311342592592592,0.6471836419753086,0.9311342592592592,0.8333333333333334,0.7727272727272727,0.9444444444444444,0.85,0.6471836419753086,0.5138888888888888,1.0,0.0277777777777777,0.054054054054054,0.3049513155168842,35.25449299812317,0.1457314491271972,35.400224447250366,1test,LeaveOneGroupOut,cross_session,1,eegnet,BNCI2014_001,test_perturb,CrossSession,42,False,64.0,0.001,,,,,,,,,MotorImagery,,,,,,,,
gaussian,59.42105263157895,0.9311342592592592,0.6346450617283951,0.9311342592592592,0.8333333333333334,0.7727272727272727,0.9444444444444444,0.85,0.6346450617283951,0.5,0.0,0.0,0.0,0.3184172363787031,35.25449299812317,0.1473853588104248,35.401878356933594,1test,LeaveOneGroupOut,cross_session,1,eegnet,BNCI2014_001,test_perturb,CrossSession,42,False,64.0,0.001,,,,,,,,,MotorImagery,,,,,,,,
gaussian,63.31578947368421,0.9311342592592592,0.583912037037037,0.9311342592592592,0.8333333333333334,0.7727272727272727,0.9444444444444444,0.85,0.583912037037037,0.5,0.0,0.0,0.0,0.3729024238657552,35.25449299812317,0.1460969448089599,35.40058994293213,1test,LeaveOneGroupOut,cross_session,1,eegnet,BNCI2014_001,test_perturb,CrossSession,42,False,64.0,0.001,,,,,,,,,MotorImagery,,,,,,,,
gaussian,67.21052631578948,0.9311342592592592,0.6622299382716049,0.9311342592592592,0.8333333333333334,0.7727272727272727,0.9444444444444444,0.85,0.6622299382716049,0.5,0.0,0.0,0.0,0.2887922104827015,35.25449299812317,0.1509335041046142,35.40542650222778,1test,LeaveOneGroupOut,cross_session,1,eegnet,BNCI2014_001,test_perturb,CrossSession,42,False,64.0,0.001,,,,,,,,,MotorImagery,,,,,,,,
gaussian,71.10526315789474,0.9311342592592592,0.5569058641975307,0.9311342592592592,0.8333333333333334,0.7727272727272727,0.9444444444444444,0.85,0.5569058641975307,0.5,0.0,0.0,0.0,0.4019059457219807,35.25449299812317,0.1477308273315429,35.40222382545471,1test,LeaveOneGroupOut,cross_session,1,eegnet,BNCI2014_001,test_perturb,CrossSession,42,False,64.0,0.001,,,,,,,,,MotorImagery,,,,,,,,
gaussian,75.0,0.9311342592592592,0.5459104938271605,0.9311342592592592,0.8333333333333334,0.7727272727272727,0.9444444444444444,0.85,0.5459104938271605,0.5,0.0,0.0,0.0,0.4137145224777294,35.25449299812317,0.1467602252960205,35.40125322341919,1test,LeaveOneGroupOut,cross_session,1,eegnet,BNCI2014_001,test_perturb,CrossSession,42,False,64.0,0.001,,,,,,,,,MotorImagery,,,,,,,,
dropout,1.0,0.9311342592592592,0.8817515432098766,0.9311342592592592,0.8333333333333334,0.7727272727272727,0.9444444444444444,0.85,0.8817515432098766,0.7708333333333334,0.7468354430379747,0.8194444444444444,0.781456953642384,0.0530350113942407,35.25449299812317,0.1433022022247314,35.3977952003479,1test,LeaveOneGroupOut,cross_session,1,eegnet,BNCI2014_001,test_perturb,CrossSession,42,False,64.0,0.001,,,,,,,,,MotorImagery,,,,,,,,
dropout,4.894736842105264,0.9311342592592592,0.8817515432098766,0.9311342592592592,0.8333333333333334,0.7727272727272727,0.9444444444444444,0.85,0.8817515432098766,0.7708333333333334,0.7468354430379747,0.8194444444444444,0.781456953642384,0.0530350113942407,35.25449299812317,0.1503832340240478,35.40487623214722,1test,LeaveOneGroupOut,cross_session,1,eegnet,BNCI2014_001,test_perturb,CrossSession,42,False,64.0,0.001,,,,,,,,,MotorImagery,,,,,,,,
dropout,8.789473684210527,0.9311342592592592,0.8817515432098766,0.9311342592592592,0.8333333333333334,0.7727272727272727,0.9444444444444444,0.85,0.8817515432098766,0.7708333333333334,0.7468354430379747,0.8194444444444444,0.781456953642384,0.0530350113942407,35.25449299812317,0.1464765071868896,35.40096950531006,1test,LeaveOneGroupOut,cross_session,1,eegnet,BNCI2014_001,test_perturb,CrossSession,42,False,64.0,0.001,,,,,,,,,MotorImagery,,,,,,,,
dropout,12.68421052631579,0.9311342592592592,0.8375771604938271,0.9311342592592592,0.8333333333333334,0.7727272727272727,0.9444444444444444,0.85,0.8375771604938271,0.7847222222222222,0.7662337662337663,0.8194444444444444,0.7919463087248323,0.1004764864304952,35.25449299812317,0.1463651657104492,35.40085816383362,1test,LeaveOneGroupOut,cross_session,1,eegnet,BNCI2014_001,test_perturb,CrossSession,42,False,64.0,0.001,,,,,,,,,MotorImagery,,,,,,,,
dropout,16.578947368421055,0.9311342592592592,0.7980324074074074,0.9311342592592592,0.8333333333333334,0.7727272727272727,0.9444444444444444,0.85,0.7980324074074074,0.6944444444444444,0.7058823529411765,0.6666666666666666,0.6857142857142857,0.1429459291485394,35.25449299812317,0.1444056034088134,35.39889860153198,1test,LeaveOneGroupOut,cross_session,1,eegnet,BNCI2014_001,test_perturb,CrossSession,42,False,64.0,0.001,,,,,,,,,MotorImagery,,,,,,,,
dropout,20.473684210526315,0.9311342592592592,0.7359182098765432,0.9311342592592592,0.8333333333333334,0.7727272727272727,0.9444444444444444,0.85,0.7359182098765432,0.6527777777777778,0.6447368421052632,0.6805555555555556,0.6621621621621623,0.2096540294178579,35.25449299812317,0.1441597938537597,35.39865279197693,1test,LeaveOneGroupOut,cross_session,1,eegnet,BNCI2014_001,test_perturb,CrossSession,42,False,64.0,0.001,,,,,,,,,MotorImagery,,,,,,,,
dropout,24.36842105263158,0.9311342592592592,0.7403549382716049,0.9311342592592592,0.8333333333333334,0.7727272727272727,0.9444444444444444,0.85,0.7403549382716049,0.6805555555555556,0.703125,0.625,0.6617647058823529,0.2048891651129066,35.25449299812317,0.1556696891784668,35.41016268730164,1test,LeaveOneGroupOut,cross_session,1,eegnet,BNCI2014_001,test_perturb,CrossSession,42,False,64.0,0.001,,,,,,,,,MotorImagery,,,,,,,,
dropout,28.26315789473684,0.9311342592592592,0.7276234567901235,0.9311342592592592,0.8333333333333334,0.7727272727272727,0.9444444444444444,0.85,0.7276234567901235,0.6944444444444444,0.7258064516129032,0.625,0.6716417910447761,0.2185622539879842,35.25449299812317,0.1474840641021728,35.40197706222534,1test,LeaveOneGroupOut,cross_session,1,eegnet,BNCI2014_001,test_perturb,CrossSession,42,False,64.0,0.001,,,,,,,,,MotorImagery,,,,,,,,
dropout,32.15789473684211,0.9311342592592592,0.6724537037037037,0.9311342592592592,0.8333333333333334,0.7727272727272727,0.9444444444444444,0.85,0.6724537037037037,0.6111111111111112,0.6333333333333333,0.5277777777777778,0.5757575757575758,0.2778123057799876,35.25449299812317,0.1481609344482422,35.40265393257141,1test,LeaveOneGroupOut,cross_session,1,eegnet,BNCI2014_001,test_perturb,CrossSession,42,False,64.0,0.001,,,,,,,,,MotorImagery,,,,,,,,
dropout,36.05263157894737,0.9311342592592592,0.6724537037037037,0.9311342592592592,0.8333333333333334,0.7727272727272727,0.9444444444444444,0.85,0.6724537037037037,0.6111111111111112,0.6333333333333333,0.5277777777777778,0.5757575757575758,0.2778123057799876,35.25449299812317,0.1506798267364502,35.40517282485962,1test,LeaveOneGroupOut,cross_session,1,eegnet,BNCI2014_001,test_perturb,CrossSession,42,False,64.0,0.001,,,,,,,,,MotorImagery,,,,,,,,
dropout,39.94736842105263,0.9311342592592592,0.693287037037037,0.9311342592592592,0.8333333333333334,0.7727272727272727,0.9444444444444444,0.85,0.693287037037037,0.6388888888888888,0.6612903225806451,0.5694444444444444,0.6119402985074627,0.2554381603480423,35.25449299812317,0.152336835861206,35.406829833984375,1test,LeaveOneGroupOut,cross_session,1,eegnet,BNCI2014_001,test_perturb,CrossSession,42,False,64.0,0.001,,,,,,,,,MotorImagery,,,,,,,,
dropout,43.8421052631579,0.9311342592592592,0.6521990740740741,0.9311342592592592,0.8333333333333334,0.7727272727272727,0.9444444444444444,0.85,0.6521990740740741,0.5972222222222222,0.6166666666666667,0.5138888888888888,0.5606060606060607,0.2995649471721566,35.25449299812317,0.144270658493042,35.39876365661621,1test,LeaveOneGroupOut,cross_session,1,eegnet,BNCI2014_001,test_perturb,CrossSession,42,False,64.0,0.001,,,,,,,,,MotorImagery,,,,,,,,
dropout,47.73684210526316,0.9311342592592592,0.6359953703703703,0.9311342592592592,0.8333333333333334,0.7727272727272727,0.9444444444444444,0.85,0.6359953703703703,0.6111111111111112,0.6333333333333333,0.5277777777777778,0.5757575757575758,0.3169670602858919,35.25449299812317,0.1479053497314453,35.402398347854614,1test,LeaveOneGroupOut,cross_session,1,eegnet,BNCI2014_001,test_perturb,CrossSession,42,False,64.0,0.001,,,,,,,,,MotorImagery,,,,,,,,
dropout,51.631578947368425,0.9311342592592592,0.5599922839506173,0.9311342592592592,0.8333333333333334,0.7727272727272727,0.9444444444444444,0.85,0.5599922839506173,0.5555555555555556,0.5645161290322581,0.4861111111111111,0.5223880597014926,0.3985912575098405,35.25449299812317,0.1465911865234375,35.401084184646606,1test,LeaveOneGroupOut,cross_session,1,eegnet,BNCI2014_001,test_perturb,CrossSession,42,False,64.0,0.001,,,,,,,,,MotorImagery,,,,,,,,
dropout,55.526315789473685,0.9311342592592592,0.6344521604938271,0.9311342592592592,0.8333333333333334,0.7727272727272727,0.9444444444444444,0.85,0.6344521604938271,0.5833333333333334,0.5882352941176471,0.5555555555555556,0.5714285714285715,0.3186244043919619,35.25449299812317,0.1485638618469238,35.40305685997009,1test,LeaveOneGroupOut,cross_session,1,eegnet,BNCI2014_001,test_perturb,CrossSession,42,False,64.0,0.001,,,,,,,,,MotorImagery,,,,,,,,
dropout,59.42105263157895,0.9311342592592592,0.5497685185185185,0.9311342592592592,0.8333333333333334,0.7727272727272727,0.9444444444444444,0.85,0.5497685185185185,0.5555555555555556,0.5625,0.5,0.5294117647058824,0.4095711622125544,35.25449299812317,0.1465182304382324,35.4010112285614,1test,LeaveOneGroupOut,cross_session,1,eegnet,BNCI2014_001,test_perturb,CrossSession,42,False,64.0,0.001,,,,,,,,,MotorImagery,,,,,,,,
dropout,63.31578947368421,0.9311342592592592,0.5497685185185185,0.9311342592592592,0.8333333333333334,0.7727272727272727,0.9444444444444444,0.85,0.5497685185185185,0.5555555555555556,0.5625,0.5,0.5294117647058824,0.4095711622125544,35.25449299812317,0.1488003730773925,35.40329337120056,1test,LeaveOneGroupOut,cross_session,1,eegnet,BNCI2014_001,test_perturb,CrossSession,42,False,64.0,0.001,,,,,,,,,MotorImagery,,,,,,,,
dropout,67.21052631578948,0.9311342592592592,0.6608796296296297,0.9311342592592592,0.8333333333333334,0.7727272727272727,0.9444444444444444,0.85,0.6608796296296297,0.5902777777777778,0.6065573770491803,0.5138888888888888,0.556390977443609,0.2902423865755127,35.25449299812317,0.148472785949707,35.40296578407288,1test,LeaveOneGroupOut,cross_session,1,eegnet,BNCI2014_001,test_perturb,CrossSession,42,False,64.0,0.001,,,,,,,,,MotorImagery,,,,,,,,
dropout,71.10526315789474,0.9311342592592592,0.6398533950617284,0.9311342592592592,0.8333333333333334,0.7727272727272727,0.9444444444444444,0.85,0.6398533950617284,0.6111111111111112,0.6111111111111112,0.6111111111111112,0.6111111111111112,0.3128237000207168,35.25449299812317,0.1497485637664795,35.40424156188965,1test,LeaveOneGroupOut,cross_session,1,eegnet,BNCI2014_001,test_perturb,CrossSession,42,False,64.0,0.001,,,,,,,,,MotorImagery,,,,,,,,
dropout,75.0,0.9311342592592592,0.6005015432098766,0.9311342592592592,0.8333333333333334,0.7727272727272727,0.9444444444444444,0.85,0.6005015432098766,0.5972222222222222,0.6,0.5833333333333334,0.591549295774648,0.3550859747255023,35.25449299812317,0.1501567363739013,35.40464973449707,1test,LeaveOneGroupOut,cross_session,1,eegnet,BNCI2014_001,test_perturb,CrossSession,42,False,64.0,0.001,,,,,,,,,MotorImagery,,,,,,,,
eog,1.0,0.8179012345679012,0.8179012345679012,0.8179012345679012,0.7152777777777778,0.6741573033707865,0.8333333333333334,0.7453416149068324,0.8179012345679012,0.7152777777777778,0.6741573033707865,0.8333333333333334,0.7453416149068324,0.0,66.40060997009277,0.2121539115905761,66.61276388168335,0train,LeaveOneGroupOut,cross_session,1,reegnet,BNCI2014_001,test_perturb,CrossSession,42,False,64.0,0.0001,0.001,,0.15,,,,,,MotorImagery,,,,,,,,32.0
eog,6.2105263157894735,0.8179012345679012,0.7608024691358024,0.8179012345679012,0.7152777777777778,0.6741573033707865,0.8333333333333334,0.7453416149068324,0.7608024691358024,0.7013888888888888,0.6746987951807228,0.7777777777777778,0.7225806451612904,0.069811320754717,66.40060997009277,0.2094254493713379,66.61003541946411,0train,LeaveOneGroupOut,cross_session,1,reegnet,BNCI2014_001,test_perturb,CrossSession,42,False,64.0,0.0001,0.001,,0.15,,,,,,MotorImagery,,,,,,,,32.0
eog,11.421052631578949,0.8179012345679012,0.7457561728395061,0.8179012345679012,0.7152777777777778,0.6741573033707865,0.8333333333333334,0.7453416149068324,0.7457561728395061,0.6805555555555556,0.6666666666666666,0.7222222222222222,0.6933333333333334,0.0882075471698113,66.40060997009277,0.2486891746520996,66.64929914474487,0train,LeaveOneGroupOut,cross_session,1,reegnet,BNCI2014_001,test_perturb,CrossSession,42,False,64.0,0.0001,0.001,,0.15,,,,,,MotorImagery,,,,,,,,32.0
eog,16.63157894736842,0.8179012345679012,0.7173996913580248,0.8179012345679012,0.7152777777777778,0.6741573033707865,0.8333333333333334,0.7453416149068324,0.7173996913580248,0.6875,0.684931506849315,0.6944444444444444,0.6896551724137931,0.1228773584905658,66.40060997009277,0.204186201095581,66.60479617118835,0train,LeaveOneGroupOut,cross_session,1,reegnet,BNCI2014_001,test_perturb,CrossSession,42,False,64.0,0.0001,0.001,,0.15,,,,,,MotorImagery,,,,,,,,32.0
eog,21.84210526315789,0.8179012345679012,0.6728395061728395,0.8179012345679012,0.7152777777777778,0.6741573033707865,0.8333333333333334,0.7453416149068324,0.6728395061728395,0.6388888888888888,0.6388888888888888,0.6388888888888888,0.6388888888888888,0.1773584905660377,66.40060997009277,0.1715531349182129,66.57216310501099,0train,LeaveOneGroupOut,cross_session,1,reegnet,BNCI2014_001,test_perturb,CrossSession,42,False,64.0,0.0001,0.001,,0.15,,,,,,MotorImagery,,,,,,,,32.0
eog,27.052631578947366,0.8179012345679012,0.6008873456790124,0.8179012345679012,0.7152777777777778,0.6741573033707865,0.8333333333333334,0.7453416149068324,0.6008873456790124,0.6111111111111112,0.6290322580645161,0.5416666666666666,0.582089552238806,0.2653301886792452,66.40060997009277,0.1980102062225341,66.59862017631531,0train,LeaveOneGroupOut,cross_session,1,reegnet,BNCI2014_001,test_perturb,CrossSession,42,False,64.0,0.0001,0.001,,0.15,,,,,,MotorImagery,,,,,,,,32.0
eog,32.26315789473684,0.8179012345679012,0.6597222222222223,0.8179012345679012,0.7152777777777778,0.6741573033707865,0.8333333333333334,0.7453416149068324,0.6597222222222223,0.6388888888888888,0.6612903225806451,0.5694444444444444,0.6119402985074627,0.1933962264150941,66.40060997009277,0.204918622970581,66.60552859306335,0train,LeaveOneGroupOut,cross_session,1,reegnet,BNCI2014_001,test_perturb,CrossSession,42,False,64.0,0.0001,0.001,,0.15,,,,,,MotorImagery,,,,,,,,32.0
eog,37.47368421052632,0.8179012345679012,0.6624228395061729,0.8179012345679012,0.7152777777777778,0.6741573033707865,0.8333333333333334,0.7453416149068324,0.6624228395061729,0.6736111111111112,0.7192982456140351,0.5694444444444444,0.6356589147286822,0.1900943396226414,66.40060997009277,0.1911547183990478,66.59176468849182,0train,LeaveOneGroupOut,cross_session,1,reegnet,BNCI2014_001,test_perturb,CrossSession,42,False,64.0,0.0001,0.001,,0.15,,,,,,MotorImagery,,,,,,,,32.0
eog,42.68421052631579,0.8179012345679012,0.6286651234567902,0.8179012345679012,0.7152777777777778,0.6741573033707865,0.8333333333333334,0.7453416149068324,0.6286651234567902,0.5972222222222222,0.6346153846153846,0.4583333333333333,0.532258064516129,0.2313679245283018,66.40060997009277,0.1954183578491211,66.5960283279419,0train,LeaveOneGroupOut,cross_session,1,reegnet,BNCI2014_001,test_perturb,CrossSession,42,False,64.0,0.0001,0.001,,0.15,,,,,,MotorImagery,,,,,,,,32.0
eog,47.89473684210526,0.8179012345679012,0.6396604938271605,0.8179012345679012,0.7152777777777778,0.6741573033707865,0.8333333333333334,0.7453416149068324,0.6396604938271605,0.5972222222222222,0.6521739130434783,0.4166666666666667,0.5084745762711865,0.2179245283018867,66.40060997009277,0.2019946575164795,66.60260462760925,0train,LeaveOneGroupOut,cross_session,1,reegnet,BNCI2014_001,test_perturb,CrossSession,42,False,64.0,0.0001,0.001,,0.15,,,,,,MotorImagery,,,,,,,,32.0
eog,53.10526315789473,0.8179012345679012,0.6734182098765432,0.8179012345679012,0.7152777777777778,0.6741573033707865,0.8333333333333334,0.7453416149068324,0.6734182098765432,0.6388888888888888,0.717391304347826,0.4583333333333333,0.559322033898305,0.1766509433962263,66.40060997009277,0.1864206790924072,66.58703064918518,0train,LeaveOneGroupOut,cross_session,1,reegnet,BNCI2014_001,test_perturb,CrossSession,42,False,64.0,0.0001,0.001,,0.15,,,,,,MotorImagery,,,,,,,,32.0
eog,58.315789473684205,0.8179012345679012,0.6535493827160495,0.8179012345679012,0.7152777777777778,0.6741573033707865,0.8333333333333334,0.7453416149068324,0.6535493827160495,0.625,0.725,0.4027777777777778,0.5178571428571429,0.2009433962264149,66.40060997009277,0.1936557292938232,66.5942656993866,0train,LeaveOneGroupOut,cross_session,1,reegnet,BNCI2014_001,test_perturb,CrossSession,42,False,64.0,0.0001,0.001,,0.15,,,,,,MotorImagery,,,,,,,,32.0
eog,63.526315789473685,0.8179012345679012,0.5771604938271605,0.8179012345679012,0.7152777777777778,0.6741573033707865,0.8333333333333334,0.7453416149068324,0.5771604938271605,0.5763888888888888,0.6571428571428571,0.3194444444444444,0.4299065420560747,0.2943396226415093,66.40060997009277,0.2090780735015869,66.60968804359436,0train,LeaveOneGroupOut,cross_session,1,reegnet,BNCI2014_001,test_perturb,CrossSession,42,False,64.0,0.0001,0.001,,0.15,,,,,,MotorImagery,,,,,,,,32.0
eog,68.73684210526315,0.8179012345679012,0.601466049382716,0.8179012345679012,0.7152777777777778,0.6741573033707865,0.8333333333333334,0.7453416149068324,0.601466049382716,0.5972222222222222,0.7692307692307693,0.2777777777777778,0.4081632653061224,0.264622641509434,66.40060997009277,0.241765022277832,66.6423749923706,0train,LeaveOneGroupOut,cross_session,1,reegnet,BNCI2014_001,test_perturb,CrossSession,42,False,64.0,0.0001,0.001,,0.15,,,,,,MotorImagery,,,,,,,,32.0
eog,73.94736842105263,0.8179012345679012,0.5740740740740741,0.8179012345679012,0.7152777777777778,0.6741573033707865,0.8333333333333334,0.7453416149068324,0.5740740740740741,0.5416666666666666,0.6363636363636364,0.1944444444444444,0.2978723404255319,0.2981132075471698,66.40060997009277,0.1939408779144287,66.5945508480072,0train,LeaveOneGroupOut,cross_session,1,reegnet,BNCI2014_001,test_perturb,CrossSession,42,False,64.0,0.0001,0.001,,0.15,,,,,,MotorImagery,,,,,,,,32.0
eog,79.1578947368421,0.8179012345679012,0.5650077160493827,0.8179012345679012,0.7152777777777778,0.6741573033707865,0.8333333333333334,0.7453416149068324,0.5650077160493827,0.5347222222222222,0.631578947368421,0.1666666666666666,0.2637362637362637,0.3091981132075471,66.40060997009277,0.2147939205169677,66.61540389060974,0train,LeaveOneGroupOut,cross_session,1,reegnet,BNCI2014_001,test_perturb,CrossSession,42,False,64.0,0.0001,0.001,,0.15,,,,,,MotorImagery,,,,,,,,32.0
eog,84.36842105263158,0.8179012345679012,0.6408179012345679,0.8179012345679012,0.7152777777777778,0.6741573033707865,0.8333333333333334,0.7453416149068324,0.6408179012345679,0.5277777777777778,0.6428571428571429,0.125,0.2093023255813953,0.216509433962264,66.40060997009277,0.2035551071166992,66.60416507720947,0train,LeaveOneGroupOut,cross_session,1,reegnet,BNCI2014_001,test_perturb,CrossSession,42,False,64.0,0.0001,0.001,,0.15,,,,,,MotorImagery,,,,,,,,32.0
eog,89.57894736842105,0.8179012345679012,0.6257716049382717,0.8179012345679012,0.7152777777777778,0.6741573033707865,0.8333333333333334,0.7453416149068324,0.6257716049382717,0.5555555555555556,0.8333333333333334,0.1388888888888889,0.2380952380952381,0.2349056603773583,66.40060997009277,0.2467682361602783,66.64737820625305,0train,LeaveOneGroupOut,cross_session,1,reegnet,BNCI2014_001,test_perturb,CrossSession,42,False,64.0,0.0001,0.001,,0.15,,,,,,MotorImagery,,,,,,,,32.0
eog,94.78947368421052,0.8179012345679012,0.6576003086419753,0.8179012345679012,0.7152777777777778,0.6741573033707865,0.8333333333333334,0.7453416149068324,0.6576003086419753,0.5416666666666666,1.0,0.0833333333333333,0.1538461538461538,0.1959905660377358,66.40060997009277,0.2174596786499023,66.61806964874268,0train,LeaveOneGroupOut,cross_session,1,reegnet,BNCI2014_001,test_perturb,CrossSession,42,False,64.0,0.0001,0.001,,0.15,,,,,,MotorImagery,,,,,,,,32.0
eog,100.0,0.8179012345679012,0.6275077160493827,0.8179012345679012,0.7152777777777778,0.6741573033707865,0.8333333333333334,0.7453416149068324,0.6275077160493827,0.5,0.0,0.0,0.0,0.2327830188679245,66.40060997009277,0.1895902156829834,66.59020018577576,0train,LeaveOneGroupOut,cross_session,1,reegnet,BNCI2014_001,test_perturb,CrossSession,42,False,64.0,0.0001,0.001,,0.15,,,,,,MotorImagery,,,,,,,,32.0
gaussian,1.0,0.8179012345679012,0.818479938271605,0.8179012345679012,0.7152777777777778,0.6741573033707865,0.8333333333333334,0.7453416149068324,0.818479938271605,0.7083333333333334,0.6704545454545454,0.8194444444444444,0.7374999999999999,-0.0007075471698114,66.40060997009277,0.2290647029876709,66.62967467308044,0train,LeaveOneGroupOut,cross_session,1,reegnet,BNCI2014_001,test_perturb,CrossSession,42,False,64.0,0.0001,0.001,,0.15,,,,,,MotorImagery,,,,,,,,32.0
gaussian,4.894736842105264,0.8179012345679012,0.8134645061728395,0.8179012345679012,0.7152777777777778,0.6741573033707865,0.8333333333333334,0.7453416149068324,0.8134645061728395,0.7361111111111112,0.7023809523809523,0.8194444444444444,0.7564102564102564,0.0054245283018867,66.40060997009277,0.2034566402435302,66.6040666103363,0train,LeaveOneGroupOut,cross_session,1,reegnet,BNCI2014_001,test_perturb,CrossSession,42,False,64.0,0.0001,0.001,,0.15,,,,,,MotorImagery,,,,,,,,32.0
gaussian,8.789473684210527,0.8179012345679012,0.8119212962962963,0.8179012345679012,0.7152777777777778,0.6741573033707865,0.8333333333333334,0.7453416149068324,0.8119212962962963,0.6666666666666666,0.6935483870967742,0.5972222222222222,0.6417910447761195,0.0073113207547169,66.40060997009277,0.1982848644256591,66.59889483451843,0train,LeaveOneGroupOut,cross_session,1,reegnet,BNCI2014_001,test_perturb,CrossSession,42,False,64.0,0.0001,0.001,,0.15,,,,,,MotorImagery,,,,,,,,32.0
gaussian,12.68421052631579,0.8179012345679012,0.6959876543209876,0.8179012345679012,0.7152777777777778,0.6741573033707865,0.8333333333333334,0.7453416149068324,0.6959876543209876,0.5902777777777778,0.696969696969697,0.3194444444444444,0.4380952380952381,0.1490566037735849,66.40060997009277,0.3824632167816162,66.78307318687439,0train,LeaveOneGroupOut,cross_session,1,reegnet,BNCI2014_001,test_perturb,CrossSession,42,False,64.0,0.0001,0.001,,0.15,,,,,,MotorImagery,,,,,,,,32.0
gaussian,16.578947368421055,0.8179012345679012,0.6296296296296297,0.8179012345679012,0.7152777777777778,0.6741573033707865,0.8333333333333334,0.7453416149068324,0.6296296296296297,0.5555555555555556,0.8333333333333334,0.1388888888888889,0.2380952380952381,0.2301886792452829,66.40060997009277,0.2096483707427978,66.61025834083557,0train,LeaveOneGroupOut,cross_session,1,reegnet,BNCI2014_001,test_perturb,CrossSession,42,False,64.0,0.0001,0.001,,0.15,,,,,,MotorImagery,,,,,,,,32.0
gaussian,20.473684210526315,0.8179012345679012,0.6182484567901234,0.8179012345679012,0.7152777777777778,0.6741573033707865,0.8333333333333334,0.7453416149068324,0.6182484567901234,0.5208333333333334,0.6363636363636364,0.0972222222222222,0.1686746987951807,0.2441037735849056,66.40060997009277,0.1926636695861816,66.59327363967896,0train,LeaveOneGroupOut,cross_session,1,reegnet,BNCI2014_001,test_perturb,CrossSession,42,False,64.0,0.0001,0.001,,0.15,,,,,,MotorImagery,,,,,,,,32.0
gaussian,24.36842105263158,0.8179012345679012,0.6032021604938272,0.8179012345679012,0.7152777777777778,0.6741573033707865,0.8333333333333334,0.7453416149068324,0.6032021604938272,0.5138888888888888,0.6,0.0833333333333333,0.1463414634146341,0.2624999999999998,66.40060997009277,0.1889421939849853,66.58955216407776,0train,LeaveOneGroupOut,cross_session,1,reegnet,BNCI2014_001,test_perturb,CrossSession,42,False,64.0,0.0001,0.001,,0.15,,,,,,MotorImagery,,,,,,,,32.0
gaussian,28.26315789473684,0.8179012345679012,0.4998070987654321,0.8179012345679012,0.7152777777777778,0.6741573033707865,0.8333333333333334,0.7453416149068324,0.4998070987654321,0.4930555555555556,0.4285714285714285,0.0416666666666666,0.0759493670886076,0.3889150943396226,66.40060997009277,0.1936986446380615,66.59430861473083,0train,LeaveOneGroupOut,cross_session,1,reegnet,BNCI2014_001,test_perturb,CrossSession,42,False,64.0,0.0001,0.001,,0.15,,,,,,MotorImagery,,,,,,,,32.0
gaussian,32.15789473684211,0.8179012345679012,0.4783950617283951,0.8179012345679012,0.7152777777777778,0.6741573033707865,0.8333333333333334,0.7453416149068324,0.4783950617283951,0.5138888888888888,1.0,0.0277777777777777,0.054054054054054,0.4150943396226414,66.40060997009277,0.1933557987213134,66.59396576881409,0train,LeaveOneGroupOut,cross_session,1,reegnet,BNCI2014_001,test_perturb,CrossSession,42,False,64.0,0.0001,0.001,,0.15,,,,,,MotorImagery,,,,,,,,32.0
gaussian,36.05263157894737,0.8179012345679012,0.5264274691358024,0.8179012345679012,0.7152777777777778,0.6741573033707865,0.8333333333333334,0.7453416149068324,0.5264274691358024,0.5,0.0,0.0,0.0,0.3563679245283019,66.40060997009277,0.1958317756652832,66.59644174575806,0train,LeaveOneGroupOut,cross_session,1,reegnet,BNCI2014_001,test_perturb,CrossSession,42,False,64.0,0.0001,0.001,,0.15,,,,,,MotorImagery,,,,,,,,32.0
gaussian,39.94736842105263,0.8179012345679012,0.4076003086419753,0.8179012345679012,0.7152777777777778,0.6741573033707865,0.8333333333333334,0.7453416149068324,0.4076003086419753,0.5138888888888888,1.0,0.0277777777777777,0.054054054054054,0.5016509433962264,66.40060997009277,0.1970641613006591,66.59767413139343,0train,LeaveOneGroupOut,cross_session,1,reegnet,BNCI2014_001,test_perturb,CrossSession,42,False,64.0,0.0001,0.001,,0.15,,,,,,MotorImagery,,,,,,,,32.0
gaussian,43.8421052631579,0.8179012345679012,0.5445601851851851,0.8179012345679012,0.7152777777777778,0.6741573033707865,0.8333333333333334,0.7453416149068324,0.5445601851851851,0.5,0.0,0.0,0.0,0.3341981132075472,66.40060997009277,0.1956787109375,66.59628868103027,0train,LeaveOneGroupOut,cross_session,1,reegnet,BNCI2014_001,test_perturb,CrossSession,42,False,64.0,0.0001,0.001,,0.15,,,,,,MotorImagery,,,,,,,,32.0
gaussian,47.73684210526316,0.8179012345679012,0.5372299382716049,0.8179012345679012,0.7152777777777778,0.6741573033707865,0.8333333333333334,0.7453416149068324,0.5372299382716049,0.5,0.0,0.0,0.0,0.3431603773584905,66.40060997009277,0.1920998096466064,66.59270977973938,0train,LeaveOneGroupOut,cross_session,1,reegnet,BNCI2014_001,test_perturb,CrossSession,42,False,64.0,0.0001,0.001,,0.15,,,,,,MotorImagery,,,,,,,,32.0
gaussian,51.631578947368425,0.8179012345679012,0.5387731481481483,0.8179012345679012,0.7152777777777778,0.6741573033707865,0.8333333333333334,0.7453416149068324,0.5387731481481483,0.5,0.0,0.0,0.0,0.3412735849056602,66.40060997009277,0.1769948005676269,66.5776047706604,0train,LeaveOneGroupOut,cross_session,1,reegnet,BNCI2014_001,test_perturb,CrossSession,42,False,64.0,0.0001,0.001,,0.15,,,,,,MotorImagery,,,,,,,,32.0
gaussian,55.526315789473685,0.8179012345679012,0.5015432098765432,0.8179012345679012,0.7152777777777778,0.6741573033707865,0.8333333333333334,0.7453416149068324,0.5015432098765432,0.5,0.0,0.0,0.0,0.3867924528301886,66.40060997009277,0.1691651344299316,66.5697751045227,0train,LeaveOneGroupOut,cross_session,1,reegnet,BNCI2014_001,test_perturb,CrossSession,42,False,64.0,0.0001,0.001,,0.15,,,,,,MotorImagery,,,,,,,,32.0
gaussian,59.42105263157895,0.8179012345679012,0.5513117283950617,0.8179012345679012,0.7152777777777778,0.6741573033707865,0.8333333333333334,0.7453416149068324,0.5513117283950617,0.5,0.0,0.0,0.0,0.3259433962264151,66.40060997009277,0.1894330978393554,66.59004306793213,0train,LeaveOneGroupOut,cross_session,1,reegnet,BNCI2014_001,test_perturb,CrossSession,42,False,64.0,0.0001,0.001,,0.15,,,,,,MotorImagery,,,,,,,,32.0
gaussian,63.31578947368421,0.8179012345679012,0.4535108024691358,0.8179012345679012,0.7152777777777778,0.6741573033707865,0.8333333333333334,0.7453416149068324,0.4535108024691358,0.5,0.0,0.0,0.0,0.4455188679245282,66.40060997009277,0.1890718936920166,66.58968186378479,0train,LeaveOneGroupOut,cross_session,1,reegnet,BNCI2014_001,test_perturb,CrossSession,42,False,64.0,0.0001,0.001,,0.15,,,,,,MotorImagery,,,,,,,,32.0
gaussian,67.21052631578948,0.8179012345679012,0.4133873456790123,0.8179012345679012,0.7152777777777778,0.6741573033707865,0.8333333333333334,0.7453416149068324,0.4133873456790123,0.5,0.0,0.0,0.0,0.4945754716981131,66.40060997009277,0.1858167648315429,66.58642673492432,0train,LeaveOneGroupOut,cross_session,1,reegnet,BNCI2014_001,test_perturb,CrossSession,42,False,64.0,0.0001,0.001,,0.15,,,,,,MotorImagery,,,,,,,,32.0
gaussian,71.10526315789474,0.8179012345679012,0.5254629629629629,0.8179012345679012,0.7152777777777778,0.6741573033707865,0.8333333333333334,0.7453416149068324,0.5254629629629629,0.5,0.0,0.0,0.0,0.3575471698113208,66.40060997009277,0.1950619220733642,66.59567189216614,0train,LeaveOneGroupOut,cross_session,1,reegnet,BNCI2014_001,test_perturb,CrossSession,42,False,64.0,0.0001,0.001,,0.15,,,,,,MotorImagery,,,,,,,,32.0
gaussian,75.0,0.8179012345679012,0.5243055555555556,0.8179012345679012,0.7152777777777778,0.6741573033707865,0.8333333333333334,0.7453416149068324,0.5243055555555556,0.5,0.0,0.0,0.0,0.3589622641509433,66.40060997009277,0.1937453746795654,66.59435534477234,0train,LeaveOneGroupOut,cross_session,1,reegnet,BNCI2014_001,test_perturb,CrossSession,42,False,64.0,0.0001,0.001,,0.15,,,,,,MotorImagery,,,,,,,,32.0
dropout,1.0,0.8179012345679012,0.7220293209876543,0.8179012345679012,0.7152777777777778,0.6741573033707865,0.8333333333333334,0.7453416149068324,0.7220293209876543,0.6736111111111112,0.676056338028169,0.6666666666666666,0.6713286713286714,0.1172169811320755,66.40060997009277,0.1791028976440429,66.57971286773682,0train,LeaveOneGroupOut,cross_session,1,reegnet,BNCI2014_001,test_perturb,CrossSession,42,False,64.0,0.0001,0.001,,0.15,,,,,,MotorImagery,,,,,,,,32.0
dropout,4.894736842105264,0.8179012345679012,0.7220293209876543,0.8179012345679012,0.7152777777777778,0.6741573033707865,0.8333333333333334,0.7453416149068324,0.7220293209876543,0.6736111111111112,0.676056338028169,0.6666666666666666,0.6713286713286714,0.1172169811320755,66.40060997009277,0.1664412021636963,66.56705117225647,0train,LeaveOneGroupOut,cross_session,1,reegnet,BNCI2014_001,test_perturb,CrossSession,42,False,64.0,0.0001,0.001,,0.15,,,,,,MotorImagery,,,,,,,,32.0
dropout,8.789473684210527,0.8179012345679012,0.7220293209876543,0.8179012345679012,0.7152777777777778,0.6741573033707865,0.8333333333333334,0.7453416149068324,0.7220293209876543,0.6736111111111112,0.676056338028169,0.6666666666666666,0.6713286713286714,0.1172169811320755,66.40060997009277,0.1523029804229736,66.55291295051575,0train,LeaveOneGroupOut,cross_session,1,reegnet,BNCI2014_001,test_perturb,CrossSession,42,False,64.0,0.0001,0.001,,0.15,,,,,,MotorImagery,,,,,,,,32.0
dropout,12.68421052631579,0.8179012345679012,0.5628858024691357,0.8179012345679012,0.7152777777777778,0.6741573033707865,0.8333333333333334,0.7453416149068324,0.5628858024691357,0.5416666666666666,0.5441176470588235,0.5138888888888888,0.5285714285714286,0.3117924528301888,66.40060997009277,0.162360668182373,66.56297063827515,0train,LeaveOneGroupOut,cross_session,1,reegnet,BNCI2014_001,test_perturb,CrossSession,42,False,64.0,0.0001,0.001,,0.15,,,,,,MotorImagery,,,,,,,,32.0
dropout,16.578947368421055,0.8179012345679012,0.6259645061728396,0.8179012345679012,0.7152777777777778,0.6741573033707865,0.8333333333333334,0.7453416149068324,0.6259645061728396,0.5902777777777778,0.5970149253731343,0.5555555555555556,0.5755395683453237,0.2346698113207545,66.40060997009277,0.2103900909423828,66.61100006103516,0train,LeaveOneGroupOut,cross_session,1,reegnet,BNCI2014_001,test_perturb,CrossSession,42,False,64.0,0.0001,0.001,,0.15,,,,,,MotorImagery,,,,,,,,32.0
dropout,20.473684210526315,0.8179012345679012,0.4924768518518518,0.8179012345679012,0.7152777777777778,0.6741573033707865,0.8333333333333334,0.7453416149068324,0.4924768518518518,0.5,0.5,0.4166666666666667,0.4545454545454545,0.397877358490566,66.40060997009277,0.2052376270294189,66.60584759712219,0train,LeaveOneGroupOut,cross_session,1,reegnet,BNCI2014_001,test_perturb,CrossSession,42,False,64.0,0.0001,0.001,,0.15,,,,,,MotorImagery,,,,,,,,32.0
dropout,24.36842105263158,0.8179012345679012,0.640625,0.8179012345679012,0.7152777777777778,0.6741573033707865,0.8333333333333334,0.7453416149068324,0.640625,0.5902777777777778,0.6,0.5416666666666666,0.5693430656934306,0.2167452830188679,66.40060997009277,0.194530963897705,66.59514093399048,0train,LeaveOneGroupOut,cross_session,1,reegnet,BNCI2014_001,test_perturb,CrossSession,42,False,64.0,0.0001,0.001,,0.15,,,,,,MotorImagery,,,,,,,,32.0
dropout,28.26315789473684,0.8179012345679012,0.59375,0.8179012345679012,0.7152777777777778,0.6741573033707865,0.8333333333333334,0.7453416149068324,0.59375,0.5555555555555556,0.5625,0.5,0.5294117647058824,0.2740566037735849,66.40060997009277,0.2061412334442138,66.60675120353699,0train,LeaveOneGroupOut,cross_session,1,reegnet,BNCI2014_001,test_perturb,CrossSession,42,False,64.0,0.0001,0.001,,0.15,,,,,,MotorImagery,,,,,,,,32.0
dropout,32.15789473684211,0.8179012345679012,0.5920138888888888,0.8179012345679012,0.7152777777777778,0.6741573033707865,0.8333333333333334,0.7453416149068324,0.5920138888888888,0.5694444444444444,0.5657894736842105,0.5972222222222222,0.5810810810810811,0.2761792452830189,66.40060997009277,0.2176940441131591,66.61830401420593,0train,LeaveOneGroupOut,cross_session,1,reegnet,BNCI2014_001,test_perturb,CrossSession,42,False,64.0,0.0001,0.001,,0.15,,,,,,MotorImagery,,,,,,,,32.0
dropout,36.05263157894737,0.8179012345679012,0.5920138888888888,0.8179012345679012,0.7152777777777778,0.6741573033707865,0.8333333333333334,0.7453416149068324,0.5920138888888888,0.5694444444444444,0.5657894736842105,0.5972222222222222,0.5810810810810811,0.2761792452830189,66.40060997009277,0.2076327800750732,66.60824275016785,0train,LeaveOneGroupOut,cross_session,1,reegnet,BNCI2014_001,test_perturb,CrossSession,42,False,64.0,0.0001,0.001,,0.15,,,,,,MotorImagery,,,,,,,,32.0
dropout,39.94736842105263,0.8179012345679012,0.5439814814814815,0.8179012345679012,0.7152777777777778,0.6741573033707865,0.8333333333333334,0.7453416149068324,0.5439814814814815,0.5347222222222222,0.5362318840579711,0.5138888888888888,0.524822695035461,0.3349056603773584,66.40060997009277,0.2065730094909668,66.60718297958374,0train,LeaveOneGroupOut,cross_session,1,reegnet,BNCI2014_001,test_perturb,CrossSession,42,False,64.0,0.0001,0.001,,0.15,,,,,,MotorImagery,,,,,,,,32.0
dropout,43.8421052631579,0.8179012345679012,0.5706018518518519,0.8179012345679012,0.7152777777777778,0.6741573033707865,0.8333333333333334,0.7453416149068324,0.5706018518518519,0.5277777777777778,0.53125,0.4722222222222222,0.4999999999999999,0.3023584905660377,66.40060997009277,0.1951324939727783,66.59574246406555,0train,LeaveOneGroupOut,cross_session,1,reegnet,BNCI2014_001,test_perturb,CrossSession,42,False,64.0,0.0001,0.001,,0.15,,,,,,MotorImagery,,,,,,,,32.0
dropout,47.73684210526316,0.8179012345679012,0.4942129629629629,0.8179012345679012,0.7152777777777778,0.6741573033707865,0.8333333333333334,0.7453416149068324,0.4942129629629629,0.4791666666666667,0.4769230769230769,0.4305555555555556,0.4525547445255474,0.395754716981132,66.40060997009277,0.2023439407348632,66.60295391082764,0train,LeaveOneGroupOut,cross_session,1,reegnet,BNCI2014_001,test_perturb,CrossSession,42,False,64.0,0.0001,0.001,,0.15,,,,,,MotorImagery,,,,,,,,32.0
dropout,51.631578947368425,0.8179012345679012,0.5713734567901234,0.8179012345679012,0.7152777777777778,0.6741573033707865,0.8333333333333334,0.7453416149068324,0.5713734567901234,0.5763888888888888,0.5753424657534246,0.5833333333333334,0.5793103448275863,0.3014150943396226,66.40060997009277,0.2044456005096435,66.60505557060242,0train,LeaveOneGroupOut,cross_session,1,reegnet,BNCI2014_001,test_perturb,CrossSession,42,False,64.0,0.0001,0.001,,0.15,,,,,,MotorImagery,,,,,,,,32.0
dropout,55.526315789473685,0.8179012345679012,0.5385802469135803,0.8179012345679012,0.7152777777777778,0.6741573033707865,0.8333333333333334,0.7453416149068324,0.5385802469135803,0.5486111111111112,0.5466666666666666,0.5694444444444444,0.5578231292517006,0.3415094339622641,66.40060997009277,0.2163128852844238,66.6169228553772,0train,LeaveOneGroupOut,cross_session,1,reegnet,BNCI2014_001,test_perturb,CrossSession,42,False,64.0,0.0001,0.001,,0.15,,,,,,MotorImagery,,,,,,,,32.0
dropout,59.42105263157895,0.8179012345679012,0.4662422839506173,0.8179012345679012,0.7152777777777778,0.6741573033707865,0.8333333333333334,0.7453416149068324,0.4662422839506173,0.4513888888888889,0.4556962025316455,0.5,0.4768211920529801,0.4299528301886792,66.40060997009277,0.2095692157745361,66.61017918586731,0train,LeaveOneGroupOut,cross_session,1,reegnet,BNCI2014_001,test_perturb,CrossSession,42,False,64.0,0.0001,0.001,,0.15,,,,,,MotorImagery,,,,,,,,32.0
dropout,63.31578947368421,0.8179012345679012,0.4662422839506173,0.8179012345679012,0.7152777777777778,0.6741573033707865,0.8333333333333334,0.7453416149068324,0.4662422839506173,0.4513888888888889,0.4556962025316455,0.5,0.4768211920529801,0.4299528301886792,66.40060997009277,0.2097742557525634,66.61038422584534,0train,LeaveOneGroupOut,cross_session,1,reegnet,BNCI2014_001,test_perturb,CrossSession,42,False,64.0,0.0001,0.001,,0.15,,,,,,MotorImagery,,,,,,,,32.0
dropout,67.21052631578948,0.8179012345679012,0.587962962962963,0.8179012345679012,0.7152777777777778,0.6741573033707865,0.8333333333333334,0.7453416149068324,0.587962962962963,0.5833333333333334,0.5666666666666667,0.7083333333333334,0.6296296296296297,0.281132075471698,66.40060997009277,0.2093093395233154,66.60991930961609,0train,LeaveOneGroupOut,cross_session,1,reegnet,BNCI2014_001,test_perturb,CrossSession,42,False,64.0,0.0001,0.001,,0.15,,,,,,MotorImagery,,,,,,,,32.0
dropout,71.10526315789474,0.8179012345679012,0.5370370370370371,0.8179012345679012,0.7152777777777778,0.6741573033707865,0.8333333333333334,0.7453416149068324,0.5370370370370371,0.5069444444444444,0.5054945054945055,0.6388888888888888,0.5644171779141104,0.3433962264150942,66.40060997009277,0.2021188735961914,66.60272884368896,0train,LeaveOneGroupOut,cross_session,1,reegnet,BNCI2014_001,test_perturb,CrossSession,42,False,64.0,0.0001,0.001,,0.15,,,,,,MotorImagery,,,,,,,,32.0
dropout,75.0,0.8179012345679012,0.5214120370370371,0.8179012345679012,0.7152777777777778,0.6741573033707865,0.8333333333333334,0.7453416149068324,0.5214120370370371,0.4722222222222222,0.4795918367346938,0.6527777777777778,0.5529411764705882,0.3624999999999999,66.40060997009277,0.188647985458374,66.58925795555115,0train,LeaveOneGroupOut,cross_session,1,reegnet,BNCI2014_001,test_perturb,CrossSession,42,False,64.0,0.0001,0.001,,0.15,,,,,,MotorImagery,,,,,,,,32.0
eog,1.0,0.7563657407407407,0.7633101851851851,0.7563657407407407,0.6875,0.6363636363636364,0.875,0.7368421052631579,0.7633101851851851,0.6944444444444444,0.6428571428571429,0.875,0.7411764705882353,-0.0091813312930374,67.69491052627563,0.2024695873260498,67.89738011360168,1test,LeaveOneGroupOut,cross_session,1,reegnet,BNCI2014_001,test_perturb,CrossSession,42,False,64.0,0.0001,0.001,,0.15,,,,,,MotorImagery,,,,,,,,32.0
eog,6.2105263157894735,0.7563657407407407,0.722608024691358,0.7563657407407407,0.6875,0.6363636363636364,0.875,0.7368421052631579,0.722608024691358,0.6736111111111112,0.631578947368421,0.8333333333333334,0.718562874251497,0.0446314715633766,67.69491052627563,0.2134697437286377,67.90838027000427,1test,LeaveOneGroupOut,cross_session,1,reegnet,BNCI2014_001,test_perturb,CrossSession,42,False,64.0,0.0001,0.001,,0.15,,,,,,MotorImagery,,,,,,,,32.0
eog,11.421052631578949,0.7563657407407407,0.7123842592592592,0.7563657407407407,0.6875,0.6363636363636364,0.875,0.7368421052631579,0.7123842592592592,0.6875,0.6551724137931034,0.7916666666666666,0.7169811320754716,0.0581484315225708,67.69491052627563,0.2037696838378906,67.89868021011353,1test,LeaveOneGroupOut,cross_session,1,reegnet,BNCI2014_001,test_perturb,CrossSession,42,False,64.0,0.0001,0.001,,0.15,,,,,,MotorImagery,,,,,,,,32.0
eog,16.63157894736842,0.7563657407407407,0.6612654320987654,0.7563657407407407,0.6875,0.6363636363636364,0.875,0.7368421052631579,0.6612654320987654,0.6319444444444444,0.611764705882353,0.7222222222222222,0.6624203821656051,0.1257332313185411,67.69491052627563,0.2045099735260009,67.89942049980164,1test,LeaveOneGroupOut,cross_session,1,reegnet,BNCI2014_001,test_perturb,CrossSession,42,False,64.0,0.0001,0.001,,0.15,,,,,,MotorImagery,,,,,,,,32.0
eog,21.84210526315789,0.7563657407407407,0.6805555555555556,0.7563657407407407,0.6875,0.6363636363636364,0.875,0.7368421052631579,0.6805555555555556,0.6597222222222222,0.6533333333333333,0.6805555555555556,0.6666666666666667,0.1002295332823258,67.69491052627563,0.209540843963623,67.90445137023926,1test,LeaveOneGroupOut,cross_session,1,reegnet,BNCI2014_001,test_perturb,CrossSession,42,False,64.0,0.0001,0.001,,0.15,,,,,,MotorImagery,,,,,,,,32.0
eog,27.052631578947366,0.7563657407407407,0.6587577160493827,0.7563657407407407,0.6875,0.6363636363636364,0.875,0.7368421052631579,0.6587577160493827,0.6527777777777778,0.6617647058823529,0.625,0.6428571428571429,0.1290487120632491,67.69491052627563,0.2014319896697998,67.89634251594543,1test,LeaveOneGroupOut,cross_session,1,reegnet,BNCI2014_001,test_perturb,CrossSession,42,False,64.0,0.0001,0.001,,0.15,,,,,,MotorImagery,,,,,,,,32.0
eog,32.26315789473684,0.7563657407407407,0.7121913580246914,0.7563657407407407,0.6875,0.6363636363636364,0.875,0.7368421052631579,0.7121913580246914,0.6875,0.7076923076923077,0.6388888888888888,0.6715328467153284,0.0584034685029328,67.69491052627563,0.2005369663238525,67.89544749259949,1test,LeaveOneGroupOut,cross_session,1,reegnet,BNCI2014_001,test_perturb,CrossSession,42,False,64.0,0.0001,0.001,,0.15,,,,,,MotorImagery,,,,,,,,32.0
eog,37.47368421052632,0.7563657407407407,0.5954861111111112,0.7563657407407407,0.6875,0.6363636363636364,0.875,0.7368421052631579,0.5954861111111112,0.5902777777777778,0.6140350877192983,0.4861111111111111,0.5426356589147286,0.2127008416220351,67.69491052627563,0.1981863975524902,67.89309692382812,1test,LeaveOneGroupOut,cross_session,1,reegnet,BNCI2014_001,test_perturb,CrossSession,42,False,64.0,0.0001,0.001,,0.15,,,,,,MotorImagery,,,,,,,,32.0
eog,42.68421052631579,0.7563657407407407,0.5883487654320988,0.7563657407407407,0.6875,0.6363636363636364,0.875,0.7368421052631579,0.5883487654320988,0.5625,0.5789473684210527,0.4583333333333333,0.5116279069767442,0.2221372098954347,67.69491052627563,0.2069580554962158,67.90186858177185,1test,LeaveOneGroupOut,cross_session,1,reegnet,BNCI2014_001,test_perturb,CrossSession,42,False,64.0,0.0001,0.001,,0.15,,,,,,MotorImagery,,,,,,,,32.0
eog,47.89473684210526,0.7563657407407407,0.623263888888889,0.7563657407407407,0.6875,0.6363636363636364,0.875,0.7368421052631579,0.623263888888889,0.5902777777777778,0.6101694915254238,0.5,0.5496183206106869,0.1759755164498851,67.69491052627563,0.1914136409759521,67.88632416725159,1test,LeaveOneGroupOut,cross_session,1,reegnet,BNCI2014_001,test_perturb,CrossSession,42,False,64.0,0.0001,0.001,,0.15,,,,,,MotorImagery,,,,,,,,32.0
eog,53.10526315789473,0.7563657407407407,0.6417824074074074,0.7563657407407407,0.6875,0.6363636363636364,0.875,0.7368421052631579,0.6417824074074074,0.625,0.7045454545454546,0.4305555555555556,0.5344827586206896,0.1514919663351185,67.69491052627563,0.2133355140686035,67.90824604034424,1test,LeaveOneGroupOut,cross_session,1,reegnet,BNCI2014_001,test_perturb,CrossSession,42,False,64.0,0.0001,0.001,,0.15,,,,,,MotorImagery,,,,,,,,32.0
eog,58.315789473684205,0.7563657407407407,0.5785108024691358,0.7563657407407407,0.6875,0.6363636363636364,0.875,0.7368421052631579,0.5785108024691358,0.5555555555555556,0.6,0.3333333333333333,0.4285714285714285,0.2351440958939046,67.69491052627563,0.20786714553833,67.90277767181396,1test,LeaveOneGroupOut,cross_session,1,reegnet,BNCI2014_001,test_perturb,CrossSession,42,False,64.0,0.0001,0.001,,0.15,,,,,,MotorImagery,,,,,,,,32.0
eog,63.526315789473685,0.7563657407407407,0.6284722222222222,0.7563657407407407,0.6875,0.6363636363636364,0.875,0.7368421052631579,0.6284722222222222,0.5902777777777778,0.6666666666666666,0.3611111111111111,0.4684684684684685,0.169089517980107,67.69491052627563,0.2109618186950683,67.9058723449707,1test,LeaveOneGroupOut,cross_session,1,reegnet,BNCI2014_001,test_perturb,CrossSession,42,False,64.0,0.0001,0.001,,0.15,,,,,,MotorImagery,,,,,,,,32.0
eog,68.73684210526315,0.7563657407407407,0.6886574074074076,0.7563657407407407,0.6875,0.6363636363636364,0.875,0.7368421052631579,0.6886574074074076,0.5902777777777778,0.6857142857142857,0.3333333333333333,0.4485981308411215,0.0895179801071152,67.69491052627563,0.2063212394714355,67.90123176574707,1test,LeaveOneGroupOut,cross_session,1,reegnet,BNCI2014_001,test_perturb,CrossSession,42,False,64.0,0.0001,0.001,,0.15,,,,,,MotorImagery,,,,,,,,32.0
eog,73.94736842105263,0.7563657407407407,0.5947145061728395,0.7563657407407407,0.6875,0.6363636363636364,0.875,0.7368421052631579,0.5947145061728395,0.5694444444444444,0.7777777777777778,0.1944444444444444,0.3111111111111111,0.2137209895434837,67.69491052627563,0.2143738269805908,67.90928435325623,1test,LeaveOneGroupOut,cross_session,1,reegnet,BNCI2014_001,test_perturb,CrossSession,42,False,64.0,0.0001,0.001,,0.15,,,,,,MotorImagery,,,,,,,,32.0
eog,79.1578947368421,0.7563657407407407,0.5790895061728395,0.7563657407407407,0.6875,0.6363636363636364,0.875,0.7368421052631579,0.5790895061728395,0.5208333333333334,0.5714285714285714,0.1666666666666666,0.2580645161290322,0.2343789849528181,67.69491052627563,0.1911149024963379,67.88602542877197,1test,LeaveOneGroupOut,cross_session,1,reegnet,BNCI2014_001,test_perturb,CrossSession,42,False,64.0,0.0001,0.001,,0.15,,,,,,MotorImagery,,,,,,,,32.0
eog,84.36842105263158,0.7563657407407407,0.6759259259259259,0.7563657407407407,0.6875,0.6363636363636364,0.875,0.7368421052631579,0.6759259259259259,0.5833333333333334,0.8333333333333334,0.2083333333333333,0.3333333333333333,0.1063504208110175,67.69491052627563,0.1976079940795898,67.89251852035522,1test,LeaveOneGroupOut,cross_session,1,reegnet,BNCI2014_001,test_perturb,CrossSession,42,False,64.0,0.0001,0.001,,0.15,,,,,,MotorImagery,,,,,,,,32.0
eog,89.57894736842105,0.7563657407407407,0.6508487654320988,0.7563657407407407,0.6875,0.6363636363636364,0.875,0.7368421052631579,0.6508487654320988,0.4930555555555556,0.4444444444444444,0.0555555555555555,0.0987654320987654,0.1395052282580973,67.69491052627563,0.2020213603973388,67.89693188667297,1test,LeaveOneGroupOut,cross_session,1,reegnet,BNCI2014_001,test_perturb,CrossSession,42,False,64.0,0.0001,0.001,,0.15,,,,,,MotorImagery,,,,,,,,32.0
eog,94.78947368421052,0.7563657407407407,0.6618441358024691,0.7563657407407407,0.6875,0.6363636363636364,0.875,0.7368421052631579,0.6618441358024691,0.5138888888888888,0.6666666666666666,0.0555555555555555,0.1025641025641025,0.1249681203774546,67.69491052627563,0.2015955448150634,67.8965060710907,1test,LeaveOneGroupOut,cross_session,1,reegnet,BNCI2014_001,test_perturb,CrossSession,42,False,64.0,0.0001,0.001,,0.15,,,,,,MotorImagery,,,,,,,,32.0
eog,100.0,0.7563657407407407,0.7150848765432098,0.7563657407407407,0.6875,0.6363636363636364,0.875,0.7368421052631579,0.7150848765432098,0.5,0.0,0.0,0.0,0.0545779137975006,67.69491052627563,0.1914856433868408,67.88639616966248,1test,LeaveOneGroupOut,cross_session,1,reegnet,BNCI2014_001,test_perturb,CrossSession,42,False,64.0,0.0001,0.001,,0.15,,,,,,MotorImagery,,,,,,,,32.0
gaussian,1.0,0.7563657407407407,0.7569444444444444,0.7563657407407407,0.6875,0.6363636363636364,0.875,0.7368421052631579,0.7569444444444444,0.6875,0.6363636363636364,0.875,0.7368421052631579,-0.0007651109410864,67.69491052627563,0.19820237159729,67.89311289787292,1test,LeaveOneGroupOut,cross_session,1,reegnet,BNCI2014_001,test_perturb,CrossSession,42,False,64.0,0.0001,0.001,,0.15,,,,,,MotorImagery,,,,,,,,32.0
gaussian,4.894736842105264,0.7563657407407407,0.7700617283950617,0.7563657407407407,0.6875,0.6363636363636364,0.875,0.7368421052631579,0.7700617283950617,0.7013888888888888,0.6464646464646465,0.8888888888888888,0.7485380116959064,-0.0181076256057128,67.69491052627563,0.1924653053283691,67.887375831604,1test,LeaveOneGroupOut,cross_session,1,reegnet,BNCI2014_001,test_perturb,CrossSession,42,False,64.0,0.0001,0.001,,0.15,,,,,,MotorImagery,,,,,,,,32.0
gaussian,8.789473684210527,0.7563657407407407,0.7320601851851851,0.7563657407407407,0.6875,0.6363636363636364,0.875,0.7368421052631579,0.7320601851851851,0.6805555555555556,0.6585365853658537,0.75,0.7012987012987012,0.0321346595256312,67.69491052627563,0.2145860195159912,67.90949654579163,1test,LeaveOneGroupOut,cross_session,1,reegnet,BNCI2014_001,test_perturb,CrossSession,42,False,64.0,0.0001,0.001,,0.15,,,,,,MotorImagery,,,,,,,,32.0
gaussian,12.68421052631579,0.7563657407407407,0.6527777777777778,0.7563657407407407,0.6875,0.6363636363636364,0.875,0.7368421052631579,0.6527777777777778,0.5833333333333334,0.6111111111111112,0.4583333333333333,0.5238095238095238,0.1369548584544758,67.69491052627563,0.1993205547332763,67.89423108100891,1test,LeaveOneGroupOut,cross_session,1,reegnet,BNCI2014_001,test_perturb,CrossSession,42,False,64.0,0.0001,0.001,,0.15,,,,,,MotorImagery,,,,,,,,32.0
gaussian,16.578947368421055,0.7563657407407407,0.5410879629629629,0.7563657407407407,0.6875,0.6363636363636364,0.875,0.7368421052631579,0.5410879629629629,0.4722222222222222,0.4230769230769231,0.1527777777777778,0.2244897959183673,0.2846212700841622,67.69491052627563,0.2074325084686279,67.90234303474426,1test,LeaveOneGroupOut,cross_session,1,reegnet,BNCI2014_001,test_perturb,CrossSession,42,False,64.0,0.0001,0.001,,0.15,,,,,,MotorImagery,,,,,,,,32.0
gaussian,20.473684210526315,0.7563657407407407,0.5518904320987654,0.7563657407407407,0.6875,0.6363636363636364,0.875,0.7368421052631579,0.5518904320987654,0.5069444444444444,0.5333333333333333,0.1111111111111111,0.1839080459770115,0.2703391991838816,67.69491052627563,0.194023847579956,67.88893437385559,1test,LeaveOneGroupOut,cross_session,1,reegnet,BNCI2014_001,test_perturb,CrossSession,42,False,64.0,0.0001,0.001,,0.15,,,,,,MotorImagery,,,,,,,,32.0
gaussian,24.36842105263158,0.7563657407407407,0.5293209876543211,0.7563657407407407,0.6875,0.6363636363636364,0.875,0.7368421052631579,0.5293209876543211,0.5069444444444444,0.5333333333333333,0.1111111111111111,0.1839080459770115,0.3001785258862533,67.69491052627563,0.1937603950500488,67.88867092132568,1test,LeaveOneGroupOut,cross_session,1,reegnet,BNCI2014_001,test_perturb,CrossSession,42,False,64.0,0.0001,0.001,,0.15,,,,,,MotorImagery,,,,,,,,32.0
gaussian,28.26315789473684,0.7563657407407407,0.482445987654321,0.7563657407407407,0.6875,0.6363636363636364,0.875,0.7368421052631579,0.482445987654321,0.5,0.5,0.0972222222222222,0.1627906976744186,0.3621525121142565,67.69491052627563,0.2028536796569824,67.89776420593262,1test,LeaveOneGroupOut,cross_session,1,reegnet,BNCI2014_001,test_perturb,CrossSession,42,False,64.0,0.0001,0.001,,0.15,,,,,,MotorImagery,,,,,,,,32.0
gaussian,32.15789473684211,0.7563657407407407,0.5104166666666667,0.7563657407407407,0.6875,0.6363636363636364,0.875,0.7368421052631579,0.5104166666666667,0.4930555555555556,0.4285714285714285,0.0416666666666666,0.0759493670886076,0.3251721499617443,67.69491052627563,0.1990246772766113,67.89393520355225,1test,LeaveOneGroupOut,cross_session,1,reegnet,BNCI2014_001,test_perturb,CrossSession,42,False,64.0,0.0001,0.001,,0.15,,,,,,MotorImagery,,,,,,,,32.0
gaussian,36.05263157894737,0.7563657407407407,0.5023148148148149,0.7563657407407407,0.6875,0.6363636363636364,0.875,0.7368421052631579,0.5023148148148149,0.4930555555555556,0.0,0.0,0.0,0.3358837031369547,67.69491052627563,0.2051541805267334,67.90006470680237,1test,LeaveOneGroupOut,cross_session,1,reegnet,BNCI2014_001,test_perturb,CrossSession,42,False,64.0,0.0001,0.001,,0.15,,,,,,MotorImagery,,,,,,,,32.0
gaussian,39.94736842105263,0.7563657407407407,0.5281635802469136,0.7563657407407407,0.6875,0.6363636363636364,0.875,0.7368421052631579,0.5281635802469136,0.5069444444444444,0.6666666666666666,0.0277777777777777,0.0533333333333333,0.3017087477684264,67.69491052627563,0.2031090259552002,67.89801955223083,1test,LeaveOneGroupOut,cross_session,1,reegnet,BNCI2014_001,test_perturb,CrossSession,42,False,64.0,0.0001,0.001,,0.15,,,,,,MotorImagery,,,,,,,,32.0
gaussian,43.8421052631579,0.7563657407407407,0.5270061728395061,0.7563657407407407,0.6875,0.6363636363636364,0.875,0.7368421052631579,0.5270061728395061,0.5138888888888888,1.0,0.0277777777777777,0.054054054054054,0.3032389696505994,67.69491052627563,0.2015504837036132,67.89646100997925,1test,LeaveOneGroupOut,cross_session,1,reegnet,BNCI2014_001,test_perturb,CrossSession,42,False,64.0,0.0001,0.001,,0.15,,,,,,MotorImagery,,,,,,,,32.0
gaussian,47.73684210526316,0.7563657407407407,0.5690586419753086,0.7563657407407407,0.6875,0.6363636363636364,0.875,0.7368421052631579,0.5690586419753086,0.4930555555555556,0.0,0.0,0.0,0.24764090793165,67.69491052627563,0.2019164562225341,67.89682698249817,1test,LeaveOneGroupOut,cross_session,1,reegnet,BNCI2014_001,test_perturb,CrossSession,42,False,64.0,0.0001,0.001,,0.15,,,,,,MotorImagery,,,,,,,,32.0
gaussian,51.631578947368425,0.7563657407407407,0.5692515432098765,0.7563657407407407,0.6875,0.6363636363636364,0.875,0.7368421052631579,0.5692515432098765,0.4930555555555556,0.0,0.0,0.0,0.2473858709512879,67.69491052627563,0.1815276145935058,67.87643814086914,1test,LeaveOneGroupOut,cross_session,1,reegnet,BNCI2014_001,test_perturb,CrossSession,42,False,64.0,0.0001,0.001,,0.15,,,,,,MotorImagery,,,,,,,,32.0
gaussian,55.526315789473685,0.7563657407407407,0.4523533950617284,0.7563657407407407,0.6875,0.6363636363636364,0.875,0.7368421052631579,0.4523533950617284,0.5069444444444444,1.0,0.0138888888888888,0.0273972602739726,0.4019382810507523,67.69491052627563,0.1892755031585693,67.8841860294342,1test,LeaveOneGroupOut,cross_session,1,reegnet,BNCI2014_001,test_perturb,CrossSession,42,False,64.0,0.0001,0.001,,0.15,,,,,,MotorImagery,,,,,,,,32.0
gaussian,59.42105263157895,0.7563657407407407,0.5144675925925927,0.7563657407407407,0.6875,0.6363636363636364,0.875,0.7368421052631579,0.5144675925925927,0.5,0.0,0.0,0.0,0.3198163733741391,67.69491052627563,0.1882476806640625,67.8831582069397,1test,LeaveOneGroupOut,cross_session,1,reegnet,BNCI2014_001,test_perturb,CrossSession,42,False,64.0,0.0001,0.001,,0.15,,,,,,MotorImagery,,,,,,,,32.0
gaussian,63.31578947368421,0.7563657407407407,0.4591049382716049,0.7563657407407407,0.6875,0.6363636363636364,0.875,0.7368421052631579,0.4591049382716049,0.5,0.0,0.0,0.0,0.393011986738077,67.69491052627563,0.1993656158447265,67.89427614212036,1test,LeaveOneGroupOut,cross_session,1,reegnet,BNCI2014_001,test_perturb,CrossSession,42,False,64.0,0.0001,0.001,,0.15,,,,,,MotorImagery,,,,,,,,32.0
gaussian,67.21052631578948,0.7563657407407407,0.5310570987654321,0.7563657407407407,0.6875,0.6363636363636364,0.875,0.7368421052631579,0.5310570987654321,0.5,0.0,0.0,0.0,0.2978831930629941,67.69491052627563,0.2002062797546386,67.89511680603027,1test,LeaveOneGroupOut,cross_session,1,reegnet,BNCI2014_001,test_perturb,CrossSession,42,False,64.0,0.0001,0.001,,0.15,,,,,,MotorImagery,,,,,,,,32.0
gaussian,71.10526315789474,0.7563657407407407,0.4683641975308642,0.7563657407407407,0.6875,0.6363636363636364,0.875,0.7368421052631579,0.4683641975308642,0.5,0.0,0.0,0.0,0.3807702116806936,67.69491052627563,0.1939074993133545,67.88881802558899,1test,LeaveOneGroupOut,cross_session,1,reegnet,BNCI2014_001,test_perturb,CrossSession,42,False,64.0,0.0001,0.001,,0.15,,,,,,MotorImagery,,,,,,,,32.0
gaussian,75.0,0.7563657407407407,0.4639274691358025,0.7563657407407407,0.6875,0.6363636363636364,0.875,0.7368421052631579,0.4639274691358025,0.5,0.0,0.0,0.0,0.3866360622290231,67.69491052627563,0.2026381492614746,67.89754867553711,1test,LeaveOneGroupOut,cross_session,1,reegnet,BNCI2014_001,test_perturb,CrossSession,42,False,64.0,0.0001,0.001,,0.15,,,,,,MotorImagery,,,,,,,,32.0
dropout,1.0,0.7563657407407407,0.6988811728395062,0.7563657407407407,0.6875,0.6363636363636364,0.875,0.7368421052631579,0.6988811728395062,0.6458333333333334,0.6296296296296297,0.7083333333333334,0.6666666666666667,0.0760010201479213,67.69491052627563,0.1934149265289306,67.88832545280457,1test,LeaveOneGroupOut,cross_session,1,reegnet,BNCI2014_001,test_perturb,CrossSession,42,False,64.0,0.0001,0.001,,0.15,,,,,,MotorImagery,,,,,,,,32.0
dropout,4.894736842105264,0.7563657407407407,0.6988811728395062,0.7563657407407407,0.6875,0.6363636363636364,0.875,0.7368421052631579,0.6988811728395062,0.6458333333333334,0.6296296296296297,0.7083333333333334,0.6666666666666667,0.0760010201479213,67.69491052627563,0.1921684741973877,67.88707900047302,1test,LeaveOneGroupOut,cross_session,1,reegnet,BNCI2014_001,test_perturb,CrossSession,42,False,64.0,0.0001,0.001,,0.15,,,,,,MotorImagery,,,,,,,,32.0
dropout,8.789473684210527,0.7563657407407407,0.6988811728395062,0.7563657407407407,0.6875,0.6363636363636364,0.875,0.7368421052631579,0.6988811728395062,0.6458333333333334,0.6296296296296297,0.7083333333333334,0.6666666666666667,0.0760010201479213,67.69491052627563,0.2066342830657959,67.90154480934143,1test,LeaveOneGroupOut,cross_session,1,reegnet,BNCI2014_001,test_perturb,CrossSession,42,False,64.0,0.0001,0.001,,0.15,,,,,,MotorImagery,,,,,,,,32.0
dropout,12.68421052631579,0.7563657407407407,0.6363811728395062,0.7563657407407407,0.6875,0.6363636363636364,0.875,0.7368421052631579,0.6363811728395062,0.5972222222222222,0.5853658536585366,0.6666666666666666,0.6233766233766234,0.1586330017852587,67.69491052627563,0.210325002670288,67.90523552894592,1test,LeaveOneGroupOut,cross_session,1,reegnet,BNCI2014_001,test_perturb,CrossSession,42,False,64.0,0.0001,0.001,,0.15,,,,,,MotorImagery,,,,,,,,32.0
dropout,16.578947368421055,0.7563657407407407,0.6178626543209877,0.7563657407407407,0.6875,0.6363636363636364,0.875,0.7368421052631579,0.6178626543209877,0.6388888888888888,0.6388888888888888,0.6388888888888888,0.6388888888888888,0.1831165519000253,67.69491052627563,0.1969306468963623,67.891841173172,1test,LeaveOneGroupOut,cross_session,1,reegnet,BNCI2014_001,test_perturb,CrossSession,42,False,64.0,0.0001,0.001,,0.15,,,,,,MotorImagery,,,,,,,,32.0
dropout,20.473684210526315,0.7563657407407407,0.5486111111111112,0.7563657407407407,0.6875,0.6363636363636364,0.875,0.7368421052631579,0.5486111111111112,0.5416666666666666,0.5428571428571428,0.5277777777777778,0.5352112676056338,0.2746748278500381,67.69491052627563,0.2037100791931152,67.89862060546875,1test,LeaveOneGroupOut,cross_session,1,reegnet,BNCI2014_001,test_perturb,CrossSession,42,False,64.0,0.0001,0.001,,0.15,,,,,,MotorImagery,,,,,,,,32.0
dropout,24.36842105263158,0.7563657407407407,0.5736882716049383,0.7563657407407407,0.6875,0.6363636363636364,0.875,0.7368421052631579,0.5736882716049383,0.5694444444444444,0.5714285714285714,0.5555555555555556,0.5633802816901409,0.2415200204029583,67.69491052627563,0.1989603042602539,67.89387083053589,1test,LeaveOneGroupOut,cross_session,1,reegnet,BNCI2014_001,test_perturb,CrossSession,42,False,64.0,0.0001,0.001,,0.15,,,,,,MotorImagery,,,,,,,,32.0
dropout,28.26315789473684,0.7563657407407407,0.5283564814814814,0.7563657407407407,0.6875,0.6363636363636364,0.875,0.7368421052631579,0.5283564814814814,0.5625,0.5652173913043478,0.5416666666666666,0.5531914893617021,0.3014537107880643,67.69491052627563,0.191274881362915,67.88618540763855,1test,LeaveOneGroupOut,cross_session,1,reegnet,BNCI2014_001,test_perturb,CrossSession,42,False,64.0,0.0001,0.001,,0.15,,,,,,MotorImagery,,,,,,,,32.0
dropout,32.15789473684211,0.7563657407407407,0.583912037037037,0.7563657407407407,0.6875,0.6363636363636364,0.875,0.7368421052631579,0.583912037037037,0.5625,0.5584415584415584,0.5972222222222222,0.5771812080536912,0.2280030604437644,67.69491052627563,0.2126708030700683,67.9075813293457,1test,LeaveOneGroupOut,cross_session,1,reegnet,BNCI2014_001,test_perturb,CrossSession,42,False,64.0,0.0001,0.001,,0.15,,,,,,MotorImagery,,,,,,,,32.0
dropout,36.05263157894737,0.7563657407407407,0.583912037037037,0.7563657407407407,0.6875,0.6363636363636364,0.875,0.7368421052631579,0.583912037037037,0.5625,0.5584415584415584,0.5972222222222222,0.5771812080536912,0.2280030604437644,67.69491052627563,0.2001376152038574,67.89504814147949,1test,LeaveOneGroupOut,cross_session,1,reegnet,BNCI2014_001,test_perturb,CrossSession,42,False,64.0,0.0001,0.001,,0.15,,,,,,MotorImagery,,,,,,,,32.0
dropout,39.94736842105263,0.7563657407407407,0.5962577160493826,0.7563657407407407,0.6875,0.6363636363636364,0.875,0.7368421052631579,0.5962577160493826,0.5833333333333334,0.5882352941176471,0.5555555555555556,0.5714285714285715,0.2116806937005867,67.69491052627563,0.191098928451538,67.88600945472717,1test,LeaveOneGroupOut,cross_session,1,reegnet,BNCI2014_001,test_perturb,CrossSession,42,False,64.0,0.0001,0.001,,0.15,,,,,,MotorImagery,,,,,,,,32.0
dropout,43.8421052631579,0.7563657407407407,0.572337962962963,0.7563657407407407,0.6875,0.6363636363636364,0.875,0.7368421052631579,0.572337962962963,0.5833333333333334,0.5857142857142857,0.5694444444444444,0.5774647887323944,0.2433052792654934,67.69491052627563,0.1922342777252197,67.88714480400085,1test,LeaveOneGroupOut,cross_session,1,reegnet,BNCI2014_001,test_perturb,CrossSession,42,False,64.0,0.0001,0.001,,0.15,,,,,,MotorImagery,,,,,,,,32.0
dropout,47.73684210526316,0.7563657407407407,0.5287422839506173,0.7563657407407407,0.6875,0.6363636363636364,0.875,0.7368421052631579,0.5287422839506173,0.5138888888888888,0.5138888888888888,0.5138888888888888,0.5138888888888888,0.3009436368273399,67.69491052627563,0.1927278041839599,67.8876383304596,1test,LeaveOneGroupOut,cross_session,1,reegnet,BNCI2014_001,test_perturb,CrossSession,42,False,64.0,0.0001,0.001,,0.15,,,,,,MotorImagery,,,,,,,,32.0
dropout,51.631578947368425,0.7563657407407407,0.5401234567901234,0.7563657407407407,0.6875,0.6363636363636364,0.875,0.7368421052631579,0.5401234567901234,0.5069444444444444,0.5074626865671642,0.4722222222222222,0.4892086330935251,0.285896454985973,67.69491052627563,0.2010378837585449,67.89594841003418,1test,LeaveOneGroupOut,cross_session,1,reegnet,BNCI2014_001,test_perturb,CrossSession,42,False,64.0,0.0001,0.001,,0.15,,,,,,MotorImagery,,,,,,,,32.0
dropout,55.526315789473685,0.7563657407407407,0.5339506172839507,0.7563657407407407,0.6875,0.6363636363636364,0.875,0.7368421052631579,0.5339506172839507,0.5416666666666666,0.5416666666666666,0.5416666666666666,0.5416666666666666,0.2940576383575617,67.69491052627563,0.2136814594268798,67.90859198570251,1test,LeaveOneGroupOut,cross_session,1,reegnet,BNCI2014_001,test_perturb,CrossSession,42,False,64.0,0.0001,0.001,,0.15,,,,,,MotorImagery,,,,,,,,32.0
dropout,59.42105263157895,0.7563657407407407,0.5574845679012346,0.7563657407407407,0.6875,0.6363636363636364,0.875,0.7368421052631579,0.5574845679012346,0.5347222222222222,0.5342465753424658,0.5416666666666666,0.5379310344827586,0.2629431267533792,67.69491052627563,0.2017624378204345,67.89667296409607,1test,LeaveOneGroupOut,cross_session,1,reegnet,BNCI2014_001,test_perturb,CrossSession,42,False,64.0,0.0001,0.001,,0.15,,,,,,MotorImagery,,,,,,,,32.0
dropout,63.31578947368421,0.7563657407407407,0.5574845679012346,0.7563657407407407,0.6875,0.6363636363636364,0.875,0.7368421052631579,0.5574845679012346,0.5347222222222222,0.5342465753424658,0.5416666666666666,0.5379310344827586,0.2629431267533792,67.69491052627563,0.2048258781433105,67.89973640441895,1test,LeaveOneGroupOut,cross_session,1,reegnet,BNCI2014_001,test_perturb,CrossSession,42,False,64.0,0.0001,0.001,,0.15,,,,,,MotorImagery,,,,,,,,32.0
dropout,67.21052631578948,0.7563657407407407,0.5804398148148148,0.7563657407407407,0.6875,0.6363636363636364,0.875,0.7368421052631579,0.5804398148148148,0.5625,0.5555555555555556,0.625,0.5882352941176471,0.2325937260902831,67.69491052627563,0.2045342922210693,67.8994448184967,1test,LeaveOneGroupOut,cross_session,1,reegnet,BNCI2014_001,test_perturb,CrossSession,42,False,64.0,0.0001,0.001,,0.15,,,,,,MotorImagery,,,,,,,,32.0
dropout,71.10526315789474,0.7563657407407407,0.5044367283950617,0.7563657407407407,0.6875,0.6363636363636364,0.875,0.7368421052631579,0.5044367283950617,0.5277777777777778,0.5256410256410257,0.5694444444444444,0.5466666666666666,0.3330782963529711,67.69491052627563,0.2167704105377197,67.91168093681335,1test,LeaveOneGroupOut,cross_session,1,reegnet,BNCI2014_001,test_perturb,CrossSession,42,False,64.0,0.0001,0.001,,0.15,,,,,,MotorImagery,,,,,,,,32.0
dropout,75.0,0.7563657407407407,0.5144675925925927,0.7563657407407407,0.6875,0.6363636363636364,0.875,0.7368421052631579,0.5144675925925927,0.5138888888888888,0.5108695652173914,0.6527777777777778,0.5731707317073171,0.3198163733741391,67.69491052627563,0.1976399421691894,67.89255046844482,1test,LeaveOneGroupOut,cross_session,1,reegnet,BNCI2014_001,test_perturb,CrossSession,42,False,64.0,0.0001,0.001,,0.15,,,,,,MotorImagery,,,,,,,,32.0
